post_id,split,text,tokens,label,target_groups,rationale_mask,rationale_tokens,annotator_id,n_tokens,n_rationale_tokens,has_rationale,majority_label,majority_rationale_mask,majority_rationale_tokens
1179085312976445440_twitter,val,this bitch in whataburger eating a burger with no top bun and holding it palm up i hate white bitches,"[""this"", ""bitch"", ""in"", ""whataburger"", ""eating"", ""a"", ""burger"", ""with"", ""no"", ""top"", ""bun"", ""and"", ""holding"", ""it"", ""palm"", ""up"", ""i"", ""hate"", ""white"", ""bitches""]",hatespeech,Caucasian,"[0, 1, 0, 0, 0, 0, 0, 0, 0, 0, 0, 0, 0, 0, 0, 0, 1, 1, 1, 0]","[""bitch"", ""i"", ""hate"", ""white""]",4,20,4,True,hatespeech,"[0, 1, 0, 0, 0, 0, 0, 0, 0, 0, 0, 0, 0, 0, 0, 0, 1, 1, 1, 1]","[""bitch"", ""i"", ""hate"", ""white"", ""bitches""]"
1179085312976445440_twitter,val,this bitch in whataburger eating a burger with no top bun and holding it palm up i hate white bitches,"[""this"", ""bitch"", ""in"", ""whataburger"", ""eating"", ""a"", ""burger"", ""with"", ""no"", ""top"", ""bun"", ""and"", ""holding"", ""it"", ""palm"", ""up"", ""i"", ""hate"", ""white"", ""bitches""]",hatespeech,Caucasian,"[0, 0, 0, 0, 0, 0, 0, 0, 0, 0, 0, 0, 0, 0, 0, 0, 1, 1, 1, 1]","[""i"", ""hate"", ""white"", ""bitches""]",2,20,4,True,hatespeech,"[0, 1, 0, 0, 0, 0, 0, 0, 0, 0, 0, 0, 0, 0, 0, 0, 1, 1, 1, 1]","[""bitch"", ""i"", ""hate"", ""white"", ""bitches""]"
1179085312976445440_twitter,val,this bitch in whataburger eating a burger with no top bun and holding it palm up i hate white bitches,"[""this"", ""bitch"", ""in"", ""whataburger"", ""eating"", ""a"", ""burger"", ""with"", ""no"", ""top"", ""bun"", ""and"", ""holding"", ""it"", ""palm"", ""up"", ""i"", ""hate"", ""white"", ""bitches""]",offensive,Caucasian,"[0, 1, 0, 0, 0, 0, 0, 0, 0, 0, 0, 0, 0, 0, 0, 0, 1, 1, 1, 1]","[""bitch"", ""i"", ""hate"", ""white"", ""bitches""]",3,20,5,True,hatespeech,"[0, 1, 0, 0, 0, 0, 0, 0, 0, 0, 0, 0, 0, 0, 0, 0, 1, 1, 1, 1]","[""bitch"", ""i"", ""hate"", ""white"", ""bitches""]"
14104384_gab,train,why does anyone care what the albino nigger has to say,"[""why"", ""does"", ""anyone"", ""care"", ""what"", ""the"", ""albino"", ""nigger"", ""has"", ""to"", ""say""]",hatespeech,Caucasian,"[0, 0, 0, 0, 0, 0, 1, 1, 0, 0, 0]","[""albino"", ""nigger""]",4,11,2,True,hatespeech,"[0, 0, 0, 0, 0, 0, 1, 1, 0, 0, 0]","[""albino"", ""nigger""]"
14104384_gab,train,why does anyone care what the albino nigger has to say,"[""why"", ""does"", ""anyone"", ""care"", ""what"", ""the"", ""albino"", ""nigger"", ""has"", ""to"", ""say""]",offensive,Caucasian,"[0, 0, 0, 0, 0, 0, 1, 1, 0, 0, 0]","[""albino"", ""nigger""]",13,11,2,True,hatespeech,"[0, 0, 0, 0, 0, 0, 1, 1, 0, 0, 0]","[""albino"", ""nigger""]"
6645386_gab,val,mudshark and black diversity,"[""mudshark"", ""and"", ""black"", ""diversity""]",offensive,Caucasian,"[1, 0, 0, 0]","[""mudshark""]",6,4,1,True,offensive,"[1, 0, 0, 0]","[""mudshark""]"
1178571782313463810_twitter,train,<user> bernardo is just a white honky,"[""<user>"", ""bernardo"", ""is"", ""just"", ""a"", ""white"", ""honky""]",hatespeech,Caucasian,"[0, 0, 0, 0, 0, 1, 1]","[""white"", ""honky""]",21,7,2,True,hatespeech,"[0, 0, 0, 0, 0, 1, 1]","[""white"", ""honky""]"
1178571782313463810_twitter,train,<user> bernardo is just a white honky,"[""<user>"", ""bernardo"", ""is"", ""just"", ""a"", ""white"", ""honky""]",hatespeech,Caucasian,"[0, 0, 0, 0, 0, 1, 1]","[""white"", ""honky""]",4,7,2,True,hatespeech,"[0, 0, 0, 0, 0, 1, 1]","[""white"", ""honky""]"
1178501413346906113_twitter,test,also in this same vibe any wigger who calls white missionaries who save the lives of non white children in africa india ect a race traitor is an actual h0m0,"[""also"", ""in"", ""this"", ""same"", ""vibe"", ""any"", ""wigger"", ""who"", ""calls"", ""white"", ""missionaries"", ""who"", ""save"", ""the"", ""lives"", ""of"", ""non"", ""white"", ""children"", ""in"", ""africa"", ""india"", ""ect"", ""a"", ""race"", ""traitor"", ""is"", ""an"", ""actual"", ""h0m0""]",offensive,Caucasian,"[0, 0, 0, 0, 0, 0, 1, 0, 0, 0, 0, 0, 0, 0, 0, 0, 0, 0, 0, 0, 0, 0, 0, 0, 0, 0, 0, 0, 0, 1]","[""wigger"", ""h0m0""]",4,30,2,True,offensive,"[0, 0, 0, 0, 0, 0, 1, 0, 0, 0, 0, 0, 0, 0, 0, 0, 0, 0, 0, 0, 0, 0, 0, 0, 0, 0, 0, 0, 0, 1]","[""wigger"", ""h0m0""]"
1178501413346906113_twitter,test,also in this same vibe any wigger who calls white missionaries who save the lives of non white children in africa india ect a race traitor is an actual h0m0,"[""also"", ""in"", ""this"", ""same"", ""vibe"", ""any"", ""wigger"", ""who"", ""calls"", ""white"", ""missionaries"", ""who"", ""save"", ""the"", ""lives"", ""of"", ""non"", ""white"", ""children"", ""in"", ""africa"", ""india"", ""ect"", ""a"", ""race"", ""traitor"", ""is"", ""an"", ""actual"", ""h0m0""]",offensive,Caucasian,"[0, 0, 0, 0, 0, 0, 1, 0, 0, 0, 0, 0, 0, 0, 0, 0, 0, 0, 0, 0, 0, 0, 0, 0, 0, 0, 0, 0, 0, 1]","[""wigger"", ""h0m0""]",17,30,2,True,offensive,"[0, 0, 0, 0, 0, 0, 1, 0, 0, 0, 0, 0, 0, 0, 0, 0, 0, 0, 0, 0, 0, 0, 0, 0, 0, 0, 0, 0, 0, 1]","[""wigger"", ""h0m0""]"
1178163327928807426_twitter,train,<user> nice burner account nobody names their kid edwina unless they are georgia trailer trash,"[""<user>"", ""nice"", ""burner"", ""account"", ""nobody"", ""names"", ""their"", ""kid"", ""edwina"", ""unless"", ""they"", ""are"", ""georgia"", ""trailer"", ""trash""]",offensive,Caucasian,"[0, 0, 0, 0, 0, 0, 0, 0, 0, 0, 0, 0, 0, 1, 1]","[""trailer"", ""trash""]",51,15,2,True,offensive,"[0, 0, 0, 0, 0, 0, 0, 0, 0, 0, 0, 0, 0, 1, 1]","[""trailer"", ""trash""]"
1178163327928807426_twitter,train,<user> nice burner account nobody names their kid edwina unless they are georgia trailer trash,"[""<user>"", ""nice"", ""burner"", ""account"", ""nobody"", ""names"", ""their"", ""kid"", ""edwina"", ""unless"", ""they"", ""are"", ""georgia"", ""trailer"", ""trash""]",offensive,Caucasian,"[0, 0, 0, 0, 0, 0, 0, 0, 0, 0, 0, 0, 1, 1, 1]","[""georgia"", ""trailer"", ""trash""]",52,15,3,True,offensive,"[0, 0, 0, 0, 0, 0, 0, 0, 0, 0, 0, 0, 0, 1, 1]","[""trailer"", ""trash""]"
1178163327928807426_twitter,train,<user> nice burner account nobody names their kid edwina unless they are georgia trailer trash,"[""<user>"", ""nice"", ""burner"", ""account"", ""nobody"", ""names"", ""their"", ""kid"", ""edwina"", ""unless"", ""they"", ""are"", ""georgia"", ""trailer"", ""trash""]",offensive,Caucasian,"[0, 0, 0, 0, 0, 0, 0, 0, 0, 0, 0, 0, 0, 1, 1]","[""trailer"", ""trash""]",4,15,2,True,offensive,"[0, 0, 0, 0, 0, 0, 0, 0, 0, 0, 0, 0, 0, 1, 1]","[""trailer"", ""trash""]"
1179000518242422784_twitter,train,un*merce <censored> is just another white bitch trying to look as black as possible,"[""un*merce"", ""<censored>"", ""is"", ""just"", ""another"", ""white"", ""bitch"", ""trying"", ""to"", ""look"", ""as"", ""black"", ""as"", ""possible""]",offensive,Caucasian,"[0, 0, 0, 0, 0, 1, 1, 0, 0, 0, 0, 0, 0, 0]","[""white"", ""bitch""]",4,14,2,True,offensive,"[0, 0, 0, 0, 0, 1, 1, 0, 0, 0, 0, 0, 0, 0]","[""white"", ""bitch""]"
1178777366195298304_twitter,train,like brazil many are descendants of west africa social constructs labels classifications have ruined a many people who falsely self identify as white or just do not even know abt their native land all b c of them bum ass caucazoids aka caucasians,"[""like"", ""brazil"", ""many"", ""are"", ""descendants"", ""of"", ""west"", ""africa"", ""social"", ""constructs"", ""labels"", ""classifications"", ""have"", ""ruined"", ""a"", ""many"", ""people"", ""who"", ""falsely"", ""self"", ""identify"", ""as"", ""white"", ""or"", ""just"", ""do"", ""not"", ""even"", ""know"", ""abt"", ""their"", ""native"", ""land"", ""all"", ""b"", ""c"", ""of"", ""them"", ""bum"", ""ass"", ""caucazoids"", ""aka"", ""caucasians""]",offensive,Caucasian,"[0, 0, 0, 0, 0, 0, 0, 0, 0, 0, 0, 0, 0, 0, 0, 0, 0, 0, 0, 0, 0, 0, 0, 0, 0, 0, 0, 0, 0, 0, 0, 0, 0, 0, 0, 0, 0, 0, 0, 0, 0, 0, 1]","[""caucasians""]",4,43,1,True,offensive,"[0, 0, 0, 0, 0, 0, 0, 0, 0, 0, 0, 0, 0, 0, 0, 0, 0, 0, 0, 0, 0, 0, 0, 0, 0, 0, 0, 0, 0, 0, 0, 0, 0, 0, 0, 0, 0, 0, 0, 0, 1, 0, 1]","[""caucazoids"", ""caucasians""]"
1178777366195298304_twitter,train,like brazil many are descendants of west africa social constructs labels classifications have ruined a many people who falsely self identify as white or just do not even know abt their native land all b c of them bum ass caucazoids aka caucasians,"[""like"", ""brazil"", ""many"", ""are"", ""descendants"", ""of"", ""west"", ""africa"", ""social"", ""constructs"", ""labels"", ""classifications"", ""have"", ""ruined"", ""a"", ""many"", ""people"", ""who"", ""falsely"", ""self"", ""identify"", ""as"", ""white"", ""or"", ""just"", ""do"", ""not"", ""even"", ""know"", ""abt"", ""their"", ""native"", ""land"", ""all"", ""b"", ""c"", ""of"", ""them"", ""bum"", ""ass"", ""caucazoids"", ""aka"", ""caucasians""]",offensive,Caucasian,"[0, 0, 0, 0, 0, 0, 0, 0, 0, 0, 0, 0, 0, 0, 0, 0, 0, 0, 0, 0, 0, 0, 0, 0, 0, 0, 0, 0, 0, 0, 0, 0, 0, 0, 0, 0, 0, 0, 0, 0, 1, 0, 0]","[""caucazoids""]",52,43,1,True,offensive,"[0, 0, 0, 0, 0, 0, 0, 0, 0, 0, 0, 0, 0, 0, 0, 0, 0, 0, 0, 0, 0, 0, 0, 0, 0, 0, 0, 0, 0, 0, 0, 0, 0, 0, 0, 0, 0, 0, 0, 0, 1, 0, 1]","[""caucazoids"", ""caucasians""]"
1178777366195298304_twitter,train,like brazil many are descendants of west africa social constructs labels classifications have ruined a many people who falsely self identify as white or just do not even know abt their native land all b c of them bum ass caucazoids aka caucasians,"[""like"", ""brazil"", ""many"", ""are"", ""descendants"", ""of"", ""west"", ""africa"", ""social"", ""constructs"", ""labels"", ""classifications"", ""have"", ""ruined"", ""a"", ""many"", ""people"", ""who"", ""falsely"", ""self"", ""identify"", ""as"", ""white"", ""or"", ""just"", ""do"", ""not"", ""even"", ""know"", ""abt"", ""their"", ""native"", ""land"", ""all"", ""b"", ""c"", ""of"", ""them"", ""bum"", ""ass"", ""caucazoids"", ""aka"", ""caucasians""]",offensive,Caucasian,"[0, 0, 0, 0, 0, 0, 0, 0, 0, 0, 0, 0, 0, 0, 0, 0, 0, 0, 0, 0, 0, 0, 0, 0, 0, 0, 0, 0, 0, 0, 0, 0, 0, 0, 0, 0, 0, 0, 1, 1, 1, 1, 1]","[""bum"", ""ass"", ""caucazoids"", ""aka"", ""caucasians""]",1,43,5,True,offensive,"[0, 0, 0, 0, 0, 0, 0, 0, 0, 0, 0, 0, 0, 0, 0, 0, 0, 0, 0, 0, 0, 0, 0, 0, 0, 0, 0, 0, 0, 0, 0, 0, 0, 0, 0, 0, 0, 0, 0, 0, 1, 0, 1]","[""caucazoids"", ""caucasians""]"
1178842469858824192_twitter,train,that redneck stuff damn hillbilly ppl,"[""that"", ""redneck"", ""stuff"", ""damn"", ""hillbilly"", ""ppl""]",offensive,Caucasian,"[0, 1, 0, 0, 1, 0]","[""redneck"", ""hillbilly""]",4,6,2,True,hatespeech,"[0, 1, 0, 0, 1, 0]","[""redneck"", ""hillbilly""]"
1178842469858824192_twitter,train,that redneck stuff damn hillbilly ppl,"[""that"", ""redneck"", ""stuff"", ""damn"", ""hillbilly"", ""ppl""]",hatespeech,Caucasian,"[0, 1, 0, 0, 1, 0]","[""redneck"", ""hillbilly""]",70,6,2,True,hatespeech,"[0, 1, 0, 0, 1, 0]","[""redneck"", ""hillbilly""]"
21969771_gab,test,he a jew when it convenient for him and a fellow white person when thats more convenient just like literally every other kike,"[""he"", ""a"", ""jew"", ""when"", ""it"", ""convenient"", ""for"", ""him"", ""and"", ""a"", ""fellow"", ""white"", ""person"", ""when"", ""thats"", ""more"", ""convenient"", ""just"", ""like"", ""literally"", ""every"", ""other"", ""kike""]",offensive,Caucasian,"[0, 0, 1, 0, 0, 0, 0, 0, 0, 0, 0, 0, 0, 0, 0, 0, 0, 0, 0, 0, 0, 0, 1]","[""jew"", ""kike""]",75,23,2,True,hatespeech,"[0, 0, 1, 0, 0, 0, 0, 0, 0, 0, 0, 0, 0, 0, 0, 0, 0, 0, 0, 0, 0, 0, 1]","[""jew"", ""kike""]"
10716221_gab,train,the way he sees it is that whites are evil he is at war with whites sall good he rich now nigger rich,"[""the"", ""way"", ""he"", ""sees"", ""it"", ""is"", ""that"", ""whites"", ""are"", ""evil"", ""he"", ""is"", ""at"", ""war"", ""with"", ""whites"", ""sall"", ""good"", ""he"", ""rich"", ""now"", ""nigger"", ""rich""]",offensive,Caucasian,"[0, 0, 0, 0, 0, 0, 0, 1, 1, 1, 0, 0, 0, 0, 0, 0, 0, 0, 0, 0, 0, 1, 1]","[""whites"", ""are"", ""evil"", ""nigger"", ""rich""]",77,23,5,True,hatespeech,"[0, 0, 0, 0, 0, 0, 0, 0, 0, 0, 0, 0, 0, 0, 0, 0, 0, 0, 0, 0, 0, 1, 0]","[""nigger""]"
1178935230297600001_twitter,train,i will never forget how one of my coworkers looked me dead in my face and asked me do you wash your hair just because my hair is in braids does not mean i do not wash it you small dick white bitch,"[""i"", ""will"", ""never"", ""forget"", ""how"", ""one"", ""of"", ""my"", ""coworkers"", ""looked"", ""me"", ""dead"", ""in"", ""my"", ""face"", ""and"", ""asked"", ""me"", ""do"", ""you"", ""wash"", ""your"", ""hair"", ""just"", ""because"", ""my"", ""hair"", ""is"", ""in"", ""braids"", ""does"", ""not"", ""mean"", ""i"", ""do"", ""not"", ""wash"", ""it"", ""you"", ""small"", ""dick"", ""white"", ""bitch""]",offensive,Caucasian,"[0, 0, 0, 0, 0, 0, 0, 0, 0, 0, 0, 0, 0, 0, 0, 0, 0, 0, 0, 0, 0, 0, 0, 0, 0, 0, 0, 0, 0, 0, 0, 0, 0, 0, 0, 0, 0, 0, 0, 1, 1, 1, 1]","[""small"", ""dick"", ""white"", ""bitch""]",52,43,4,True,offensive,"[0, 0, 0, 0, 0, 0, 0, 0, 0, 0, 0, 0, 0, 0, 0, 0, 0, 0, 0, 0, 0, 0, 0, 0, 0, 0, 0, 0, 0, 0, 0, 0, 0, 0, 0, 0, 0, 0, 0, 1, 1, 1, 1]","[""small"", ""dick"", ""white"", ""bitch""]"
1178508306882744321_twitter,train,i fucking hate saturday because i work <number> hr emotionally draining shifts helping annoying ass white ppl i hate sundays because my brain melts listening to football coverage being blasted at full volume from <time> to <time>,"[""i"", ""fucking"", ""hate"", ""saturday"", ""because"", ""i"", ""work"", ""<number>"", ""hr"", ""emotionally"", ""draining"", ""shifts"", ""helping"", ""annoying"", ""ass"", ""white"", ""ppl"", ""i"", ""hate"", ""sundays"", ""because"", ""my"", ""brain"", ""melts"", ""listening"", ""to"", ""football"", ""coverage"", ""being"", ""blasted"", ""at"", ""full"", ""volume"", ""from"", ""<time>"", ""to"", ""<time>""]",offensive,Caucasian,"[0, 0, 0, 0, 0, 0, 0, 0, 0, 0, 0, 0, 0, 1, 1, 1, 1, 0, 0, 0, 0, 0, 0, 0, 0, 0, 0, 0, 0, 0, 0, 0, 0, 0, 0, 0, 0]","[""annoying"", ""ass"", ""white"", ""ppl""]",4,37,4,True,offensive,"[0, 0, 0, 0, 0, 0, 0, 0, 0, 0, 0, 0, 0, 1, 1, 1, 1, 0, 0, 0, 0, 0, 0, 0, 0, 0, 0, 0, 0, 0, 0, 0, 0, 0, 0, 0, 0]","[""annoying"", ""ass"", ""white"", ""ppl""]"
1178387062795505664_twitter,train,<user> to hell with your man white devil,"[""<user>"", ""to"", ""hell"", ""with"", ""your"", ""man"", ""white"", ""devil""]",hatespeech,Caucasian,"[0, 0, 0, 0, 0, 0, 1, 1]","[""white"", ""devil""]",64,8,2,True,hatespeech,"[0, 0, 0, 0, 0, 0, 1, 1]","[""white"", ""devil""]"
1178387062795505664_twitter,train,<user> to hell with your man white devil,"[""<user>"", ""to"", ""hell"", ""with"", ""your"", ""man"", ""white"", ""devil""]",hatespeech,Caucasian,"[0, 0, 0, 0, 0, 0, 1, 1]","[""white"", ""devil""]",4,8,2,True,hatespeech,"[0, 0, 0, 0, 0, 0, 1, 1]","[""white"", ""devil""]"
1179005517806686208_twitter,train,i literally told them to walk their ass around the court like why tf you trying to walk in the middle of the court just to leave the gym then the white bitch had the nerves to keep looking at me like she had a problem,"[""i"", ""literally"", ""told"", ""them"", ""to"", ""walk"", ""their"", ""ass"", ""around"", ""the"", ""court"", ""like"", ""why"", ""tf"", ""you"", ""trying"", ""to"", ""walk"", ""in"", ""the"", ""middle"", ""of"", ""the"", ""court"", ""just"", ""to"", ""leave"", ""the"", ""gym"", ""then"", ""the"", ""white"", ""bitch"", ""had"", ""the"", ""nerves"", ""to"", ""keep"", ""looking"", ""at"", ""me"", ""like"", ""she"", ""had"", ""a"", ""problem""]",offensive,Caucasian,"[0, 0, 0, 0, 0, 0, 0, 0, 0, 0, 0, 0, 0, 0, 0, 0, 0, 0, 0, 0, 0, 0, 0, 0, 0, 0, 0, 0, 0, 0, 0, 1, 1, 0, 0, 0, 0, 0, 0, 0, 0, 0, 0, 0, 0, 0]","[""white"", ""bitch""]",4,46,2,True,offensive,"[0, 0, 0, 0, 0, 0, 0, 0, 0, 0, 0, 0, 0, 0, 0, 0, 0, 0, 0, 0, 0, 0, 0, 0, 0, 0, 0, 0, 0, 0, 0, 1, 1, 0, 0, 0, 0, 0, 0, 0, 0, 0, 0, 0, 0, 0]","[""white"", ""bitch""]"
1178873290221338629_twitter,train,<user> i love it when poor racist white trash elect a president that does nothing but work against them anyoneelse 2020,"[""<user>"", ""i"", ""love"", ""it"", ""when"", ""poor"", ""racist"", ""white"", ""trash"", ""elect"", ""a"", ""president"", ""that"", ""does"", ""nothing"", ""but"", ""work"", ""against"", ""them"", ""anyoneelse"", ""2020""]",offensive,Caucasian,"[0, 0, 0, 0, 0, 0, 0, 1, 1, 0, 0, 0, 0, 0, 0, 0, 0, 0, 0, 0, 0]","[""white"", ""trash""]",4,21,2,True,offensive,"[0, 0, 0, 0, 0, 0, 0, 1, 1, 0, 0, 0, 0, 0, 0, 0, 0, 0, 0, 0, 0]","[""white"", ""trash""]"
1178873290221338629_twitter,train,<user> i love it when poor racist white trash elect a president that does nothing but work against them anyoneelse 2020,"[""<user>"", ""i"", ""love"", ""it"", ""when"", ""poor"", ""racist"", ""white"", ""trash"", ""elect"", ""a"", ""president"", ""that"", ""does"", ""nothing"", ""but"", ""work"", ""against"", ""them"", ""anyoneelse"", ""2020""]",offensive,Caucasian,"[0, 0, 0, 0, 0, 0, 0, 1, 1, 0, 0, 0, 0, 0, 0, 0, 0, 0, 0, 0, 0]","[""white"", ""trash""]",46,21,2,True,offensive,"[0, 0, 0, 0, 0, 0, 0, 1, 1, 0, 0, 0, 0, 0, 0, 0, 0, 0, 0, 0, 0]","[""white"", ""trash""]"
1179074152449368069_twitter,train,rick ripping that guys throat out to save carl from getting raped by that old hillbilly top <number> savage twd moments,"[""rick"", ""ripping"", ""that"", ""guys"", ""throat"", ""out"", ""to"", ""save"", ""carl"", ""from"", ""getting"", ""raped"", ""by"", ""that"", ""old"", ""hillbilly"", ""top"", ""<number>"", ""savage"", ""twd"", ""moments""]",offensive,Caucasian,"[0, 0, 0, 0, 0, 0, 0, 0, 0, 0, 0, 0, 0, 0, 0, 1, 0, 0, 0, 0, 0]","[""hillbilly""]",58,21,1,True,offensive,"[0, 0, 0, 0, 0, 0, 0, 0, 0, 0, 0, 0, 0, 0, 0, 1, 0, 0, 0, 0, 0]","[""hillbilly""]"
1179074152449368069_twitter,train,rick ripping that guys throat out to save carl from getting raped by that old hillbilly top <number> savage twd moments,"[""rick"", ""ripping"", ""that"", ""guys"", ""throat"", ""out"", ""to"", ""save"", ""carl"", ""from"", ""getting"", ""raped"", ""by"", ""that"", ""old"", ""hillbilly"", ""top"", ""<number>"", ""savage"", ""twd"", ""moments""]",offensive,Caucasian,"[0, 0, 0, 0, 0, 0, 0, 0, 0, 0, 0, 0, 0, 0, 0, 1, 0, 0, 0, 0, 0]","[""hillbilly""]",4,21,1,True,offensive,"[0, 0, 0, 0, 0, 0, 0, 0, 0, 0, 0, 0, 0, 0, 0, 1, 0, 0, 0, 0, 0]","[""hillbilly""]"
1179100546374012929_twitter,train,hulk hogan hoes they be feeling think a pack of mittens put em give them white bitch til she would gladly consider your,"[""hulk"", ""hogan"", ""hoes"", ""they"", ""be"", ""feeling"", ""think"", ""a"", ""pack"", ""of"", ""mittens"", ""put"", ""em"", ""give"", ""them"", ""white"", ""bitch"", ""til"", ""she"", ""would"", ""gladly"", ""consider"", ""your""]",offensive,Caucasian,"[0, 0, 0, 0, 0, 0, 0, 0, 0, 0, 0, 0, 0, 0, 0, 1, 1, 0, 0, 0, 0, 0, 0]","[""white"", ""bitch""]",54,23,2,True,offensive,"[0, 0, 0, 0, 0, 0, 0, 0, 0, 0, 0, 0, 0, 0, 0, 1, 1, 0, 0, 0, 0, 0, 0]","[""white"", ""bitch""]"
17315138_gab,test,get the honky cat,"[""get"", ""the"", ""honky"", ""cat""]",offensive,Caucasian,"[0, 0, 1, 0]","[""honky""]",39,4,1,True,offensive,"[0, 0, 1, 0]","[""honky""]"
17315138_gab,test,get the honky cat,"[""get"", ""the"", ""honky"", ""cat""]",hatespeech,Caucasian,"[0, 0, 1, 0]","[""honky""]",54,4,1,True,offensive,"[0, 0, 1, 0]","[""honky""]"
17315138_gab,test,get the honky cat,"[""get"", ""the"", ""honky"", ""cat""]",offensive,Caucasian,"[0, 0, 1, 0]","[""honky""]",4,4,1,True,offensive,"[0, 0, 1, 0]","[""honky""]"
1179024094609776645_twitter,train,fuck them white kids,"[""fuck"", ""them"", ""white"", ""kids""]",hatespeech,Caucasian,"[0, 0, 1, 1]","[""white"", ""kids""]",4,4,2,True,hatespeech,"[0, 0, 1, 1]","[""white"", ""kids""]"
19089112_gab,val,no because the nigger word should only be used by blax when whites use it they should be killed,"[""no"", ""because"", ""the"", ""nigger"", ""word"", ""should"", ""only"", ""be"", ""used"", ""by"", ""blax"", ""when"", ""whites"", ""use"", ""it"", ""they"", ""should"", ""be"", ""killed""]",hatespeech,Caucasian,"[0, 0, 0, 0, 0, 0, 0, 0, 0, 0, 0, 0, 1, 1, 1, 1, 1, 1, 1]","[""whites"", ""use"", ""it"", ""they"", ""should"", ""be"", ""killed""]",4,19,7,True,hatespeech,"[0, 0, 0, 0, 0, 0, 0, 0, 0, 0, 0, 0, 0, 0, 0, 0, 0, 0, 0]",[]
24015059_gab,train,that a fair point junkies are self medicating i offer support during your rehabilitation mudsharks are nigger by injection and get the bullet,"[""that"", ""a"", ""fair"", ""point"", ""junkies"", ""are"", ""self"", ""medicating"", ""i"", ""offer"", ""support"", ""during"", ""your"", ""rehabilitation"", ""mudsharks"", ""are"", ""nigger"", ""by"", ""injection"", ""and"", ""get"", ""the"", ""bullet""]",offensive,Caucasian,"[0, 0, 0, 0, 0, 0, 0, 0, 0, 0, 0, 0, 0, 0, 1, 0, 0, 0, 0, 0, 0, 0, 0]","[""mudsharks""]",41,23,1,True,hatespeech,"[0, 0, 0, 0, 0, 0, 0, 0, 0, 0, 0, 0, 0, 0, 1, 0, 1, 0, 0, 0, 0, 0, 0]","[""mudsharks"", ""nigger""]"
1179081620541841408_twitter,test,<user> the white delegation has waived that white devil woman,"[""<user>"", ""the"", ""white"", ""delegation"", ""has"", ""waived"", ""that"", ""white"", ""devil"", ""woman""]",hatespeech,Caucasian,"[0, 0, 0, 0, 0, 0, 0, 1, 1, 1]","[""white"", ""devil"", ""woman""]",4,10,3,True,offensive,"[0, 0, 0, 0, 0, 0, 0, 1, 1, 1]","[""white"", ""devil"", ""woman""]"
1179081620541841408_twitter,test,<user> the white delegation has waived that white devil woman,"[""<user>"", ""the"", ""white"", ""delegation"", ""has"", ""waived"", ""that"", ""white"", ""devil"", ""woman""]",offensive,Caucasian,"[0, 0, 0, 0, 0, 0, 0, 1, 1, 1]","[""white"", ""devil"", ""woman""]",99,10,3,True,offensive,"[0, 0, 0, 0, 0, 0, 0, 1, 1, 1]","[""white"", ""devil"", ""woman""]"
1179050537679036416_twitter,train,that white bitch from clueless is fine,"[""that"", ""white"", ""bitch"", ""from"", ""clueless"", ""is"", ""fine""]",offensive,Caucasian,"[0, 1, 1, 0, 0, 0, 0]","[""white"", ""bitch""]",3,7,2,True,offensive,"[0, 1, 1, 0, 0, 0, 0]","[""white"", ""bitch""]"
1178905976600170496_twitter,train,man ain t shit scary about the hood i lived in it all my life but you all do not know scary till you dealing with them white folk they be on some sick different shit lmao,"[""man"", ""ain"", ""t"", ""shit"", ""scary"", ""about"", ""the"", ""hood"", ""i"", ""lived"", ""in"", ""it"", ""all"", ""my"", ""life"", ""but"", ""you"", ""all"", ""do"", ""not"", ""know"", ""scary"", ""till"", ""you"", ""dealing"", ""with"", ""them"", ""white"", ""folk"", ""they"", ""be"", ""on"", ""some"", ""sick"", ""different"", ""shit"", ""lmao""]",offensive,Caucasian,"[0, 0, 0, 0, 0, 0, 0, 0, 0, 0, 0, 0, 0, 0, 0, 0, 0, 0, 0, 0, 0, 0, 0, 0, 1, 1, 1, 1, 1, 0, 0, 0, 0, 0, 0, 0, 0]","[""dealing"", ""with"", ""them"", ""white"", ""folk""]",105,37,5,True,offensive,"[0, 0, 0, 0, 0, 0, 0, 0, 0, 0, 0, 0, 0, 0, 0, 0, 0, 0, 0, 0, 0, 0, 0, 0, 1, 1, 1, 1, 1, 0, 0, 0, 0, 0, 0, 0, 0]","[""dealing"", ""with"", ""them"", ""white"", ""folk""]"
1178905976600170496_twitter,train,man ain t shit scary about the hood i lived in it all my life but you all do not know scary till you dealing with them white folk they be on some sick different shit lmao,"[""man"", ""ain"", ""t"", ""shit"", ""scary"", ""about"", ""the"", ""hood"", ""i"", ""lived"", ""in"", ""it"", ""all"", ""my"", ""life"", ""but"", ""you"", ""all"", ""do"", ""not"", ""know"", ""scary"", ""till"", ""you"", ""dealing"", ""with"", ""them"", ""white"", ""folk"", ""they"", ""be"", ""on"", ""some"", ""sick"", ""different"", ""shit"", ""lmao""]",offensive,Caucasian,"[0, 0, 0, 0, 0, 0, 0, 0, 0, 0, 0, 0, 0, 0, 0, 0, 0, 0, 0, 0, 0, 0, 0, 0, 0, 0, 0, 0, 0, 0, 0, 0, 1, 1, 1, 1, 0]","[""some"", ""sick"", ""different"", ""shit""]",64,37,4,True,offensive,"[0, 0, 0, 0, 0, 0, 0, 0, 0, 0, 0, 0, 0, 0, 0, 0, 0, 0, 0, 0, 0, 0, 0, 0, 1, 1, 1, 1, 1, 0, 0, 0, 0, 0, 0, 0, 0]","[""dealing"", ""with"", ""them"", ""white"", ""folk""]"
1178905976600170496_twitter,train,man ain t shit scary about the hood i lived in it all my life but you all do not know scary till you dealing with them white folk they be on some sick different shit lmao,"[""man"", ""ain"", ""t"", ""shit"", ""scary"", ""about"", ""the"", ""hood"", ""i"", ""lived"", ""in"", ""it"", ""all"", ""my"", ""life"", ""but"", ""you"", ""all"", ""do"", ""not"", ""know"", ""scary"", ""till"", ""you"", ""dealing"", ""with"", ""them"", ""white"", ""folk"", ""they"", ""be"", ""on"", ""some"", ""sick"", ""different"", ""shit"", ""lmao""]",offensive,Caucasian,"[0, 0, 0, 0, 0, 0, 0, 0, 0, 0, 0, 0, 0, 0, 0, 0, 0, 0, 0, 0, 0, 0, 0, 0, 1, 1, 1, 1, 1, 0, 0, 0, 0, 0, 0, 0, 0]","[""dealing"", ""with"", ""them"", ""white"", ""folk""]",4,37,5,True,offensive,"[0, 0, 0, 0, 0, 0, 0, 0, 0, 0, 0, 0, 0, 0, 0, 0, 0, 0, 0, 0, 0, 0, 0, 0, 1, 1, 1, 1, 1, 0, 0, 0, 0, 0, 0, 0, 0]","[""dealing"", ""with"", ""them"", ""white"", ""folk""]"
1179035441854443520_twitter,train,white devils like it i am drinking coffee brought to me by white devils sidekicks,"[""white"", ""devils"", ""like"", ""it"", ""i"", ""am"", ""drinking"", ""coffee"", ""brought"", ""to"", ""me"", ""by"", ""white"", ""devils"", ""sidekicks""]",hatespeech,Caucasian,"[1, 1, 0, 0, 0, 0, 0, 0, 0, 0, 0, 0, 1, 1, 0]","[""white"", ""devils"", ""white"", ""devils""]",4,15,4,True,hatespeech,"[1, 1, 0, 0, 0, 0, 0, 0, 0, 0, 0, 0, 0, 0, 0]","[""white"", ""devils""]"
1178723245211734016_twitter,test,<user> according to police the suspect sean bell was also in violation of driving with six suspensions yep just another day on white trash collapsing long island,"[""<user>"", ""according"", ""to"", ""police"", ""the"", ""suspect"", ""sean"", ""bell"", ""was"", ""also"", ""in"", ""violation"", ""of"", ""driving"", ""with"", ""six"", ""suspensions"", ""yep"", ""just"", ""another"", ""day"", ""on"", ""white"", ""trash"", ""collapsing"", ""long"", ""island""]",hatespeech,Caucasian,"[0, 0, 0, 0, 0, 0, 0, 0, 0, 0, 0, 0, 0, 0, 0, 0, 0, 0, 0, 0, 0, 0, 1, 1, 0, 0, 0]","[""white"", ""trash""]",14,27,2,True,hatespeech,"[0, 0, 0, 0, 0, 0, 0, 0, 0, 0, 0, 0, 0, 0, 0, 0, 0, 0, 0, 0, 0, 0, 1, 1, 0, 0, 0]","[""white"", ""trash""]"
1178723245211734016_twitter,test,<user> according to police the suspect sean bell was also in violation of driving with six suspensions yep just another day on white trash collapsing long island,"[""<user>"", ""according"", ""to"", ""police"", ""the"", ""suspect"", ""sean"", ""bell"", ""was"", ""also"", ""in"", ""violation"", ""of"", ""driving"", ""with"", ""six"", ""suspensions"", ""yep"", ""just"", ""another"", ""day"", ""on"", ""white"", ""trash"", ""collapsing"", ""long"", ""island""]",hatespeech,Caucasian,"[0, 0, 0, 0, 0, 0, 0, 0, 0, 0, 0, 0, 0, 0, 0, 0, 0, 0, 0, 0, 0, 0, 1, 1, 0, 0, 0]","[""white"", ""trash""]",4,27,2,True,hatespeech,"[0, 0, 0, 0, 0, 0, 0, 0, 0, 0, 0, 0, 0, 0, 0, 0, 0, 0, 0, 0, 0, 0, 1, 1, 0, 0, 0]","[""white"", ""trash""]"
1178723245211734016_twitter,test,<user> according to police the suspect sean bell was also in violation of driving with six suspensions yep just another day on white trash collapsing long island,"[""<user>"", ""according"", ""to"", ""police"", ""the"", ""suspect"", ""sean"", ""bell"", ""was"", ""also"", ""in"", ""violation"", ""of"", ""driving"", ""with"", ""six"", ""suspensions"", ""yep"", ""just"", ""another"", ""day"", ""on"", ""white"", ""trash"", ""collapsing"", ""long"", ""island""]",offensive,Caucasian,"[0, 0, 0, 0, 0, 0, 0, 0, 0, 0, 0, 0, 0, 0, 0, 0, 0, 0, 0, 0, 0, 0, 1, 1, 0, 0, 0]","[""white"", ""trash""]",83,27,2,True,hatespeech,"[0, 0, 0, 0, 0, 0, 0, 0, 0, 0, 0, 0, 0, 0, 0, 0, 0, 0, 0, 0, 0, 0, 1, 1, 0, 0, 0]","[""white"", ""trash""]"
1122212018931609600_twitter,train,keep lettin them white chewbacca feminist hoes buck yall up,"[""keep"", ""lettin"", ""them"", ""white"", ""chewbacca"", ""feminist"", ""hoes"", ""buck"", ""yall"", ""up""]",hatespeech,Caucasian,"[0, 0, 0, 1, 1, 1, 1, 0, 0, 0]","[""white"", ""chewbacca"", ""feminist"", ""hoes""]",4,10,4,True,offensive,"[0, 0, 0, 1, 1, 1, 1, 0, 0, 0]","[""white"", ""chewbacca"", ""feminist"", ""hoes""]"
11578894_gab,test,a profile of a mudshark,"[""a"", ""profile"", ""of"", ""a"", ""mudshark""]",hatespeech,Caucasian,"[0, 0, 0, 0, 1]","[""mudshark""]",4,5,1,True,hatespeech,"[0, 0, 0, 0, 1]","[""mudshark""]"
13313651_gab,train,i guess the nigger have been to busy to kill off this mudshark,"[""i"", ""guess"", ""the"", ""nigger"", ""have"", ""been"", ""to"", ""busy"", ""to"", ""kill"", ""off"", ""this"", ""mudshark""]",hatespeech,Caucasian,"[0, 0, 0, 1, 0, 0, 0, 0, 0, 0, 0, 0, 1]","[""nigger"", ""mudshark""]",4,13,2,True,hatespeech,"[0, 0, 0, 1, 0, 0, 0, 0, 0, 0, 0, 0, 1]","[""nigger"", ""mudshark""]"
12047569_gab,train,well we finally know what race the shooter was in plano tx nigger spencer hight who shoots mudshark wife after she files for divorce nog shoots <number> people dead at a cowboys watch party last sunday b4 is shot to death by officer mudshark,"[""well"", ""we"", ""finally"", ""know"", ""what"", ""race"", ""the"", ""shooter"", ""was"", ""in"", ""plano"", ""tx"", ""nigger"", ""spencer"", ""hight"", ""who"", ""shoots"", ""mudshark"", ""wife"", ""after"", ""she"", ""files"", ""for"", ""divorce"", ""nog"", ""shoots"", ""<number>"", ""people"", ""dead"", ""at"", ""a"", ""cowboys"", ""watch"", ""party"", ""last"", ""sunday"", ""b4"", ""is"", ""shot"", ""to"", ""death"", ""by"", ""officer"", ""mudshark""]",hatespeech,Caucasian,"[0, 0, 0, 0, 0, 0, 0, 0, 0, 0, 0, 0, 1, 0, 0, 0, 0, 1, 0, 0, 0, 0, 0, 0, 1, 0, 0, 0, 0, 0, 0, 0, 0, 0, 0, 0, 0, 0, 0, 0, 0, 0, 0, 1]","[""nigger"", ""mudshark"", ""nog"", ""mudshark""]",4,44,4,True,hatespeech,"[0, 0, 0, 0, 0, 0, 0, 0, 0, 0, 0, 0, 1, 0, 0, 0, 0, 1, 0, 0, 0, 0, 0, 0, 0, 0, 0, 0, 0, 0, 0, 0, 0, 0, 0, 0, 0, 0, 0, 0, 0, 0, 0, 1]","[""nigger"", ""mudshark"", ""mudshark""]"
1178746703240929280_twitter,train,i got a guilty pleasure and it is country music and hillbilly movies and tv shows about rednecks hunting in the woods and fucking white trash skanks,"[""i"", ""got"", ""a"", ""guilty"", ""pleasure"", ""and"", ""it"", ""is"", ""country"", ""music"", ""and"", ""hillbilly"", ""movies"", ""and"", ""tv"", ""shows"", ""about"", ""rednecks"", ""hunting"", ""in"", ""the"", ""woods"", ""and"", ""fucking"", ""white"", ""trash"", ""skanks""]",offensive,Caucasian,"[0, 0, 0, 0, 0, 0, 0, 0, 0, 0, 0, 0, 0, 0, 0, 0, 0, 1, 0, 0, 0, 0, 0, 1, 1, 1, 1]","[""rednecks"", ""fucking"", ""white"", ""trash"", ""skanks""]",83,27,5,True,offensive,"[0, 0, 0, 0, 0, 0, 0, 0, 0, 0, 0, 0, 0, 0, 0, 0, 0, 0, 0, 0, 0, 0, 0, 1, 1, 1, 1]","[""fucking"", ""white"", ""trash"", ""skanks""]"
1178746703240929280_twitter,train,i got a guilty pleasure and it is country music and hillbilly movies and tv shows about rednecks hunting in the woods and fucking white trash skanks,"[""i"", ""got"", ""a"", ""guilty"", ""pleasure"", ""and"", ""it"", ""is"", ""country"", ""music"", ""and"", ""hillbilly"", ""movies"", ""and"", ""tv"", ""shows"", ""about"", ""rednecks"", ""hunting"", ""in"", ""the"", ""woods"", ""and"", ""fucking"", ""white"", ""trash"", ""skanks""]",hatespeech,Caucasian,"[0, 0, 0, 0, 0, 0, 0, 0, 0, 0, 0, 0, 0, 0, 0, 0, 0, 0, 0, 0, 0, 0, 0, 1, 1, 1, 1]","[""fucking"", ""white"", ""trash"", ""skanks""]",4,27,4,True,offensive,"[0, 0, 0, 0, 0, 0, 0, 0, 0, 0, 0, 0, 0, 0, 0, 0, 0, 0, 0, 0, 0, 0, 0, 1, 1, 1, 1]","[""fucking"", ""white"", ""trash"", ""skanks""]"
1178099912749092864_twitter,train,<user> <user> <user> <user> <user> <user> <user> sweetie like i said look in the mirror you might want to refrain from posting yours it not a good look even for trailer trash poor plump thing,"[""<user>"", ""<user>"", ""<user>"", ""<user>"", ""<user>"", ""<user>"", ""<user>"", ""sweetie"", ""like"", ""i"", ""said"", ""look"", ""in"", ""the"", ""mirror"", ""you"", ""might"", ""want"", ""to"", ""refrain"", ""from"", ""posting"", ""yours"", ""it"", ""not"", ""a"", ""good"", ""look"", ""even"", ""for"", ""trailer"", ""trash"", ""poor"", ""plump"", ""thing""]",offensive,Caucasian,"[0, 0, 0, 0, 0, 0, 0, 0, 0, 0, 0, 0, 0, 0, 0, 0, 0, 0, 0, 0, 0, 0, 0, 0, 0, 0, 0, 0, 0, 0, 1, 1, 0, 0, 0]","[""trailer"", ""trash""]",51,35,2,True,offensive,"[0, 0, 0, 0, 0, 0, 0, 0, 0, 0, 0, 0, 0, 0, 0, 0, 0, 0, 0, 0, 0, 0, 0, 0, 0, 0, 0, 0, 0, 0, 1, 1, 0, 0, 0]","[""trailer"", ""trash""]"
1178099912749092864_twitter,train,<user> <user> <user> <user> <user> <user> <user> sweetie like i said look in the mirror you might want to refrain from posting yours it not a good look even for trailer trash poor plump thing,"[""<user>"", ""<user>"", ""<user>"", ""<user>"", ""<user>"", ""<user>"", ""<user>"", ""sweetie"", ""like"", ""i"", ""said"", ""look"", ""in"", ""the"", ""mirror"", ""you"", ""might"", ""want"", ""to"", ""refrain"", ""from"", ""posting"", ""yours"", ""it"", ""not"", ""a"", ""good"", ""look"", ""even"", ""for"", ""trailer"", ""trash"", ""poor"", ""plump"", ""thing""]",offensive,Caucasian,"[0, 0, 0, 0, 0, 0, 0, 0, 0, 0, 0, 0, 0, 0, 0, 0, 0, 0, 0, 0, 0, 0, 0, 0, 0, 0, 0, 0, 0, 0, 1, 1, 0, 0, 0]","[""trailer"", ""trash""]",110,35,2,True,offensive,"[0, 0, 0, 0, 0, 0, 0, 0, 0, 0, 0, 0, 0, 0, 0, 0, 0, 0, 0, 0, 0, 0, 0, 0, 0, 0, 0, 0, 0, 0, 1, 1, 0, 0, 0]","[""trailer"", ""trash""]"
12500982_gab,train,unless mudshark no whites act that entitled,"[""unless"", ""mudshark"", ""no"", ""whites"", ""act"", ""that"", ""entitled""]",hatespeech,Caucasian,"[0, 1, 0, 0, 0, 0, 0]","[""mudshark""]",4,7,1,True,hatespeech,"[0, 1, 0, 0, 0, 0, 0]","[""mudshark""]"
12500982_gab,train,unless mudshark no whites act that entitled,"[""unless"", ""mudshark"", ""no"", ""whites"", ""act"", ""that"", ""entitled""]",offensive,Caucasian,"[0, 1, 0, 0, 0, 0, 0]","[""mudshark""]",6,7,1,True,hatespeech,"[0, 1, 0, 0, 0, 0, 0]","[""mudshark""]"
1178829267708321792_twitter,train,<user> i wonder how many of the white trash people who voted for still believes in you,"[""<user>"", ""i"", ""wonder"", ""how"", ""many"", ""of"", ""the"", ""white"", ""trash"", ""people"", ""who"", ""voted"", ""for"", ""still"", ""believes"", ""in"", ""you""]",hatespeech,Caucasian,"[0, 0, 0, 0, 0, 0, 0, 1, 1, 0, 0, 0, 0, 0, 0, 0, 0]","[""white"", ""trash""]",44,17,2,True,hatespeech,"[0, 0, 0, 0, 0, 0, 0, 1, 1, 0, 0, 0, 0, 0, 0, 0, 0]","[""white"", ""trash""]"
1178829267708321792_twitter,train,<user> i wonder how many of the white trash people who voted for still believes in you,"[""<user>"", ""i"", ""wonder"", ""how"", ""many"", ""of"", ""the"", ""white"", ""trash"", ""people"", ""who"", ""voted"", ""for"", ""still"", ""believes"", ""in"", ""you""]",hatespeech,Caucasian,"[0, 0, 0, 0, 0, 0, 0, 1, 1, 1, 0, 0, 0, 0, 0, 0, 0]","[""white"", ""trash"", ""people""]",4,17,3,True,hatespeech,"[0, 0, 0, 0, 0, 0, 0, 1, 1, 0, 0, 0, 0, 0, 0, 0, 0]","[""white"", ""trash""]"
23895200_gab,train,someone she has not muted should really point out to ion that sinead is a proud mudshark and kikelover,"[""someone"", ""she"", ""has"", ""not"", ""muted"", ""should"", ""really"", ""point"", ""out"", ""to"", ""ion"", ""that"", ""sinead"", ""is"", ""a"", ""proud"", ""mudshark"", ""and"", ""kikelover""]",hatespeech,Caucasian,"[0, 0, 0, 0, 0, 0, 0, 0, 0, 0, 0, 0, 0, 0, 0, 0, 1, 1, 1]","[""mudshark"", ""and"", ""kikelover""]",4,19,3,True,hatespeech,"[0, 0, 0, 0, 0, 0, 0, 0, 0, 0, 0, 0, 0, 0, 0, 0, 1, 1, 1]","[""mudshark"", ""and"", ""kikelover""]"
1178853216844304384_twitter,train,these nasty crazy dumb lying white sluts have obviously fucked up my mother and sisters mind with their drugs and lies,"[""these"", ""nasty"", ""crazy"", ""dumb"", ""lying"", ""white"", ""sluts"", ""have"", ""obviously"", ""fucked"", ""up"", ""my"", ""mother"", ""and"", ""sisters"", ""mind"", ""with"", ""their"", ""drugs"", ""and"", ""lies""]",offensive,Caucasian,"[0, 0, 0, 0, 0, 1, 1, 0, 0, 0, 0, 0, 0, 0, 0, 0, 0, 0, 0, 0, 0]","[""white"", ""sluts""]",1,21,2,True,offensive,"[0, 0, 0, 0, 0, 1, 1, 0, 0, 0, 0, 0, 0, 0, 0, 0, 0, 0, 0, 0, 0]","[""white"", ""sluts""]"
1178853216844304384_twitter,train,these nasty crazy dumb lying white sluts have obviously fucked up my mother and sisters mind with their drugs and lies,"[""these"", ""nasty"", ""crazy"", ""dumb"", ""lying"", ""white"", ""sluts"", ""have"", ""obviously"", ""fucked"", ""up"", ""my"", ""mother"", ""and"", ""sisters"", ""mind"", ""with"", ""their"", ""drugs"", ""and"", ""lies""]",offensive,Caucasian,"[0, 1, 1, 1, 1, 1, 1, 0, 0, 0, 0, 0, 0, 0, 0, 0, 0, 0, 0, 0, 0]","[""nasty"", ""crazy"", ""dumb"", ""lying"", ""white"", ""sluts""]",4,21,6,True,offensive,"[0, 0, 0, 0, 0, 1, 1, 0, 0, 0, 0, 0, 0, 0, 0, 0, 0, 0, 0, 0, 0]","[""white"", ""sluts""]"
12089704_gab,train,black man kills a white child in a rap video nothing actually happens white man says nigger on a youtube video advertisers lose their minds and shoah him from the internet,"[""black"", ""man"", ""kills"", ""a"", ""white"", ""child"", ""in"", ""a"", ""rap"", ""video"", ""nothing"", ""actually"", ""happens"", ""white"", ""man"", ""says"", ""nigger"", ""on"", ""a"", ""youtube"", ""video"", ""advertisers"", ""lose"", ""their"", ""minds"", ""and"", ""shoah"", ""him"", ""from"", ""the"", ""internet""]",hatespeech,Caucasian,"[0, 0, 0, 0, 0, 0, 0, 0, 0, 0, 0, 0, 0, 0, 0, 0, 1, 0, 0, 0, 0, 0, 0, 0, 0, 0, 0, 0, 0, 0, 0]","[""nigger""]",4,31,1,True,hatespeech,"[0, 0, 0, 0, 0, 0, 0, 0, 0, 0, 0, 0, 0, 0, 0, 0, 1, 0, 0, 0, 0, 0, 0, 0, 0, 0, 0, 0, 0, 0, 0]","[""nigger""]"
25903878_gab,train,then quit talking like a kike yenta ya fat pig the world is chock full of pieces of shit white race traitors like you cunt,"[""then"", ""quit"", ""talking"", ""like"", ""a"", ""kike"", ""yenta"", ""ya"", ""fat"", ""pig"", ""the"", ""world"", ""is"", ""chock"", ""full"", ""of"", ""pieces"", ""of"", ""shit"", ""white"", ""race"", ""traitors"", ""like"", ""you"", ""cunt""]",hatespeech,Caucasian,"[0, 0, 0, 0, 0, 1, 0, 0, 0, 0, 0, 0, 0, 0, 0, 0, 0, 0, 0, 1, 1, 1, 0, 0, 1]","[""kike"", ""white"", ""race"", ""traitors"", ""cunt""]",23,25,5,True,hatespeech,"[0, 0, 0, 0, 0, 1, 0, 0, 0, 0, 0, 0, 0, 0, 0, 0, 0, 0, 0, 0, 0, 0, 0, 0, 1]","[""kike"", ""cunt""]"
1179070386069295104_twitter,val,i keep saying them white bitches are pure evil when their back is against the wall they only care about themselves oh and them white niggas too 🙄 i have witnessed this in so many different scenarios,"[""i"", ""keep"", ""saying"", ""them"", ""white"", ""bitches"", ""are"", ""pure"", ""evil"", ""when"", ""their"", ""back"", ""is"", ""against"", ""the"", ""wall"", ""they"", ""only"", ""care"", ""about"", ""themselves"", ""oh"", ""and"", ""them"", ""white"", ""niggas"", ""too"", ""\ud83d\ude44"", ""i"", ""have"", ""witnessed"", ""this"", ""in"", ""so"", ""many"", ""different"", ""scenarios""]",hatespeech,Caucasian,"[0, 0, 0, 0, 1, 1, 1, 1, 1, 1, 0, 0, 0, 0, 0, 0, 0, 0, 0, 0, 0, 0, 0, 0, 1, 1, 0, 0, 0, 0, 0, 0, 0, 0, 0, 0, 0]","[""white"", ""bitches"", ""are"", ""pure"", ""evil"", ""when"", ""white"", ""niggas""]",4,37,8,True,offensive,"[0, 0, 0, 0, 1, 1, 0, 0, 0, 0, 0, 0, 0, 0, 0, 0, 0, 0, 0, 0, 0, 0, 0, 0, 1, 1, 0, 0, 0, 0, 0, 0, 0, 0, 0, 0, 0]","[""white"", ""bitches"", ""white"", ""niggas""]"
1179070386069295104_twitter,val,i keep saying them white bitches are pure evil when their back is against the wall they only care about themselves oh and them white niggas too 🙄 i have witnessed this in so many different scenarios,"[""i"", ""keep"", ""saying"", ""them"", ""white"", ""bitches"", ""are"", ""pure"", ""evil"", ""when"", ""their"", ""back"", ""is"", ""against"", ""the"", ""wall"", ""they"", ""only"", ""care"", ""about"", ""themselves"", ""oh"", ""and"", ""them"", ""white"", ""niggas"", ""too"", ""\ud83d\ude44"", ""i"", ""have"", ""witnessed"", ""this"", ""in"", ""so"", ""many"", ""different"", ""scenarios""]",offensive,Caucasian,"[0, 0, 0, 0, 1, 1, 0, 0, 0, 0, 0, 0, 0, 0, 0, 0, 0, 0, 0, 0, 0, 0, 0, 0, 1, 1, 0, 0, 0, 0, 0, 0, 0, 0, 0, 0, 0]","[""white"", ""bitches"", ""white"", ""niggas""]",66,37,4,True,offensive,"[0, 0, 0, 0, 1, 1, 0, 0, 0, 0, 0, 0, 0, 0, 0, 0, 0, 0, 0, 0, 0, 0, 0, 0, 1, 1, 0, 0, 0, 0, 0, 0, 0, 0, 0, 0, 0]","[""white"", ""bitches"", ""white"", ""niggas""]"
1179093757142208514_twitter,train,damn zidane do not trust the belgian slut no more,"[""damn"", ""zidane"", ""do"", ""not"", ""trust"", ""the"", ""belgian"", ""slut"", ""no"", ""more""]",offensive,Caucasian,"[0, 0, 0, 0, 0, 0, 1, 1, 0, 0]","[""belgian"", ""slut""]",71,10,2,True,offensive,"[0, 0, 0, 0, 0, 0, 1, 1, 0, 0]","[""belgian"", ""slut""]"
16845479_gab,test,shot by a muzzie that reported to a dyke who answered to a leftist mudshark in communist mn yeah i believe it,"[""shot"", ""by"", ""a"", ""muzzie"", ""that"", ""reported"", ""to"", ""a"", ""dyke"", ""who"", ""answered"", ""to"", ""a"", ""leftist"", ""mudshark"", ""in"", ""communist"", ""mn"", ""yeah"", ""i"", ""believe"", ""it""]",hatespeech,Caucasian,"[0, 0, 0, 1, 0, 0, 0, 0, 1, 0, 0, 0, 0, 0, 1, 0, 0, 0, 0, 0, 0, 0]","[""muzzie"", ""dyke"", ""mudshark""]",44,22,3,True,hatespeech,"[0, 0, 0, 1, 0, 0, 0, 0, 1, 0, 0, 0, 0, 0, 1, 0, 0, 0, 0, 0, 0, 0]","[""muzzie"", ""dyke"", ""mudshark""]"
16845479_gab,test,shot by a muzzie that reported to a dyke who answered to a leftist mudshark in communist mn yeah i believe it,"[""shot"", ""by"", ""a"", ""muzzie"", ""that"", ""reported"", ""to"", ""a"", ""dyke"", ""who"", ""answered"", ""to"", ""a"", ""leftist"", ""mudshark"", ""in"", ""communist"", ""mn"", ""yeah"", ""i"", ""believe"", ""it""]",hatespeech,Caucasian,"[0, 0, 0, 1, 0, 0, 0, 0, 1, 0, 0, 0, 0, 0, 1, 0, 0, 0, 0, 0, 0, 0]","[""muzzie"", ""dyke"", ""mudshark""]",4,22,3,True,hatespeech,"[0, 0, 0, 1, 0, 0, 0, 0, 1, 0, 0, 0, 0, 0, 1, 0, 0, 0, 0, 0, 0, 0]","[""muzzie"", ""dyke"", ""mudshark""]"
1179074853447639042_twitter,train,<user> they are the ones who hang out with trust fund white bitches and date white man,"[""<user>"", ""they"", ""are"", ""the"", ""ones"", ""who"", ""hang"", ""out"", ""with"", ""trust"", ""fund"", ""white"", ""bitches"", ""and"", ""date"", ""white"", ""man""]",offensive,Caucasian,"[0, 0, 0, 0, 0, 0, 0, 0, 0, 0, 0, 1, 1, 0, 0, 0, 0]","[""white"", ""bitches""]",4,17,2,True,offensive,"[0, 0, 0, 0, 0, 0, 0, 0, 0, 0, 0, 1, 1, 0, 0, 0, 0]","[""white"", ""bitches""]"
1179074853447639042_twitter,train,<user> they are the ones who hang out with trust fund white bitches and date white man,"[""<user>"", ""they"", ""are"", ""the"", ""ones"", ""who"", ""hang"", ""out"", ""with"", ""trust"", ""fund"", ""white"", ""bitches"", ""and"", ""date"", ""white"", ""man""]",offensive,Caucasian,"[0, 0, 0, 0, 0, 0, 0, 0, 0, 0, 0, 1, 1, 0, 0, 0, 0]","[""white"", ""bitches""]",46,17,2,True,offensive,"[0, 0, 0, 0, 0, 0, 0, 0, 0, 0, 0, 1, 1, 0, 0, 0, 0]","[""white"", ""bitches""]"
1179074853447639042_twitter,train,<user> they are the ones who hang out with trust fund white bitches and date white man,"[""<user>"", ""they"", ""are"", ""the"", ""ones"", ""who"", ""hang"", ""out"", ""with"", ""trust"", ""fund"", ""white"", ""bitches"", ""and"", ""date"", ""white"", ""man""]",hatespeech,Caucasian,"[0, 0, 0, 0, 0, 0, 0, 0, 0, 0, 0, 1, 1, 0, 0, 0, 0]","[""white"", ""bitches""]",39,17,2,True,offensive,"[0, 0, 0, 0, 0, 0, 0, 0, 0, 0, 0, 1, 1, 0, 0, 0, 0]","[""white"", ""bitches""]"
1178714891387097091_twitter,train,civil war long as i do not have to live in your new republic populated by racist hillbillies and illiterate white trash nascar fucks i will change my own oil,"[""civil"", ""war"", ""long"", ""as"", ""i"", ""do"", ""not"", ""have"", ""to"", ""live"", ""in"", ""your"", ""new"", ""republic"", ""populated"", ""by"", ""racist"", ""hillbillies"", ""and"", ""illiterate"", ""white"", ""trash"", ""nascar"", ""fucks"", ""i"", ""will"", ""change"", ""my"", ""own"", ""oil""]",hatespeech,Caucasian,"[0, 0, 0, 0, 0, 0, 0, 0, 0, 0, 0, 0, 0, 0, 0, 0, 1, 1, 0, 1, 1, 1, 1, 1, 0, 0, 0, 0, 0, 0]","[""racist"", ""hillbillies"", ""illiterate"", ""white"", ""trash"", ""nascar"", ""fucks""]",115,30,7,True,hatespeech,"[0, 0, 0, 0, 0, 0, 0, 0, 0, 0, 0, 0, 0, 0, 0, 0, 1, 1, 0, 1, 1, 1, 1, 1, 0, 0, 0, 0, 0, 0]","[""racist"", ""hillbillies"", ""illiterate"", ""white"", ""trash"", ""nascar"", ""fucks""]"
1178714891387097091_twitter,train,civil war long as i do not have to live in your new republic populated by racist hillbillies and illiterate white trash nascar fucks i will change my own oil,"[""civil"", ""war"", ""long"", ""as"", ""i"", ""do"", ""not"", ""have"", ""to"", ""live"", ""in"", ""your"", ""new"", ""republic"", ""populated"", ""by"", ""racist"", ""hillbillies"", ""and"", ""illiterate"", ""white"", ""trash"", ""nascar"", ""fucks"", ""i"", ""will"", ""change"", ""my"", ""own"", ""oil""]",hatespeech,Caucasian,"[0, 0, 0, 0, 0, 0, 0, 0, 0, 0, 0, 0, 0, 0, 0, 0, 1, 1, 1, 1, 1, 1, 1, 1, 0, 0, 0, 0, 0, 0]","[""racist"", ""hillbillies"", ""and"", ""illiterate"", ""white"", ""trash"", ""nascar"", ""fucks""]",4,30,8,True,hatespeech,"[0, 0, 0, 0, 0, 0, 0, 0, 0, 0, 0, 0, 0, 0, 0, 0, 1, 1, 0, 1, 1, 1, 1, 1, 0, 0, 0, 0, 0, 0]","[""racist"", ""hillbillies"", ""illiterate"", ""white"", ""trash"", ""nascar"", ""fucks""]"
1178662228117131264_twitter,val,imagine fucking a white girl and she call you a nigger during sex 💀 💀,"[""imagine"", ""fucking"", ""a"", ""white"", ""girl"", ""and"", ""she"", ""call"", ""you"", ""a"", ""nigger"", ""during"", ""sex"", ""\ud83d\udc80"", ""\ud83d\udc80""]",offensive,Caucasian,"[0, 0, 0, 1, 1, 0, 0, 0, 0, 0, 1, 0, 0, 0, 0]","[""white"", ""girl"", ""nigger""]",115,15,3,True,offensive,"[0, 0, 0, 0, 0, 0, 0, 0, 0, 0, 1, 0, 0, 0, 0]","[""nigger""]"
1178662228117131264_twitter,val,imagine fucking a white girl and she call you a nigger during sex 💀 💀,"[""imagine"", ""fucking"", ""a"", ""white"", ""girl"", ""and"", ""she"", ""call"", ""you"", ""a"", ""nigger"", ""during"", ""sex"", ""\ud83d\udc80"", ""\ud83d\udc80""]",offensive,Caucasian,"[0, 0, 0, 0, 0, 0, 0, 0, 0, 0, 1, 0, 0, 0, 0]","[""nigger""]",4,15,1,True,offensive,"[0, 0, 0, 0, 0, 0, 0, 0, 0, 0, 1, 0, 0, 0, 0]","[""nigger""]"
20318209_gab,test,best live topic i have seen on gab check out this fucking mongrel having to raise this is a worse toll than mudshark glasses,"[""best"", ""live"", ""topic"", ""i"", ""have"", ""seen"", ""on"", ""gab"", ""check"", ""out"", ""this"", ""fucking"", ""mongrel"", ""having"", ""to"", ""raise"", ""this"", ""is"", ""a"", ""worse"", ""toll"", ""than"", ""mudshark"", ""glasses""]",offensive,Caucasian,"[0, 0, 0, 0, 0, 0, 0, 0, 0, 0, 0, 0, 1, 0, 0, 0, 0, 0, 0, 0, 0, 0, 1, 0]","[""mongrel"", ""mudshark""]",96,24,2,True,offensive,"[0, 0, 0, 0, 0, 0, 0, 0, 0, 0, 0, 0, 1, 0, 0, 0, 0, 0, 0, 0, 0, 0, 0, 0]","[""mongrel""]"
25129722_gab,train,i checked my genes and i am <percent> white can i say im just from one nation no but my race is pure would i change my mind about them if i had yid or neger dna i dont think so i hate ideology more then skin color,"[""i"", ""checked"", ""my"", ""genes"", ""and"", ""i"", ""am"", ""<percent>"", ""white"", ""can"", ""i"", ""say"", ""im"", ""just"", ""from"", ""one"", ""nation"", ""no"", ""but"", ""my"", ""race"", ""is"", ""pure"", ""would"", ""i"", ""change"", ""my"", ""mind"", ""about"", ""them"", ""if"", ""i"", ""had"", ""yid"", ""or"", ""neger"", ""dna"", ""i"", ""dont"", ""think"", ""so"", ""i"", ""hate"", ""ideology"", ""more"", ""then"", ""skin"", ""color""]",hatespeech,Caucasian,"[0, 0, 0, 0, 0, 0, 0, 0, 0, 0, 0, 0, 0, 0, 0, 0, 0, 0, 0, 0, 0, 0, 0, 0, 0, 0, 0, 0, 0, 0, 0, 0, 0, 1, 1, 1, 1, 0, 0, 0, 0, 0, 0, 0, 0, 0, 0, 0]","[""yid"", ""or"", ""neger"", ""dna""]",4,48,4,True,offensive,"[0, 0, 0, 0, 0, 0, 0, 0, 0, 0, 0, 0, 0, 0, 0, 0, 0, 0, 0, 0, 0, 0, 0, 0, 0, 0, 0, 0, 0, 0, 0, 0, 0, 1, 0, 1, 0, 0, 0, 0, 0, 0, 0, 0, 0, 0, 0, 0]","[""yid"", ""neger""]"
14376068_gab,train,bbc journalist is it really a crime if <number> or <number> pakistani moslem men have sex at the same time with a young white british child whose been drugged the girl parents might have voted for brexit,"[""bbc"", ""journalist"", ""is"", ""it"", ""really"", ""a"", ""crime"", ""if"", ""<number>"", ""or"", ""<number>"", ""pakistani"", ""moslem"", ""men"", ""have"", ""sex"", ""at"", ""the"", ""same"", ""time"", ""with"", ""a"", ""young"", ""white"", ""british"", ""child"", ""whose"", ""been"", ""drugged"", ""the"", ""girl"", ""parents"", ""might"", ""have"", ""voted"", ""for"", ""brexit""]",offensive,Caucasian,"[0, 0, 0, 0, 0, 0, 0, 0, 0, 0, 0, 1, 1, 1, 1, 1, 1, 1, 1, 1, 1, 1, 1, 1, 1, 1, 1, 1, 1, 1, 0, 0, 0, 0, 0, 0, 0]","[""pakistani"", ""moslem"", ""men"", ""have"", ""sex"", ""at"", ""the"", ""same"", ""time"", ""with"", ""a"", ""young"", ""white"", ""british"", ""child"", ""whose"", ""been"", ""drugged"", ""the""]",4,37,19,True,offensive,"[0, 0, 0, 0, 0, 0, 0, 0, 0, 0, 0, 1, 1, 0, 0, 0, 0, 0, 0, 0, 0, 0, 0, 0, 0, 0, 0, 0, 0, 0, 0, 0, 0, 0, 0, 0, 0]","[""pakistani"", ""moslem""]"
10010219_gab,train,sugar grove that out <number> sugar grove is nice but there are some real hillbillies back there i mean coon skin capped only has one set of clothes so one day wash clothes they have to be naked type of hillbilly,"[""sugar"", ""grove"", ""that"", ""out"", ""<number>"", ""sugar"", ""grove"", ""is"", ""nice"", ""but"", ""there"", ""are"", ""some"", ""real"", ""hillbillies"", ""back"", ""there"", ""i"", ""mean"", ""coon"", ""skin"", ""capped"", ""only"", ""has"", ""one"", ""set"", ""of"", ""clothes"", ""so"", ""one"", ""day"", ""wash"", ""clothes"", ""they"", ""have"", ""to"", ""be"", ""naked"", ""type"", ""of"", ""hillbilly""]",offensive,Caucasian,"[0, 0, 0, 0, 0, 0, 0, 0, 0, 0, 0, 0, 0, 0, 1, 0, 0, 0, 0, 0, 0, 0, 0, 0, 0, 0, 0, 0, 0, 0, 0, 0, 0, 0, 0, 0, 0, 0, 0, 0, 1]","[""hillbillies"", ""hillbilly""]",27,41,2,True,offensive,"[0, 0, 0, 0, 0, 0, 0, 0, 0, 0, 0, 0, 0, 0, 0, 0, 0, 0, 0, 0, 0, 0, 0, 0, 0, 0, 0, 0, 0, 0, 0, 0, 0, 0, 0, 0, 0, 0, 0, 0, 1]","[""hillbilly""]"
23161903_gab,val,you need any or evidence <user> ‍ is a fuxking plant peice of shit ugly snow nigger working with liberals <user> ‍ take it easy pal we are with you,"[""you"", ""need"", ""any"", ""or"", ""evidence"", ""<user>"", ""\u200d"", ""is"", ""a"", ""fuxking"", ""plant"", ""peice"", ""of"", ""shit"", ""ugly"", ""snow"", ""nigger"", ""working"", ""with"", ""liberals"", ""<user>"", ""\u200d"", ""take"", ""it"", ""easy"", ""pal"", ""we"", ""are"", ""with"", ""you""]",hatespeech,Caucasian,"[0, 0, 0, 0, 0, 0, 0, 0, 0, 0, 0, 1, 1, 1, 1, 1, 1, 0, 0, 0, 0, 0, 0, 0, 0, 0, 0, 0, 0, 0]","[""peice"", ""of"", ""shit"", ""ugly"", ""snow"", ""nigger""]",4,30,6,True,hatespeech,"[0, 0, 0, 0, 0, 0, 0, 0, 0, 0, 0, 0, 0, 0, 0, 1, 1, 0, 0, 0, 0, 0, 0, 0, 0, 0, 0, 0, 0, 0]","[""snow"", ""nigger""]"
23161903_gab,val,you need any or evidence <user> ‍ is a fuxking plant peice of shit ugly snow nigger working with liberals <user> ‍ take it easy pal we are with you,"[""you"", ""need"", ""any"", ""or"", ""evidence"", ""<user>"", ""\u200d"", ""is"", ""a"", ""fuxking"", ""plant"", ""peice"", ""of"", ""shit"", ""ugly"", ""snow"", ""nigger"", ""working"", ""with"", ""liberals"", ""<user>"", ""\u200d"", ""take"", ""it"", ""easy"", ""pal"", ""we"", ""are"", ""with"", ""you""]",hatespeech,Caucasian,"[0, 0, 0, 0, 0, 0, 0, 0, 0, 0, 0, 0, 0, 0, 0, 1, 1, 0, 0, 0, 0, 0, 0, 0, 0, 0, 0, 0, 0, 0]","[""snow"", ""nigger""]",46,30,2,True,hatespeech,"[0, 0, 0, 0, 0, 0, 0, 0, 0, 0, 0, 0, 0, 0, 0, 1, 1, 0, 0, 0, 0, 0, 0, 0, 0, 0, 0, 0, 0, 0]","[""snow"", ""nigger""]"
14057110_gab,train,<number> uk mps involved in the cover up of <number> million white children raped by paki muslims resign all of you filthy bastards,"[""<number>"", ""uk"", ""mps"", ""involved"", ""in"", ""the"", ""cover"", ""up"", ""of"", ""<number>"", ""million"", ""white"", ""children"", ""raped"", ""by"", ""paki"", ""muslims"", ""resign"", ""all"", ""of"", ""you"", ""filthy"", ""bastards""]",offensive,Caucasian,"[0, 0, 0, 0, 0, 0, 0, 0, 0, 0, 0, 1, 1, 1, 1, 1, 1, 1, 1, 1, 1, 1, 1]","[""white"", ""children"", ""raped"", ""by"", ""paki"", ""muslims"", ""resign"", ""all"", ""of"", ""you"", ""filthy"", ""bastards""]",4,23,12,True,hatespeech,"[0, 0, 0, 0, 0, 0, 0, 0, 0, 0, 0, 0, 0, 0, 0, 1, 1, 0, 0, 0, 0, 1, 1]","[""paki"", ""muslims"", ""filthy"", ""bastards""]"
1178842919773581312_twitter,train,not wanting to leave the house due to equal parts depression and not wanting to acknowledge the existence of all the ignorant sister banging idiotic fucking redneck pieces of garbage that live in this shitheel podunk white trash map stain i live in,"[""not"", ""wanting"", ""to"", ""leave"", ""the"", ""house"", ""due"", ""to"", ""equal"", ""parts"", ""depression"", ""and"", ""not"", ""wanting"", ""to"", ""acknowledge"", ""the"", ""existence"", ""of"", ""all"", ""the"", ""ignorant"", ""sister"", ""banging"", ""idiotic"", ""fucking"", ""redneck"", ""pieces"", ""of"", ""garbage"", ""that"", ""live"", ""in"", ""this"", ""shitheel"", ""podunk"", ""white"", ""trash"", ""map"", ""stain"", ""i"", ""live"", ""in""]",hatespeech,Caucasian,"[0, 0, 0, 0, 0, 0, 0, 0, 0, 0, 0, 0, 0, 0, 0, 0, 0, 0, 0, 0, 0, 1, 1, 1, 1, 1, 1, 1, 1, 1, 0, 0, 0, 0, 1, 1, 1, 1, 0, 0, 0, 0, 0]","[""ignorant"", ""sister"", ""banging"", ""idiotic"", ""fucking"", ""redneck"", ""pieces"", ""of"", ""garbage"", ""shitheel"", ""podunk"", ""white"", ""trash""]",42,43,13,True,hatespeech,"[0, 0, 0, 0, 0, 0, 0, 0, 0, 0, 0, 0, 0, 0, 0, 0, 0, 0, 0, 0, 0, 0, 1, 1, 0, 0, 1, 0, 0, 0, 0, 0, 0, 0, 0, 0, 1, 1, 0, 0, 0, 0, 0]","[""sister"", ""banging"", ""redneck"", ""white"", ""trash""]"
1178842919773581312_twitter,train,not wanting to leave the house due to equal parts depression and not wanting to acknowledge the existence of all the ignorant sister banging idiotic fucking redneck pieces of garbage that live in this shitheel podunk white trash map stain i live in,"[""not"", ""wanting"", ""to"", ""leave"", ""the"", ""house"", ""due"", ""to"", ""equal"", ""parts"", ""depression"", ""and"", ""not"", ""wanting"", ""to"", ""acknowledge"", ""the"", ""existence"", ""of"", ""all"", ""the"", ""ignorant"", ""sister"", ""banging"", ""idiotic"", ""fucking"", ""redneck"", ""pieces"", ""of"", ""garbage"", ""that"", ""live"", ""in"", ""this"", ""shitheel"", ""podunk"", ""white"", ""trash"", ""map"", ""stain"", ""i"", ""live"", ""in""]",hatespeech,Caucasian,"[0, 0, 0, 0, 0, 0, 0, 0, 0, 0, 0, 0, 0, 0, 0, 0, 0, 0, 0, 0, 0, 0, 1, 1, 0, 0, 1, 0, 0, 0, 0, 0, 0, 0, 0, 0, 1, 1, 0, 0, 0, 0, 0]","[""sister"", ""banging"", ""redneck"", ""white"", ""trash""]",67,43,5,True,hatespeech,"[0, 0, 0, 0, 0, 0, 0, 0, 0, 0, 0, 0, 0, 0, 0, 0, 0, 0, 0, 0, 0, 0, 1, 1, 0, 0, 1, 0, 0, 0, 0, 0, 0, 0, 0, 0, 1, 1, 0, 0, 0, 0, 0]","[""sister"", ""banging"", ""redneck"", ""white"", ""trash""]"
9120350_gab,train,you d think they d stop showing all those advertisements pushing the idea of black men in relationships with white women then given that it must greatly upset the sheboon demographic seeing their future baby daddies getting with some white skank uu girl you betta watch yoself,"[""you"", ""d"", ""think"", ""they"", ""d"", ""stop"", ""showing"", ""all"", ""those"", ""advertisements"", ""pushing"", ""the"", ""idea"", ""of"", ""black"", ""men"", ""in"", ""relationships"", ""with"", ""white"", ""women"", ""then"", ""given"", ""that"", ""it"", ""must"", ""greatly"", ""upset"", ""the"", ""sheboon"", ""demographic"", ""seeing"", ""their"", ""future"", ""baby"", ""daddies"", ""getting"", ""with"", ""some"", ""white"", ""skank"", ""uu"", ""girl"", ""you"", ""betta"", ""watch"", ""yoself""]",offensive,Caucasian,"[0, 0, 0, 0, 0, 0, 0, 0, 0, 0, 0, 0, 0, 0, 0, 0, 0, 0, 0, 0, 0, 0, 0, 0, 0, 0, 0, 0, 0, 0, 0, 0, 0, 0, 0, 0, 0, 0, 0, 1, 1, 0, 0, 0, 0, 0, 0]","[""white"", ""skank""]",27,47,2,True,offensive,"[0, 0, 0, 0, 0, 0, 0, 0, 0, 0, 0, 0, 0, 0, 0, 0, 0, 0, 0, 0, 0, 0, 0, 0, 0, 0, 0, 0, 0, 0, 0, 0, 0, 0, 0, 0, 0, 0, 0, 1, 1, 0, 0, 0, 0, 0, 0]","[""white"", ""skank""]"
9120350_gab,train,you d think they d stop showing all those advertisements pushing the idea of black men in relationships with white women then given that it must greatly upset the sheboon demographic seeing their future baby daddies getting with some white skank uu girl you betta watch yoself,"[""you"", ""d"", ""think"", ""they"", ""d"", ""stop"", ""showing"", ""all"", ""those"", ""advertisements"", ""pushing"", ""the"", ""idea"", ""of"", ""black"", ""men"", ""in"", ""relationships"", ""with"", ""white"", ""women"", ""then"", ""given"", ""that"", ""it"", ""must"", ""greatly"", ""upset"", ""the"", ""sheboon"", ""demographic"", ""seeing"", ""their"", ""future"", ""baby"", ""daddies"", ""getting"", ""with"", ""some"", ""white"", ""skank"", ""uu"", ""girl"", ""you"", ""betta"", ""watch"", ""yoself""]",offensive,Caucasian,"[0, 0, 0, 0, 0, 0, 0, 0, 0, 0, 0, 0, 0, 0, 0, 0, 0, 0, 0, 0, 0, 0, 0, 0, 0, 0, 0, 0, 0, 0, 0, 0, 0, 0, 0, 0, 0, 0, 0, 1, 1, 0, 0, 0, 0, 0, 0]","[""white"", ""skank""]",6,47,2,True,offensive,"[0, 0, 0, 0, 0, 0, 0, 0, 0, 0, 0, 0, 0, 0, 0, 0, 0, 0, 0, 0, 0, 0, 0, 0, 0, 0, 0, 0, 0, 0, 0, 0, 0, 0, 0, 0, 0, 0, 0, 1, 1, 0, 0, 0, 0, 0, 0]","[""white"", ""skank""]"
1178978472225595392_twitter,train,it always broke dirty looking itches that talk the most shit 💁 🏽 ‍ ♀️ go sit ur dirty po white trash lookin ass down tf,"[""it"", ""always"", ""broke"", ""dirty"", ""looking"", ""itches"", ""that"", ""talk"", ""the"", ""most"", ""shit"", ""\ud83d\udc81"", ""\ud83c\udffd"", ""\u200d"", ""\u2640\ufe0f"", ""go"", ""sit"", ""ur"", ""dirty"", ""po"", ""white"", ""trash"", ""lookin"", ""ass"", ""down"", ""tf""]",offensive,Caucasian,"[0, 0, 0, 0, 0, 0, 0, 0, 0, 0, 0, 0, 0, 0, 0, 0, 0, 0, 0, 0, 1, 1, 0, 0, 0, 0]","[""white"", ""trash""]",4,26,2,True,offensive,"[0, 0, 0, 0, 0, 0, 0, 0, 0, 0, 0, 0, 0, 0, 0, 0, 0, 0, 0, 0, 1, 1, 0, 0, 0, 0]","[""white"", ""trash""]"
1179105198498877440_twitter,train,<user> also doggos are only way to keep of white hoes from having babies i e misdirected motherhood please keep doggos in the game they are helping our cause,"[""<user>"", ""also"", ""doggos"", ""are"", ""only"", ""way"", ""to"", ""keep"", ""of"", ""white"", ""hoes"", ""from"", ""having"", ""babies"", ""i"", ""e"", ""misdirected"", ""motherhood"", ""please"", ""keep"", ""doggos"", ""in"", ""the"", ""game"", ""they"", ""are"", ""helping"", ""our"", ""cause""]",offensive,Caucasian,"[0, 0, 1, 1, 1, 1, 1, 1, 1, 1, 1, 1, 1, 1, 0, 0, 0, 0, 0, 0, 0, 0, 0, 0, 0, 0, 0, 0, 0]","[""doggos"", ""are"", ""only"", ""way"", ""to"", ""keep"", ""of"", ""white"", ""hoes"", ""from"", ""having"", ""babies""]",25,29,12,True,offensive,"[0, 0, 0, 0, 0, 0, 0, 0, 0, 1, 1, 0, 0, 0, 0, 0, 0, 0, 0, 0, 0, 0, 0, 0, 0, 0, 0, 0, 0]","[""white"", ""hoes""]"
1178760102012174338_twitter,val,being sexually attracted to white guys is a fucking disease,"[""being"", ""sexually"", ""attracted"", ""to"", ""white"", ""guys"", ""is"", ""a"", ""fucking"", ""disease""]",hatespeech,Caucasian,"[0, 1, 1, 1, 1, 1, 1, 1, 1, 1]","[""sexually"", ""attracted"", ""to"", ""white"", ""guys"", ""is"", ""a"", ""fucking"", ""disease""]",4,10,9,True,hatespeech,"[0, 0, 0, 0, 0, 0, 0, 0, 1, 0]","[""fucking""]"
1178537088754622464_twitter,train,bitch you white nigga is a faggot your kids are demon possessed over blk ppl your pussy is worthless you are a whore you and ur household all suck the same dick you are jealous of innocent blk ppl you are a squatter in blk neighborhoods you are jealous of jesus ur disgusting,"[""bitch"", ""you"", ""white"", ""nigga"", ""is"", ""a"", ""faggot"", ""your"", ""kids"", ""are"", ""demon"", ""possessed"", ""over"", ""blk"", ""ppl"", ""your"", ""pussy"", ""is"", ""worthless"", ""you"", ""are"", ""a"", ""whore"", ""you"", ""and"", ""ur"", ""household"", ""all"", ""suck"", ""the"", ""same"", ""dick"", ""you"", ""are"", ""jealous"", ""of"", ""innocent"", ""blk"", ""ppl"", ""you"", ""are"", ""a"", ""squatter"", ""in"", ""blk"", ""neighborhoods"", ""you"", ""are"", ""jealous"", ""of"", ""jesus"", ""ur"", ""disgusting""]",hatespeech,Caucasian,"[0, 0, 1, 1, 1, 1, 1, 0, 0, 0, 0, 0, 0, 0, 0, 0, 0, 0, 0, 1, 1, 1, 1, 0, 0, 0, 0, 0, 0, 0, 0, 0, 0, 0, 0, 0, 0, 0, 0, 0, 0, 0, 0, 0, 0, 0, 0, 0, 0, 0, 0, 0, 0]","[""white"", ""nigga"", ""is"", ""a"", ""faggot"", ""you"", ""are"", ""a"", ""whore""]",4,53,9,True,hatespeech,"[0, 0, 0, 1, 0, 0, 1, 0, 0, 0, 0, 0, 0, 0, 0, 0, 1, 0, 0, 0, 0, 0, 1, 0, 0, 0, 0, 0, 0, 0, 0, 0, 0, 0, 0, 0, 0, 0, 0, 0, 0, 0, 0, 0, 0, 0, 0, 0, 0, 0, 0, 0, 0]","[""nigga"", ""faggot"", ""pussy"", ""whore""]"
17423168_gab,train,white wamin beat nigger wamin fact,"[""white"", ""wamin"", ""beat"", ""nigger"", ""wamin"", ""fact""]",hatespeech,Caucasian,"[1, 1, 1, 1, 0, 0]","[""white"", ""wamin"", ""beat"", ""nigger""]",4,6,4,True,hatespeech,"[1, 1, 0, 1, 0, 0]","[""white"", ""wamin"", ""nigger""]"
16470788_gab,train,yes thank you mr president bc it is a big fresh change from the last <number> years of mudslimes running our country,"[""yes"", ""thank"", ""you"", ""mr"", ""president"", ""bc"", ""it"", ""is"", ""a"", ""big"", ""fresh"", ""change"", ""from"", ""the"", ""last"", ""<number>"", ""years"", ""of"", ""mudslimes"", ""running"", ""our"", ""country""]",offensive,Caucasian,"[0, 0, 0, 0, 0, 0, 0, 0, 0, 0, 0, 0, 0, 0, 0, 0, 0, 0, 1, 0, 0, 0]","[""mudslimes""]",46,22,1,True,hatespeech,"[0, 0, 0, 0, 0, 0, 0, 0, 0, 0, 0, 0, 0, 0, 0, 0, 0, 0, 1, 0, 0, 0]","[""mudslimes""]"
1178812336204894208_twitter,train,<user> lol 😂 😂 😂 when trash cake was dragging shawn camila twitter stans said it was fun but iggy stan them now them white bitches pulling up a race card i just gotta laugh 😂 😂 🤷 🏽 ‍ ♀️,"[""<user>"", ""lol"", ""\ud83d\ude02"", ""\ud83d\ude02"", ""\ud83d\ude02"", ""when"", ""trash"", ""cake"", ""was"", ""dragging"", ""shawn"", ""camila"", ""twitter"", ""stans"", ""said"", ""it"", ""was"", ""fun"", ""but"", ""iggy"", ""stan"", ""them"", ""now"", ""them"", ""white"", ""bitches"", ""pulling"", ""up"", ""a"", ""race"", ""card"", ""i"", ""just"", ""gotta"", ""laugh"", ""\ud83d\ude02"", ""\ud83d\ude02"", ""\ud83e\udd37"", ""\ud83c\udffd"", ""\u200d"", ""\u2640\ufe0f""]",offensive,Caucasian,"[0, 0, 0, 0, 0, 0, 0, 0, 0, 0, 0, 0, 0, 0, 0, 0, 0, 0, 0, 0, 0, 0, 0, 0, 1, 1, 0, 0, 0, 0, 0, 0, 0, 0, 0, 0, 0, 0, 0, 0, 0]","[""white"", ""bitches""]",4,41,2,True,offensive,"[0, 0, 0, 0, 0, 0, 0, 0, 0, 0, 0, 0, 0, 0, 0, 0, 0, 0, 0, 0, 0, 0, 0, 0, 1, 1, 0, 0, 0, 0, 0, 0, 0, 0, 0, 0, 0, 0, 0, 0, 0]","[""white"", ""bitches""]"
1178812336204894208_twitter,train,<user> lol 😂 😂 😂 when trash cake was dragging shawn camila twitter stans said it was fun but iggy stan them now them white bitches pulling up a race card i just gotta laugh 😂 😂 🤷 🏽 ‍ ♀️,"[""<user>"", ""lol"", ""\ud83d\ude02"", ""\ud83d\ude02"", ""\ud83d\ude02"", ""when"", ""trash"", ""cake"", ""was"", ""dragging"", ""shawn"", ""camila"", ""twitter"", ""stans"", ""said"", ""it"", ""was"", ""fun"", ""but"", ""iggy"", ""stan"", ""them"", ""now"", ""them"", ""white"", ""bitches"", ""pulling"", ""up"", ""a"", ""race"", ""card"", ""i"", ""just"", ""gotta"", ""laugh"", ""\ud83d\ude02"", ""\ud83d\ude02"", ""\ud83e\udd37"", ""\ud83c\udffd"", ""\u200d"", ""\u2640\ufe0f""]",hatespeech,Caucasian,"[0, 0, 0, 0, 0, 0, 0, 0, 0, 0, 0, 0, 0, 0, 0, 0, 0, 0, 0, 0, 0, 0, 0, 0, 1, 1, 0, 0, 0, 0, 0, 0, 0, 0, 0, 0, 0, 0, 0, 0, 0]","[""white"", ""bitches""]",64,41,2,True,offensive,"[0, 0, 0, 0, 0, 0, 0, 0, 0, 0, 0, 0, 0, 0, 0, 0, 0, 0, 0, 0, 0, 0, 0, 0, 1, 1, 0, 0, 0, 0, 0, 0, 0, 0, 0, 0, 0, 0, 0, 0, 0]","[""white"", ""bitches""]"
1178812336204894208_twitter,train,<user> lol 😂 😂 😂 when trash cake was dragging shawn camila twitter stans said it was fun but iggy stan them now them white bitches pulling up a race card i just gotta laugh 😂 😂 🤷 🏽 ‍ ♀️,"[""<user>"", ""lol"", ""\ud83d\ude02"", ""\ud83d\ude02"", ""\ud83d\ude02"", ""when"", ""trash"", ""cake"", ""was"", ""dragging"", ""shawn"", ""camila"", ""twitter"", ""stans"", ""said"", ""it"", ""was"", ""fun"", ""but"", ""iggy"", ""stan"", ""them"", ""now"", ""them"", ""white"", ""bitches"", ""pulling"", ""up"", ""a"", ""race"", ""card"", ""i"", ""just"", ""gotta"", ""laugh"", ""\ud83d\ude02"", ""\ud83d\ude02"", ""\ud83e\udd37"", ""\ud83c\udffd"", ""\u200d"", ""\u2640\ufe0f""]",offensive,Caucasian,"[0, 0, 0, 0, 0, 0, 0, 0, 0, 0, 0, 0, 0, 0, 0, 0, 0, 0, 0, 0, 0, 0, 0, 0, 1, 1, 0, 0, 0, 0, 0, 0, 0, 0, 0, 0, 0, 0, 0, 0, 0]","[""white"", ""bitches""]",10,41,2,True,offensive,"[0, 0, 0, 0, 0, 0, 0, 0, 0, 0, 0, 0, 0, 0, 0, 0, 0, 0, 0, 0, 0, 0, 0, 0, 1, 1, 0, 0, 0, 0, 0, 0, 0, 0, 0, 0, 0, 0, 0, 0, 0]","[""white"", ""bitches""]"
1178213848731410434_twitter,train,<user> yup a lot of these black people are retarded trying to be like these white cave men,"[""<user>"", ""yup"", ""a"", ""lot"", ""of"", ""these"", ""black"", ""people"", ""are"", ""retarded"", ""trying"", ""to"", ""be"", ""like"", ""these"", ""white"", ""cave"", ""men""]",hatespeech,Caucasian,"[0, 0, 0, 0, 0, 0, 1, 1, 1, 1, 0, 0, 0, 0, 0, 1, 1, 1]","[""black"", ""people"", ""are"", ""retarded"", ""white"", ""cave"", ""men""]",4,18,7,True,hatespeech,"[0, 0, 0, 0, 0, 0, 1, 1, 1, 1, 0, 0, 0, 0, 0, 0, 0, 0]","[""black"", ""people"", ""are"", ""retarded""]"
1178750430219780098_twitter,train,<user> <user> just keep kissing his white ass,"[""<user>"", ""<user>"", ""just"", ""keep"", ""kissing"", ""his"", ""white"", ""ass""]",offensive,Caucasian,"[0, 0, 0, 0, 0, 0, 1, 1]","[""white"", ""ass""]",39,8,2,True,offensive,"[0, 0, 0, 0, 0, 0, 1, 1]","[""white"", ""ass""]"
1179098082635583489_twitter,test,<user> of course a fat white bitch is pro another fat white bitch,"[""<user>"", ""of"", ""course"", ""a"", ""fat"", ""white"", ""bitch"", ""is"", ""pro"", ""another"", ""fat"", ""white"", ""bitch""]",offensive,Caucasian,"[0, 0, 0, 0, 1, 1, 1, 0, 0, 0, 1, 1, 1]","[""fat"", ""white"", ""bitch"", ""fat"", ""white"", ""bitch""]",4,13,6,True,offensive,"[0, 0, 0, 0, 1, 1, 1, 0, 0, 0, 1, 1, 1]","[""fat"", ""white"", ""bitch"", ""fat"", ""white"", ""bitch""]"
1179098082635583489_twitter,test,<user> of course a fat white bitch is pro another fat white bitch,"[""<user>"", ""of"", ""course"", ""a"", ""fat"", ""white"", ""bitch"", ""is"", ""pro"", ""another"", ""fat"", ""white"", ""bitch""]",hatespeech,Caucasian,"[0, 0, 0, 0, 1, 1, 1, 0, 0, 0, 1, 1, 1]","[""fat"", ""white"", ""bitch"", ""fat"", ""white"", ""bitch""]",99,13,6,True,offensive,"[0, 0, 0, 0, 1, 1, 1, 0, 0, 0, 1, 1, 1]","[""fat"", ""white"", ""bitch"", ""fat"", ""white"", ""bitch""]"
1179102559241244672_twitter,train,he said bro even your texts sound redneck whatever the fuck that means 😂 🤷 🏻 ‍ ♂️ <user>,"[""he"", ""said"", ""bro"", ""even"", ""your"", ""texts"", ""sound"", ""redneck"", ""whatever"", ""the"", ""fuck"", ""that"", ""means"", ""\ud83d\ude02"", ""\ud83e\udd37"", ""\ud83c\udffb"", ""\u200d"", ""\u2642\ufe0f"", ""<user>""]",offensive,Caucasian,"[0, 0, 0, 0, 0, 0, 0, 1, 0, 0, 0, 0, 0, 0, 0, 0, 0, 0, 0]","[""redneck""]",4,19,1,True,offensive,"[0, 0, 0, 0, 0, 0, 0, 1, 0, 0, 0, 0, 0, 0, 0, 0, 0, 0, 0]","[""redneck""]"
1178784612685885441_twitter,test,<user> the privileged white devils are the only race that can not be victims of a hate crime,"[""<user>"", ""the"", ""privileged"", ""white"", ""devils"", ""are"", ""the"", ""only"", ""race"", ""that"", ""can"", ""not"", ""be"", ""victims"", ""of"", ""a"", ""hate"", ""crime""]",offensive,Caucasian,"[0, 0, 1, 1, 1, 0, 0, 0, 0, 0, 0, 0, 0, 0, 0, 0, 0, 0]","[""privileged"", ""white"", ""devils""]",1,18,3,True,offensive,"[0, 0, 1, 1, 1, 0, 0, 0, 0, 0, 0, 0, 0, 0, 0, 0, 0, 0]","[""privileged"", ""white"", ""devils""]"
1178784612685885441_twitter,test,<user> the privileged white devils are the only race that can not be victims of a hate crime,"[""<user>"", ""the"", ""privileged"", ""white"", ""devils"", ""are"", ""the"", ""only"", ""race"", ""that"", ""can"", ""not"", ""be"", ""victims"", ""of"", ""a"", ""hate"", ""crime""]",offensive,Caucasian,"[0, 0, 0, 1, 1, 0, 0, 0, 0, 0, 0, 0, 0, 0, 0, 0, 0, 0]","[""white"", ""devils""]",3,18,2,True,offensive,"[0, 0, 1, 1, 1, 0, 0, 0, 0, 0, 0, 0, 0, 0, 0, 0, 0, 0]","[""privileged"", ""white"", ""devils""]"
1178784612685885441_twitter,test,<user> the privileged white devils are the only race that can not be victims of a hate crime,"[""<user>"", ""the"", ""privileged"", ""white"", ""devils"", ""are"", ""the"", ""only"", ""race"", ""that"", ""can"", ""not"", ""be"", ""victims"", ""of"", ""a"", ""hate"", ""crime""]",hatespeech,Caucasian,"[0, 0, 1, 1, 1, 0, 0, 0, 0, 0, 0, 0, 0, 0, 0, 0, 0, 0]","[""privileged"", ""white"", ""devils""]",4,18,3,True,offensive,"[0, 0, 1, 1, 1, 0, 0, 0, 0, 0, 0, 0, 0, 0, 0, 0, 0, 0]","[""privileged"", ""white"", ""devils""]"
27002624_gab,train,for me it every month i refuse to acknowledge nigger pride or any if the others just white pride month,"[""for"", ""me"", ""it"", ""every"", ""month"", ""i"", ""refuse"", ""to"", ""acknowledge"", ""nigger"", ""pride"", ""or"", ""any"", ""if"", ""the"", ""others"", ""just"", ""white"", ""pride"", ""month""]",hatespeech,Caucasian,"[0, 0, 0, 0, 0, 0, 0, 0, 0, 1, 1, 1, 1, 1, 1, 1, 1, 1, 1, 1]","[""nigger"", ""pride"", ""or"", ""any"", ""if"", ""the"", ""others"", ""just"", ""white"", ""pride"", ""month""]",4,20,11,True,hatespeech,"[0, 0, 0, 0, 0, 0, 0, 0, 0, 1, 1, 1, 0, 0, 0, 0, 0, 1, 1, 0]","[""nigger"", ""pride"", ""or"", ""white"", ""pride""]"
23332141_gab,train,why do not you respond to my posts you white nigger lying sack of shit i called you out for being a fed <number> days before you published it on your website faggot <user> ‍,"[""why"", ""do"", ""not"", ""you"", ""respond"", ""to"", ""my"", ""posts"", ""you"", ""white"", ""nigger"", ""lying"", ""sack"", ""of"", ""shit"", ""i"", ""called"", ""you"", ""out"", ""for"", ""being"", ""a"", ""fed"", ""<number>"", ""days"", ""before"", ""you"", ""published"", ""it"", ""on"", ""your"", ""website"", ""faggot"", ""<user>"", ""\u200d""]",hatespeech,Caucasian,"[0, 0, 0, 0, 0, 0, 0, 0, 0, 1, 1, 0, 0, 0, 0, 0, 0, 0, 0, 0, 0, 0, 0, 0, 0, 0, 0, 0, 0, 0, 0, 0, 1, 0, 0]","[""white"", ""nigger"", ""faggot""]",4,35,3,True,hatespeech,"[0, 0, 0, 0, 0, 0, 0, 0, 0, 1, 1, 0, 0, 0, 0, 0, 0, 0, 0, 0, 0, 0, 0, 0, 0, 0, 0, 0, 0, 0, 0, 0, 1, 0, 0]","[""white"", ""nigger"", ""faggot""]"
23332141_gab,train,why do not you respond to my posts you white nigger lying sack of shit i called you out for being a fed <number> days before you published it on your website faggot <user> ‍,"[""why"", ""do"", ""not"", ""you"", ""respond"", ""to"", ""my"", ""posts"", ""you"", ""white"", ""nigger"", ""lying"", ""sack"", ""of"", ""shit"", ""i"", ""called"", ""you"", ""out"", ""for"", ""being"", ""a"", ""fed"", ""<number>"", ""days"", ""before"", ""you"", ""published"", ""it"", ""on"", ""your"", ""website"", ""faggot"", ""<user>"", ""\u200d""]",offensive,Caucasian,"[0, 0, 0, 0, 0, 0, 0, 0, 0, 1, 1, 1, 1, 1, 1, 0, 0, 0, 0, 0, 0, 0, 0, 0, 0, 0, 0, 0, 0, 0, 0, 0, 1, 0, 0]","[""white"", ""nigger"", ""lying"", ""sack"", ""of"", ""shit"", ""faggot""]",96,35,7,True,hatespeech,"[0, 0, 0, 0, 0, 0, 0, 0, 0, 1, 1, 0, 0, 0, 0, 0, 0, 0, 0, 0, 0, 0, 0, 0, 0, 0, 0, 0, 0, 0, 0, 0, 1, 0, 0]","[""white"", ""nigger"", ""faggot""]"
22583434_gab,train,people who use the white nigger meme are scum i avoid them like the plague talmudic autists,"[""people"", ""who"", ""use"", ""the"", ""white"", ""nigger"", ""meme"", ""are"", ""scum"", ""i"", ""avoid"", ""them"", ""like"", ""the"", ""plague"", ""talmudic"", ""autists""]",hatespeech,Caucasian,"[0, 0, 0, 0, 1, 1, 0, 0, 0, 0, 0, 0, 0, 0, 0, 0, 0]","[""white"", ""nigger""]",4,17,2,True,hatespeech,"[0, 0, 0, 0, 1, 1, 0, 0, 0, 0, 0, 0, 0, 0, 0, 0, 0]","[""white"", ""nigger""]"
22583434_gab,train,people who use the white nigger meme are scum i avoid them like the plague talmudic autists,"[""people"", ""who"", ""use"", ""the"", ""white"", ""nigger"", ""meme"", ""are"", ""scum"", ""i"", ""avoid"", ""them"", ""like"", ""the"", ""plague"", ""talmudic"", ""autists""]",hatespeech,Caucasian,"[0, 0, 0, 0, 1, 1, 0, 0, 0, 0, 0, 0, 0, 0, 0, 0, 0]","[""white"", ""nigger""]",46,17,2,True,hatespeech,"[0, 0, 0, 0, 1, 1, 0, 0, 0, 0, 0, 0, 0, 0, 0, 0, 0]","[""white"", ""nigger""]"
13063961_gab,train,also that he a faggot and serial mudshark,"[""also"", ""that"", ""he"", ""a"", ""faggot"", ""and"", ""serial"", ""mudshark""]",hatespeech,Caucasian,"[0, 0, 0, 0, 1, 1, 1, 1]","[""faggot"", ""and"", ""serial"", ""mudshark""]",4,8,4,True,hatespeech,"[0, 0, 0, 0, 1, 1, 1, 1]","[""faggot"", ""and"", ""serial"", ""mudshark""]"
19658982_gab,val,this is what <number> years of kike brainwashing does to white kids sad,"[""this"", ""is"", ""what"", ""<number>"", ""years"", ""of"", ""kike"", ""brainwashing"", ""does"", ""to"", ""white"", ""kids"", ""sad""]",hatespeech,Caucasian,"[0, 0, 0, 0, 0, 0, 1, 0, 0, 0, 0, 0, 0]","[""kike""]",108,13,1,True,hatespeech,"[0, 0, 0, 0, 0, 0, 1, 0, 0, 0, 0, 0, 0]","[""kike""]"
19658982_gab,val,this is what <number> years of kike brainwashing does to white kids sad,"[""this"", ""is"", ""what"", ""<number>"", ""years"", ""of"", ""kike"", ""brainwashing"", ""does"", ""to"", ""white"", ""kids"", ""sad""]",hatespeech,Caucasian,"[0, 0, 0, 0, 0, 0, 1, 1, 1, 1, 1, 1, 0]","[""kike"", ""brainwashing"", ""does"", ""to"", ""white"", ""kids""]",4,13,6,True,hatespeech,"[0, 0, 0, 0, 0, 0, 1, 0, 0, 0, 0, 0, 0]","[""kike""]"
21455262_gab,train,love how leftist feminists take our lingo and try and use it in a sentence you suck at this and probably bj too it why you went full carpet muncher bet you would have loved this dyke to be president,"[""love"", ""how"", ""leftist"", ""feminists"", ""take"", ""our"", ""lingo"", ""and"", ""try"", ""and"", ""use"", ""it"", ""in"", ""a"", ""sentence"", ""you"", ""suck"", ""at"", ""this"", ""and"", ""probably"", ""bj"", ""too"", ""it"", ""why"", ""you"", ""went"", ""full"", ""carpet"", ""muncher"", ""bet"", ""you"", ""would"", ""have"", ""loved"", ""this"", ""dyke"", ""to"", ""be"", ""president""]",offensive,Caucasian,"[0, 0, 0, 0, 0, 0, 0, 0, 0, 0, 0, 0, 0, 0, 0, 0, 0, 0, 0, 0, 0, 0, 0, 0, 0, 0, 0, 0, 0, 0, 0, 0, 0, 0, 0, 0, 1, 0, 0, 0]","[""dyke""]",108,40,1,True,offensive,"[0, 0, 0, 0, 0, 0, 0, 0, 0, 0, 0, 0, 0, 0, 0, 0, 0, 0, 0, 0, 0, 0, 0, 0, 0, 0, 0, 0, 0, 0, 0, 0, 0, 0, 0, 0, 1, 0, 0, 0]","[""dyke""]"
1179017320016076800_twitter,test,dying at all the hillbilly canton moms on social media like if you yell at my son i will kill you with these redneck bare hands chill out sabrina all you are gonna do is give me the stink eye at the drive through cig place and keep it moving lmao,"[""dying"", ""at"", ""all"", ""the"", ""hillbilly"", ""canton"", ""moms"", ""on"", ""social"", ""media"", ""like"", ""if"", ""you"", ""yell"", ""at"", ""my"", ""son"", ""i"", ""will"", ""kill"", ""you"", ""with"", ""these"", ""redneck"", ""bare"", ""hands"", ""chill"", ""out"", ""sabrina"", ""all"", ""you"", ""are"", ""gonna"", ""do"", ""is"", ""give"", ""me"", ""the"", ""stink"", ""eye"", ""at"", ""the"", ""drive"", ""through"", ""cig"", ""place"", ""and"", ""keep"", ""it"", ""moving"", ""lmao""]",hatespeech,Caucasian,"[0, 0, 0, 0, 1, 0, 0, 0, 0, 0, 0, 0, 0, 0, 0, 0, 0, 0, 0, 0, 0, 0, 0, 1, 0, 0, 0, 0, 0, 0, 0, 0, 0, 0, 0, 0, 0, 0, 0, 0, 0, 0, 0, 0, 0, 0, 0, 0, 0, 0, 0]","[""hillbilly"", ""redneck""]",70,51,2,True,offensive,"[0, 0, 0, 0, 1, 0, 0, 0, 0, 0, 0, 0, 0, 0, 0, 0, 0, 0, 0, 0, 0, 0, 0, 0, 0, 0, 0, 0, 0, 0, 0, 0, 0, 0, 0, 0, 0, 0, 0, 0, 0, 0, 0, 0, 0, 0, 0, 0, 0, 0, 0]","[""hillbilly""]"
1179017320016076800_twitter,test,dying at all the hillbilly canton moms on social media like if you yell at my son i will kill you with these redneck bare hands chill out sabrina all you are gonna do is give me the stink eye at the drive through cig place and keep it moving lmao,"[""dying"", ""at"", ""all"", ""the"", ""hillbilly"", ""canton"", ""moms"", ""on"", ""social"", ""media"", ""like"", ""if"", ""you"", ""yell"", ""at"", ""my"", ""son"", ""i"", ""will"", ""kill"", ""you"", ""with"", ""these"", ""redneck"", ""bare"", ""hands"", ""chill"", ""out"", ""sabrina"", ""all"", ""you"", ""are"", ""gonna"", ""do"", ""is"", ""give"", ""me"", ""the"", ""stink"", ""eye"", ""at"", ""the"", ""drive"", ""through"", ""cig"", ""place"", ""and"", ""keep"", ""it"", ""moving"", ""lmao""]",offensive,Caucasian,"[0, 0, 0, 1, 1, 0, 0, 0, 0, 0, 0, 0, 0, 0, 0, 0, 0, 0, 0, 0, 0, 0, 0, 0, 0, 0, 0, 0, 0, 0, 0, 0, 0, 0, 0, 0, 0, 0, 0, 0, 0, 0, 0, 0, 0, 0, 0, 0, 0, 0, 0]","[""the"", ""hillbilly""]",4,51,2,True,offensive,"[0, 0, 0, 0, 1, 0, 0, 0, 0, 0, 0, 0, 0, 0, 0, 0, 0, 0, 0, 0, 0, 0, 0, 0, 0, 0, 0, 0, 0, 0, 0, 0, 0, 0, 0, 0, 0, 0, 0, 0, 0, 0, 0, 0, 0, 0, 0, 0, 0, 0, 0]","[""hillbilly""]"
1179017320016076800_twitter,test,dying at all the hillbilly canton moms on social media like if you yell at my son i will kill you with these redneck bare hands chill out sabrina all you are gonna do is give me the stink eye at the drive through cig place and keep it moving lmao,"[""dying"", ""at"", ""all"", ""the"", ""hillbilly"", ""canton"", ""moms"", ""on"", ""social"", ""media"", ""like"", ""if"", ""you"", ""yell"", ""at"", ""my"", ""son"", ""i"", ""will"", ""kill"", ""you"", ""with"", ""these"", ""redneck"", ""bare"", ""hands"", ""chill"", ""out"", ""sabrina"", ""all"", ""you"", ""are"", ""gonna"", ""do"", ""is"", ""give"", ""me"", ""the"", ""stink"", ""eye"", ""at"", ""the"", ""drive"", ""through"", ""cig"", ""place"", ""and"", ""keep"", ""it"", ""moving"", ""lmao""]",offensive,Caucasian,"[0, 0, 0, 0, 1, 0, 0, 0, 0, 0, 0, 0, 0, 0, 0, 0, 0, 0, 0, 0, 0, 0, 0, 0, 0, 0, 0, 0, 0, 0, 0, 0, 0, 0, 0, 0, 0, 0, 0, 0, 0, 0, 0, 0, 0, 0, 0, 0, 0, 0, 0]","[""hillbilly""]",39,51,1,True,offensive,"[0, 0, 0, 0, 1, 0, 0, 0, 0, 0, 0, 0, 0, 0, 0, 0, 0, 0, 0, 0, 0, 0, 0, 0, 0, 0, 0, 0, 0, 0, 0, 0, 0, 0, 0, 0, 0, 0, 0, 0, 0, 0, 0, 0, 0, 0, 0, 0, 0, 0, 0]","[""hillbilly""]"
1179089848478470144_twitter,train,psych professor why are white young females most likely to suffer from migraines me under my breath cause hoes mad,"[""psych"", ""professor"", ""why"", ""are"", ""white"", ""young"", ""females"", ""most"", ""likely"", ""to"", ""suffer"", ""from"", ""migraines"", ""me"", ""under"", ""my"", ""breath"", ""cause"", ""hoes"", ""mad""]",offensive,Caucasian,"[0, 0, 0, 0, 1, 1, 1, 0, 0, 0, 0, 0, 0, 0, 0, 0, 0, 1, 1, 1]","[""white"", ""young"", ""females"", ""cause"", ""hoes"", ""mad""]",4,20,6,True,offensive,"[0, 0, 0, 0, 0, 0, 0, 0, 0, 0, 0, 0, 0, 0, 0, 0, 0, 0, 1, 1]","[""hoes"", ""mad""]"
24430545_gab,test,i am triggered you cry over down votes i will bet mini me would be at your white nigger ass,"[""i"", ""am"", ""triggered"", ""you"", ""cry"", ""over"", ""down"", ""votes"", ""i"", ""will"", ""bet"", ""mini"", ""me"", ""would"", ""be"", ""at"", ""your"", ""white"", ""nigger"", ""ass""]",hatespeech,Caucasian,"[0, 0, 0, 0, 0, 0, 0, 0, 0, 0, 0, 0, 0, 0, 0, 0, 0, 1, 1, 1]","[""white"", ""nigger"", ""ass""]",4,20,3,True,hatespeech,"[0, 0, 0, 0, 0, 0, 0, 0, 0, 0, 0, 0, 0, 0, 0, 0, 0, 0, 1, 0]","[""nigger""]"
27963770_gab,train,filthy mudshark rebels against her cop daddy by burning coal and puts him in trouble trying to rescue her before the nigger damages or murders her,"[""filthy"", ""mudshark"", ""rebels"", ""against"", ""her"", ""cop"", ""daddy"", ""by"", ""burning"", ""coal"", ""and"", ""puts"", ""him"", ""in"", ""trouble"", ""trying"", ""to"", ""rescue"", ""her"", ""before"", ""the"", ""nigger"", ""damages"", ""or"", ""murders"", ""her""]",hatespeech,Caucasian,"[1, 1, 0, 0, 0, 0, 0, 0, 0, 0, 0, 0, 0, 0, 0, 0, 0, 0, 0, 0, 1, 1, 1, 1, 1, 1]","[""filthy"", ""mudshark"", ""the"", ""nigger"", ""damages"", ""or"", ""murders"", ""her""]",4,26,8,True,offensive,"[0, 1, 0, 0, 0, 0, 0, 0, 0, 0, 0, 0, 0, 0, 0, 0, 0, 0, 0, 0, 0, 1, 0, 0, 0, 0]","[""mudshark"", ""nigger""]"
7402021_gab,train,bathing in honky privilege,"[""bathing"", ""in"", ""honky"", ""privilege""]",offensive,Caucasian,"[0, 0, 1, 0]","[""honky""]",7,4,1,True,offensive,"[0, 0, 1, 0]","[""honky""]"
7402021_gab,train,bathing in honky privilege,"[""bathing"", ""in"", ""honky"", ""privilege""]",hatespeech,Caucasian,"[0, 0, 1, 0]","[""honky""]",4,4,1,True,offensive,"[0, 0, 1, 0]","[""honky""]"
7402021_gab,train,bathing in honky privilege,"[""bathing"", ""in"", ""honky"", ""privilege""]",offensive,Caucasian,"[0, 0, 1, 1]","[""honky"", ""privilege""]",6,4,2,True,offensive,"[0, 0, 1, 0]","[""honky""]"
23038830_gab,train,whites are the victims as always blacks are the aggressors look back to slavery blacks started slavery continue to take slaves today <number> <number> people are held in slavery by black moslem garbage,"[""whites"", ""are"", ""the"", ""victims"", ""as"", ""always"", ""blacks"", ""are"", ""the"", ""aggressors"", ""look"", ""back"", ""to"", ""slavery"", ""blacks"", ""started"", ""slavery"", ""continue"", ""to"", ""take"", ""slaves"", ""today"", ""<number>"", ""<number>"", ""people"", ""are"", ""held"", ""in"", ""slavery"", ""by"", ""black"", ""moslem"", ""garbage""]",hatespeech,Caucasian,"[1, 1, 1, 1, 1, 1, 1, 1, 1, 1, 0, 0, 0, 0, 0, 0, 0, 0, 0, 0, 0, 0, 0, 0, 0, 0, 0, 0, 0, 0, 1, 1, 1]","[""whites"", ""are"", ""the"", ""victims"", ""as"", ""always"", ""blacks"", ""are"", ""the"", ""aggressors"", ""black"", ""moslem"", ""garbage""]",4,33,13,True,hatespeech,"[0, 0, 0, 0, 0, 0, 1, 1, 1, 1, 0, 0, 0, 0, 0, 0, 0, 0, 0, 0, 0, 0, 0, 0, 0, 0, 0, 0, 0, 0, 1, 1, 1]","[""blacks"", ""are"", ""the"", ""aggressors"", ""black"", ""moslem"", ""garbage""]"
1178604033570947072_twitter,train,<user> remember he married to a mud shark,"[""<user>"", ""remember"", ""he"", ""married"", ""to"", ""a"", ""mud"", ""shark""]",hatespeech,Caucasian,"[0, 0, 0, 0, 0, 0, 1, 1]","[""mud"", ""shark""]",4,8,2,True,hatespeech,"[0, 0, 0, 0, 0, 0, 1, 1]","[""mud"", ""shark""]"
26269323_gab,train,i smile when i see lgbtq jews same with mudshark jews breed em out of existence the only good jew is a queer jew japs ❤️ bbc,"[""i"", ""smile"", ""when"", ""i"", ""see"", ""lgbtq"", ""jews"", ""same"", ""with"", ""mudshark"", ""jews"", ""breed"", ""em"", ""out"", ""of"", ""existence"", ""the"", ""only"", ""good"", ""jew"", ""is"", ""a"", ""queer"", ""jew"", ""japs"", ""\u2764\ufe0f"", ""bbc""]",hatespeech,Caucasian,"[0, 0, 0, 0, 0, 0, 0, 0, 0, 1, 1, 1, 1, 1, 1, 1, 1, 1, 1, 1, 1, 1, 1, 1, 0, 0, 0]","[""mudshark"", ""jews"", ""breed"", ""em"", ""out"", ""of"", ""existence"", ""the"", ""only"", ""good"", ""jew"", ""is"", ""a"", ""queer"", ""jew""]",4,27,15,True,hatespeech,"[0, 0, 0, 0, 0, 0, 0, 0, 0, 1, 1, 1, 1, 1, 1, 1, 0, 0, 0, 0, 0, 0, 0, 0, 0, 0, 0]","[""mudshark"", ""jews"", ""breed"", ""em"", ""out"", ""of"", ""existence""]"
7981655_gab,train,skank mudshark has to shop at the dollar store cause shes a single mom,"[""skank"", ""mudshark"", ""has"", ""to"", ""shop"", ""at"", ""the"", ""dollar"", ""store"", ""cause"", ""shes"", ""a"", ""single"", ""mom""]",hatespeech,Caucasian,"[1, 1, 0, 0, 0, 0, 0, 0, 0, 0, 0, 0, 0, 0]","[""skank"", ""mudshark""]",4,14,2,True,hatespeech,"[1, 1, 0, 0, 0, 0, 0, 0, 0, 0, 0, 0, 0, 0]","[""skank"", ""mudshark""]"
1178514233085984768_twitter,train,<user> <user> is not chad one of those shithole countries tromp talked about 🤔,"[""<user>"", ""<user>"", ""is"", ""not"", ""chad"", ""one"", ""of"", ""those"", ""shithole"", ""countries"", ""tromp"", ""talked"", ""about"", ""\ud83e\udd14""]",hatespeech,Caucasian,"[0, 0, 0, 0, 0, 0, 0, 0, 1, 0, 1, 0, 0, 0]","[""shithole"", ""tromp""]",127,14,2,True,hatespeech,"[0, 0, 0, 0, 0, 0, 0, 0, 1, 1, 0, 0, 0, 0]","[""shithole"", ""countries""]"
15982304_gab,train,shit like this is what leads to civil war cuomo and his pedo son along with the rest of the muzzie lovers need to wake the fuck up,"[""shit"", ""like"", ""this"", ""is"", ""what"", ""leads"", ""to"", ""civil"", ""war"", ""cuomo"", ""and"", ""his"", ""pedo"", ""son"", ""along"", ""with"", ""the"", ""rest"", ""of"", ""the"", ""muzzie"", ""lovers"", ""need"", ""to"", ""wake"", ""the"", ""fuck"", ""up""]",hatespeech,Caucasian,"[0, 0, 0, 0, 0, 0, 0, 0, 0, 0, 0, 0, 1, 1, 0, 0, 0, 0, 0, 0, 1, 1, 0, 0, 0, 0, 1, 1]","[""pedo"", ""son"", ""muzzie"", ""lovers"", ""fuck"", ""up""]",127,28,6,True,hatespeech,"[0, 0, 0, 0, 0, 0, 0, 0, 0, 0, 0, 0, 1, 0, 0, 0, 0, 0, 0, 0, 1, 1, 0, 0, 0, 0, 0, 0]","[""pedo"", ""muzzie"", ""lovers""]"
24438781_gab,val,the kike code is the death of white western civilization,"[""the"", ""kike"", ""code"", ""is"", ""the"", ""death"", ""of"", ""white"", ""western"", ""civilization""]",hatespeech,Caucasian,"[1, 1, 1, 1, 1, 1, 1, 1, 1, 1]","[""the"", ""kike"", ""code"", ""is"", ""the"", ""death"", ""of"", ""white"", ""western"", ""civilization""]",4,10,10,True,hatespeech,"[0, 1, 0, 0, 0, 0, 0, 0, 0, 0]","[""kike""]"
1178841761445302272_twitter,train,skinny white bitch who bullied me for being fat in middle school omg i am so thicc 🤪 😫 💦,"[""skinny"", ""white"", ""bitch"", ""who"", ""bullied"", ""me"", ""for"", ""being"", ""fat"", ""in"", ""middle"", ""school"", ""omg"", ""i"", ""am"", ""so"", ""thicc"", ""\ud83e\udd2a"", ""\ud83d\ude2b"", ""\ud83d\udca6""]",offensive,Caucasian,"[1, 1, 1, 0, 0, 0, 0, 0, 0, 0, 0, 0, 0, 0, 0, 0, 0, 0, 0, 0]","[""skinny"", ""white"", ""bitch""]",4,20,3,True,offensive,"[0, 0, 1, 0, 0, 0, 0, 0, 0, 0, 0, 0, 0, 0, 0, 0, 0, 0, 0, 0]","[""bitch""]"
1179104697505857536_twitter,train,the new white bitch from mario kart is op,"[""the"", ""new"", ""white"", ""bitch"", ""from"", ""mario"", ""kart"", ""is"", ""op""]",offensive,Caucasian,"[0, 0, 1, 1, 0, 0, 0, 0, 0]","[""white"", ""bitch""]",3,9,2,True,offensive,"[0, 0, 1, 1, 0, 0, 0, 0, 0]","[""white"", ""bitch""]"
21803415_gab,train,i remember tae bo being some infomercial in the 9 0 of a nigger teaching white women in spandex how to do minor jabs and kicks if you buy the video at <number> bucks a pop,"[""i"", ""remember"", ""tae"", ""bo"", ""being"", ""some"", ""infomercial"", ""in"", ""the"", ""9"", ""0"", ""of"", ""a"", ""nigger"", ""teaching"", ""white"", ""women"", ""in"", ""spandex"", ""how"", ""to"", ""do"", ""minor"", ""jabs"", ""and"", ""kicks"", ""if"", ""you"", ""buy"", ""the"", ""video"", ""at"", ""<number>"", ""bucks"", ""a"", ""pop""]",hatespeech,Caucasian,"[0, 0, 0, 0, 0, 0, 0, 0, 0, 0, 0, 0, 0, 1, 0, 0, 0, 0, 0, 0, 0, 0, 0, 0, 0, 0, 0, 0, 0, 0, 0, 0, 0, 0, 0, 0]","[""nigger""]",4,36,1,True,hatespeech,"[0, 0, 0, 0, 0, 0, 0, 0, 0, 0, 0, 0, 0, 1, 0, 0, 0, 0, 0, 0, 0, 0, 0, 0, 0, 0, 0, 0, 0, 0, 0, 0, 0, 0, 0, 0]","[""nigger""]"
1178961875209375745_twitter,train,<user> <user> <user> <user> <user> <user> amazing to see i love it because in my neck of the redneck world the people are oddly sheltered in <number>,"[""<user>"", ""<user>"", ""<user>"", ""<user>"", ""<user>"", ""<user>"", ""amazing"", ""to"", ""see"", ""i"", ""love"", ""it"", ""because"", ""in"", ""my"", ""neck"", ""of"", ""the"", ""redneck"", ""world"", ""the"", ""people"", ""are"", ""oddly"", ""sheltered"", ""in"", ""<number>""]",offensive,Caucasian,"[0, 0, 0, 0, 0, 0, 0, 0, 0, 0, 0, 0, 0, 0, 0, 0, 0, 0, 1, 0, 0, 0, 0, 0, 0, 0, 0]","[""redneck""]",10,27,1,True,offensive,"[0, 0, 0, 0, 0, 0, 0, 0, 0, 0, 0, 0, 0, 0, 0, 0, 0, 0, 1, 0, 0, 0, 0, 0, 0, 0, 0]","[""redneck""]"
1179061829655547906_twitter,train,<user> also people identifying white men who have been radicalized to view women as disposable sex objects and are linked to multiple mass murders is not the same as the fucking holocaust my god incels are so fucking ridiculous,"[""<user>"", ""also"", ""people"", ""identifying"", ""white"", ""men"", ""who"", ""have"", ""been"", ""radicalized"", ""to"", ""view"", ""women"", ""as"", ""disposable"", ""sex"", ""objects"", ""and"", ""are"", ""linked"", ""to"", ""multiple"", ""mass"", ""murders"", ""is"", ""not"", ""the"", ""same"", ""as"", ""the"", ""fucking"", ""holocaust"", ""my"", ""god"", ""incels"", ""are"", ""so"", ""fucking"", ""ridiculous""]",offensive,Caucasian,"[0, 0, 0, 0, 1, 1, 1, 1, 1, 1, 1, 1, 1, 1, 1, 1, 1, 0, 0, 0, 0, 0, 0, 0, 0, 0, 0, 0, 0, 0, 0, 0, 0, 1, 1, 1, 1, 1, 1]","[""white"", ""men"", ""who"", ""have"", ""been"", ""radicalized"", ""to"", ""view"", ""women"", ""as"", ""disposable"", ""sex"", ""objects"", ""god"", ""incels"", ""are"", ""so"", ""fucking"", ""ridiculous""]",4,39,19,True,offensive,"[0, 0, 0, 0, 0, 0, 0, 0, 0, 0, 0, 0, 0, 0, 0, 0, 0, 0, 0, 0, 0, 0, 0, 0, 0, 0, 0, 0, 0, 0, 0, 0, 0, 0, 1, 0, 0, 0, 0]","[""incels""]"
1179083861441093632_twitter,train,<user> <user> <user> they d probably say it tends toward redneck new zealander but the sentiment is the same,"[""<user>"", ""<user>"", ""<user>"", ""they"", ""d"", ""probably"", ""say"", ""it"", ""tends"", ""toward"", ""redneck"", ""new"", ""zealander"", ""but"", ""the"", ""sentiment"", ""is"", ""the"", ""same""]",offensive,Caucasian,"[0, 0, 0, 0, 0, 0, 0, 0, 0, 0, 1, 0, 0, 0, 0, 0, 0, 0, 0]","[""redneck""]",46,19,1,True,offensive,"[0, 0, 0, 0, 0, 0, 0, 0, 0, 0, 1, 0, 0, 0, 0, 0, 0, 0, 0]","[""redneck""]"
20781169_gab,train,demi mawby is a mudshark unfortunately,"[""demi"", ""mawby"", ""is"", ""a"", ""mudshark"", ""unfortunately""]",hatespeech,Caucasian,"[0, 0, 0, 0, 1, 0]","[""mudshark""]",4,6,1,True,hatespeech,"[0, 0, 0, 0, 1, 0]","[""mudshark""]"
15595723_gab,val,what are you a pathetic loser who jacks off to a mudshark who would not piss on him if he were on fire hit up her patreon goy she might notice you lol,"[""what"", ""are"", ""you"", ""a"", ""pathetic"", ""loser"", ""who"", ""jacks"", ""off"", ""to"", ""a"", ""mudshark"", ""who"", ""would"", ""not"", ""piss"", ""on"", ""him"", ""if"", ""he"", ""were"", ""on"", ""fire"", ""hit"", ""up"", ""her"", ""patreon"", ""goy"", ""she"", ""might"", ""notice"", ""you"", ""lol""]",hatespeech,Caucasian,"[0, 0, 0, 0, 0, 1, 1, 1, 1, 1, 1, 1, 1, 1, 1, 1, 1, 1, 1, 1, 1, 1, 1, 0, 0, 0, 0, 1, 0, 0, 0, 0, 0]","[""loser"", ""who"", ""jacks"", ""off"", ""to"", ""a"", ""mudshark"", ""who"", ""would"", ""not"", ""piss"", ""on"", ""him"", ""if"", ""he"", ""were"", ""on"", ""fire"", ""goy""]",4,33,19,True,hatespeech,"[0, 0, 0, 0, 0, 0, 0, 0, 0, 0, 0, 1, 0, 0, 0, 1, 0, 0, 0, 0, 0, 0, 0, 0, 0, 0, 0, 0, 0, 0, 0, 0, 0]","[""mudshark"", ""piss""]"
1178867069414043648_twitter,train,fucking hate white people,"[""fucking"", ""hate"", ""white"", ""people""]",hatespeech,Caucasian,"[1, 1, 1, 0]","[""fucking"", ""hate"", ""white""]",1,4,3,True,hatespeech,"[0, 1, 1, 1]","[""hate"", ""white"", ""people""]"
1178867069414043648_twitter,train,fucking hate white people,"[""fucking"", ""hate"", ""white"", ""people""]",hatespeech,Caucasian,"[0, 1, 1, 1]","[""hate"", ""white"", ""people""]",37,4,3,True,hatespeech,"[0, 1, 1, 1]","[""hate"", ""white"", ""people""]"
1178867069414043648_twitter,train,fucking hate white people,"[""fucking"", ""hate"", ""white"", ""people""]",hatespeech,Caucasian,"[0, 1, 1, 1]","[""hate"", ""white"", ""people""]",17,4,3,True,hatespeech,"[0, 1, 1, 1]","[""hate"", ""white"", ""people""]"
1178827615811067904_twitter,val,<user> i do not know but the power of pasco turned her into trailer trash when she go there,"[""<user>"", ""i"", ""do"", ""not"", ""know"", ""but"", ""the"", ""power"", ""of"", ""pasco"", ""turned"", ""her"", ""into"", ""trailer"", ""trash"", ""when"", ""she"", ""go"", ""there""]",hatespeech,Caucasian,"[0, 0, 0, 0, 0, 0, 0, 0, 0, 0, 0, 0, 0, 1, 1, 0, 0, 0, 0]","[""trailer"", ""trash""]",54,19,2,True,hatespeech,"[0, 0, 0, 0, 0, 0, 0, 0, 0, 0, 0, 0, 0, 1, 1, 0, 0, 0, 0]","[""trailer"", ""trash""]"
1178829623066423298_twitter,train,<user> lol nazi white trash is exactly like poor mexicans here theyre called colombias same balance of poor dumbness,"[""<user>"", ""lol"", ""nazi"", ""white"", ""trash"", ""is"", ""exactly"", ""like"", ""poor"", ""mexicans"", ""here"", ""theyre"", ""called"", ""colombias"", ""same"", ""balance"", ""of"", ""poor"", ""dumbness""]",hatespeech,Caucasian,"[0, 0, 1, 1, 1, 0, 0, 0, 0, 0, 0, 0, 0, 0, 0, 0, 0, 0, 0]","[""nazi"", ""white"", ""trash""]",44,19,3,True,hatespeech,"[0, 0, 1, 1, 1, 0, 0, 0, 0, 0, 0, 0, 0, 0, 0, 0, 0, 0, 0]","[""nazi"", ""white"", ""trash""]"
1178829623066423298_twitter,train,<user> lol nazi white trash is exactly like poor mexicans here theyre called colombias same balance of poor dumbness,"[""<user>"", ""lol"", ""nazi"", ""white"", ""trash"", ""is"", ""exactly"", ""like"", ""poor"", ""mexicans"", ""here"", ""theyre"", ""called"", ""colombias"", ""same"", ""balance"", ""of"", ""poor"", ""dumbness""]",hatespeech,Caucasian,"[0, 0, 1, 1, 1, 0, 0, 0, 0, 0, 0, 0, 0, 0, 0, 0, 0, 0, 0]","[""nazi"", ""white"", ""trash""]",4,19,3,True,hatespeech,"[0, 0, 1, 1, 1, 0, 0, 0, 0, 0, 0, 0, 0, 0, 0, 0, 0, 0, 0]","[""nazi"", ""white"", ""trash""]"
1179102478710837249_twitter,test,<user> i am black with all white freinds taco man,"[""<user>"", ""i"", ""am"", ""black"", ""with"", ""all"", ""white"", ""freinds"", ""taco"", ""man""]",offensive,Caucasian,"[0, 0, 0, 0, 0, 0, 0, 0, 1, 1]","[""taco"", ""man""]",134,10,2,True,offensive,"[0, 0, 0, 0, 0, 0, 0, 0, 1, 1]","[""taco"", ""man""]"
1178195367982227456_twitter,train,stg i fucking hate white girls yo,"[""stg"", ""i"", ""fucking"", ""hate"", ""white"", ""girls"", ""yo""]",hatespeech,Caucasian,"[0, 1, 1, 1, 1, 1, 0]","[""i"", ""fucking"", ""hate"", ""white"", ""girls""]",1,7,5,True,hatespeech,"[0, 0, 0, 1, 1, 1, 0]","[""hate"", ""white"", ""girls""]"
1178195367982227456_twitter,train,stg i fucking hate white girls yo,"[""stg"", ""i"", ""fucking"", ""hate"", ""white"", ""girls"", ""yo""]",hatespeech,Caucasian,"[0, 0, 0, 1, 1, 1, 0]","[""hate"", ""white"", ""girls""]",4,7,3,True,hatespeech,"[0, 0, 0, 1, 1, 1, 0]","[""hate"", ""white"", ""girls""]"
1178812675381501957_twitter,train,<user> you know them white hoes be slow,"[""<user>"", ""you"", ""know"", ""them"", ""white"", ""hoes"", ""be"", ""slow""]",offensive,Caucasian,"[0, 0, 0, 0, 1, 1, 1, 1]","[""white"", ""hoes"", ""be"", ""slow""]",4,8,4,True,offensive,"[0, 0, 0, 0, 1, 1, 0, 0]","[""white"", ""hoes""]"
1179103697495830534_twitter,train,<user> mm sounds more like white trash 😂 😂 😂,"[""<user>"", ""mm"", ""sounds"", ""more"", ""like"", ""white"", ""trash"", ""\ud83d\ude02"", ""\ud83d\ude02"", ""\ud83d\ude02""]",offensive,Caucasian,"[0, 0, 0, 0, 0, 1, 1, 0, 0, 0]","[""white"", ""trash""]",25,10,2,True,hatespeech,"[0, 0, 0, 0, 0, 1, 1, 0, 0, 0]","[""white"", ""trash""]"
1179103697495830534_twitter,train,<user> mm sounds more like white trash 😂 😂 😂,"[""<user>"", ""mm"", ""sounds"", ""more"", ""like"", ""white"", ""trash"", ""\ud83d\ude02"", ""\ud83d\ude02"", ""\ud83d\ude02""]",hatespeech,Caucasian,"[0, 0, 0, 0, 0, 1, 1, 0, 0, 0]","[""white"", ""trash""]",106,10,2,True,hatespeech,"[0, 0, 0, 0, 0, 1, 1, 0, 0, 0]","[""white"", ""trash""]"
1179103697495830534_twitter,train,<user> mm sounds more like white trash 😂 😂 😂,"[""<user>"", ""mm"", ""sounds"", ""more"", ""like"", ""white"", ""trash"", ""\ud83d\ude02"", ""\ud83d\ude02"", ""\ud83d\ude02""]",hatespeech,Caucasian,"[0, 0, 0, 0, 0, 1, 1, 0, 0, 0]","[""white"", ""trash""]",4,10,2,True,hatespeech,"[0, 0, 0, 0, 0, 1, 1, 0, 0, 0]","[""white"", ""trash""]"
1178860861357772800_twitter,train,<user> more white trailer trash trump supporters,"[""<user>"", ""more"", ""white"", ""trailer"", ""trash"", ""trump"", ""supporters""]",offensive,Caucasian,"[0, 0, 1, 1, 1, 0, 0]","[""white"", ""trailer"", ""trash""]",25,7,3,True,offensive,"[0, 0, 1, 1, 1, 0, 0]","[""white"", ""trailer"", ""trash""]"
1178860861357772800_twitter,train,<user> more white trailer trash trump supporters,"[""<user>"", ""more"", ""white"", ""trailer"", ""trash"", ""trump"", ""supporters""]",offensive,Caucasian,"[0, 0, 1, 1, 1, 0, 0]","[""white"", ""trailer"", ""trash""]",39,7,3,True,offensive,"[0, 0, 1, 1, 1, 0, 0]","[""white"", ""trailer"", ""trash""]"
1178860861357772800_twitter,train,<user> more white trailer trash trump supporters,"[""<user>"", ""more"", ""white"", ""trailer"", ""trash"", ""trump"", ""supporters""]",hatespeech,Caucasian,"[0, 0, 1, 1, 1, 0, 0]","[""white"", ""trailer"", ""trash""]",4,7,3,True,offensive,"[0, 0, 1, 1, 1, 0, 0]","[""white"", ""trailer"", ""trash""]"
1178355316729303042_twitter,val,my dads bitch thinks she scares us because she white trailer trash ha she forgets we grew up in the south side of laredo 😂,"[""my"", ""dads"", ""bitch"", ""thinks"", ""she"", ""scares"", ""us"", ""because"", ""she"", ""white"", ""trailer"", ""trash"", ""ha"", ""she"", ""forgets"", ""we"", ""grew"", ""up"", ""in"", ""the"", ""south"", ""side"", ""of"", ""laredo"", ""\ud83d\ude02""]",offensive,Caucasian,"[0, 0, 1, 0, 0, 0, 0, 0, 0, 1, 1, 1, 0, 0, 0, 0, 0, 0, 0, 0, 0, 0, 0, 0, 0]","[""bitch"", ""white"", ""trailer"", ""trash""]",60,25,4,True,hatespeech,"[0, 0, 1, 0, 0, 0, 0, 0, 0, 1, 1, 1, 0, 0, 0, 0, 0, 0, 0, 0, 0, 0, 0, 0, 0]","[""bitch"", ""white"", ""trailer"", ""trash""]"
1178355316729303042_twitter,val,my dads bitch thinks she scares us because she white trailer trash ha she forgets we grew up in the south side of laredo 😂,"[""my"", ""dads"", ""bitch"", ""thinks"", ""she"", ""scares"", ""us"", ""because"", ""she"", ""white"", ""trailer"", ""trash"", ""ha"", ""she"", ""forgets"", ""we"", ""grew"", ""up"", ""in"", ""the"", ""south"", ""side"", ""of"", ""laredo"", ""\ud83d\ude02""]",hatespeech,Caucasian,"[0, 0, 1, 0, 0, 0, 0, 0, 0, 1, 1, 1, 0, 0, 0, 0, 0, 0, 0, 0, 0, 0, 0, 0, 0]","[""bitch"", ""white"", ""trailer"", ""trash""]",4,25,4,True,hatespeech,"[0, 0, 1, 0, 0, 0, 0, 0, 0, 1, 1, 1, 0, 0, 0, 0, 0, 0, 0, 0, 0, 0, 0, 0, 0]","[""bitch"", ""white"", ""trailer"", ""trash""]"
11273952_gab,train,1 9 3 0 sgermany geneticjews controlled white germany via violating antitrustlaw 2 1 st century whit eusa controlled by genetic kikes enablers buffett whos white gives billions to filthy kike gates not for profit ;& traito rcongress enem ysupremecourt who refuse to enforce antitrust law,"[""1"", ""9"", ""3"", ""0"", ""sgermany"", ""geneticjews"", ""controlled"", ""white"", ""germany"", ""via"", ""violating"", ""antitrustlaw"", ""2"", ""1"", ""st"", ""century"", ""whit"", ""eusa"", ""controlled"", ""by"", ""genetic"", ""kikes"", ""enablers"", ""buffett"", ""whos"", ""white"", ""gives"", ""billions"", ""to"", ""filthy"", ""kike"", ""gates"", ""not"", ""for"", ""profit"", "";&"", ""traito"", ""rcongress"", ""enem"", ""ysupremecourt"", ""who"", ""refuse"", ""to"", ""enforce"", ""antitrust"", ""law""]",hatespeech,Caucasian,"[1, 1, 1, 1, 1, 1, 0, 0, 0, 0, 0, 0, 0, 0, 0, 0, 1, 1, 1, 1, 1, 1, 1, 0, 0, 0, 0, 0, 0, 1, 1, 1, 0, 0, 0, 0, 0, 0, 0, 0, 0, 0, 0, 0, 0, 0]","[""1"", ""9"", ""3"", ""0"", ""sgermany"", ""geneticjews"", ""whit"", ""eusa"", ""controlled"", ""by"", ""genetic"", ""kikes"", ""enablers"", ""filthy"", ""kike"", ""gates""]",4,46,16,True,hatespeech,"[1, 1, 1, 1, 1, 1, 0, 0, 0, 0, 0, 0, 0, 0, 0, 0, 0, 0, 0, 0, 1, 1, 1, 0, 0, 0, 0, 0, 0, 0, 1, 0, 0, 0, 0, 0, 0, 0, 0, 0, 0, 0, 0, 0, 0, 0]","[""1"", ""9"", ""3"", ""0"", ""sgermany"", ""geneticjews"", ""genetic"", ""kikes"", ""enablers"", ""kike""]"
27162115_gab,train,anthony bourdain was a kike that advocated for white genocide good riddance,"[""anthony"", ""bourdain"", ""was"", ""a"", ""kike"", ""that"", ""advocated"", ""for"", ""white"", ""genocide"", ""good"", ""riddance""]",hatespeech,Caucasian,"[0, 0, 0, 0, 1, 1, 1, 1, 1, 1, 0, 0]","[""kike"", ""that"", ""advocated"", ""for"", ""white"", ""genocide""]",4,12,6,True,hatespeech,"[0, 0, 0, 0, 1, 0, 0, 0, 1, 1, 0, 0]","[""kike"", ""white"", ""genocide""]"
1178759428733952001_twitter,train,i just read an instagram caption that said nothing like a monday morning send with the squad i fucking hate white people,"[""i"", ""just"", ""read"", ""an"", ""instagram"", ""caption"", ""that"", ""said"", ""nothing"", ""like"", ""a"", ""monday"", ""morning"", ""send"", ""with"", ""the"", ""squad"", ""i"", ""fucking"", ""hate"", ""white"", ""people""]",hatespeech,Caucasian,"[0, 0, 0, 0, 0, 0, 0, 0, 0, 0, 0, 0, 0, 0, 0, 0, 0, 0, 0, 1, 1, 1]","[""hate"", ""white"", ""people""]",4,22,3,True,hatespeech,"[0, 0, 0, 0, 0, 0, 0, 0, 0, 0, 0, 0, 0, 0, 0, 0, 0, 0, 0, 1, 1, 1]","[""hate"", ""white"", ""people""]"
1178759428733952001_twitter,train,i just read an instagram caption that said nothing like a monday morning send with the squad i fucking hate white people,"[""i"", ""just"", ""read"", ""an"", ""instagram"", ""caption"", ""that"", ""said"", ""nothing"", ""like"", ""a"", ""monday"", ""morning"", ""send"", ""with"", ""the"", ""squad"", ""i"", ""fucking"", ""hate"", ""white"", ""people""]",hatespeech,Caucasian,"[0, 0, 0, 0, 0, 0, 0, 0, 0, 0, 0, 0, 0, 0, 0, 0, 0, 0, 0, 1, 1, 1]","[""hate"", ""white"", ""people""]",60,22,3,True,hatespeech,"[0, 0, 0, 0, 0, 0, 0, 0, 0, 0, 0, 0, 0, 0, 0, 0, 0, 0, 0, 1, 1, 1]","[""hate"", ""white"", ""people""]"
15152821_gab,train,issue is not just islam non white immigration is an issue as whole non moslem black brown is as vile and violent rapist thieff thug as moslem ones are only difference is they do not engage in terror attacks yet issue is racial non whites have no place in white lands period,"[""issue"", ""is"", ""not"", ""just"", ""islam"", ""non"", ""white"", ""immigration"", ""is"", ""an"", ""issue"", ""as"", ""whole"", ""non"", ""moslem"", ""black"", ""brown"", ""is"", ""as"", ""vile"", ""and"", ""violent"", ""rapist"", ""thieff"", ""thug"", ""as"", ""moslem"", ""ones"", ""are"", ""only"", ""difference"", ""is"", ""they"", ""do"", ""not"", ""engage"", ""in"", ""terror"", ""attacks"", ""yet"", ""issue"", ""is"", ""racial"", ""non"", ""whites"", ""have"", ""no"", ""place"", ""in"", ""white"", ""lands"", ""period""]",hatespeech,Caucasian,"[0, 0, 0, 0, 0, 1, 1, 1, 1, 1, 1, 1, 1, 1, 1, 1, 1, 1, 1, 1, 1, 1, 1, 1, 1, 1, 1, 1, 1, 0, 0, 0, 0, 0, 0, 0, 0, 0, 0, 0, 0, 0, 0, 1, 1, 1, 1, 1, 1, 1, 1, 0]","[""non"", ""white"", ""immigration"", ""is"", ""an"", ""issue"", ""as"", ""whole"", ""non"", ""moslem"", ""black"", ""brown"", ""is"", ""as"", ""vile"", ""and"", ""violent"", ""rapist"", ""thieff"", ""thug"", ""as"", ""moslem"", ""ones"", ""are"", ""non"", ""whites"", ""have"", ""no"", ""place"", ""in"", ""white"", ""lands""]",4,52,32,True,hatespeech,"[0, 0, 0, 0, 0, 0, 0, 0, 0, 0, 0, 0, 0, 0, 0, 0, 1, 1, 1, 1, 0, 0, 0, 0, 0, 0, 0, 0, 0, 0, 0, 0, 0, 0, 0, 0, 0, 0, 0, 0, 0, 0, 0, 1, 1, 0, 0, 0, 0, 1, 1, 0]","[""brown"", ""is"", ""as"", ""vile"", ""non"", ""whites"", ""white"", ""lands""]"
26050924_gab,train,good reasons why not to mudshark,"[""good"", ""reasons"", ""why"", ""not"", ""to"", ""mudshark""]",hatespeech,Caucasian,"[0, 0, 0, 0, 0, 1]","[""mudshark""]",4,6,1,True,offensive,"[0, 0, 0, 0, 0, 1]","[""mudshark""]"
18229799_gab,train,psychopathic inbred kike djuggie schooma manages to eat his own anus,"[""psychopathic"", ""inbred"", ""kike"", ""djuggie"", ""schooma"", ""manages"", ""to"", ""eat"", ""his"", ""own"", ""anus""]",hatespeech,Caucasian,"[0, 0, 1, 0, 0, 0, 0, 0, 0, 0, 0]","[""kike""]",70,11,1,True,hatespeech,"[0, 0, 1, 0, 0, 0, 0, 0, 0, 0, 0]","[""kike""]"
1178847852384018432_twitter,train,<user> my window is closed mackinze i am worrying about myself but i guess so are you two arrogant white bitches dm me if there an issue or stop being childish and talking ya shit,"[""<user>"", ""my"", ""window"", ""is"", ""closed"", ""mackinze"", ""i"", ""am"", ""worrying"", ""about"", ""myself"", ""but"", ""i"", ""guess"", ""so"", ""are"", ""you"", ""two"", ""arrogant"", ""white"", ""bitches"", ""dm"", ""me"", ""if"", ""there"", ""an"", ""issue"", ""or"", ""stop"", ""being"", ""childish"", ""and"", ""talking"", ""ya"", ""shit""]",offensive,Caucasian,"[0, 0, 0, 0, 0, 0, 0, 0, 0, 0, 0, 0, 0, 0, 0, 0, 0, 0, 1, 1, 1, 0, 0, 0, 0, 0, 0, 0, 0, 0, 0, 0, 0, 0, 0]","[""arrogant"", ""white"", ""bitches""]",3,35,3,True,offensive,"[0, 0, 0, 0, 0, 0, 0, 0, 0, 0, 0, 0, 0, 0, 0, 0, 0, 0, 1, 1, 1, 0, 0, 0, 0, 0, 0, 0, 0, 0, 0, 0, 0, 0, 0]","[""arrogant"", ""white"", ""bitches""]"
1178847852384018432_twitter,train,<user> my window is closed mackinze i am worrying about myself but i guess so are you two arrogant white bitches dm me if there an issue or stop being childish and talking ya shit,"[""<user>"", ""my"", ""window"", ""is"", ""closed"", ""mackinze"", ""i"", ""am"", ""worrying"", ""about"", ""myself"", ""but"", ""i"", ""guess"", ""so"", ""are"", ""you"", ""two"", ""arrogant"", ""white"", ""bitches"", ""dm"", ""me"", ""if"", ""there"", ""an"", ""issue"", ""or"", ""stop"", ""being"", ""childish"", ""and"", ""talking"", ""ya"", ""shit""]",offensive,Caucasian,"[0, 0, 0, 0, 0, 0, 0, 0, 0, 0, 0, 0, 0, 0, 0, 0, 0, 1, 1, 1, 1, 0, 0, 0, 0, 0, 0, 0, 0, 0, 0, 0, 0, 0, 0]","[""two"", ""arrogant"", ""white"", ""bitches""]",4,35,4,True,offensive,"[0, 0, 0, 0, 0, 0, 0, 0, 0, 0, 0, 0, 0, 0, 0, 0, 0, 0, 1, 1, 1, 0, 0, 0, 0, 0, 0, 0, 0, 0, 0, 0, 0, 0, 0]","[""arrogant"", ""white"", ""bitches""]"
1178992202342494208_twitter,train,you dumbass redneck,"[""you"", ""dumbass"", ""redneck""]",offensive,Caucasian,"[0, 1, 1]","[""dumbass"", ""redneck""]",4,3,2,True,offensive,"[0, 0, 1]","[""redneck""]"
1178992202342494208_twitter,train,you dumbass redneck,"[""you"", ""dumbass"", ""redneck""]",offensive,Caucasian,"[0, 0, 1]","[""redneck""]",83,3,1,True,offensive,"[0, 0, 1]","[""redneck""]"
1178992202342494208_twitter,train,you dumbass redneck,"[""you"", ""dumbass"", ""redneck""]",offensive,Caucasian,"[0, 0, 1]","[""redneck""]",30,3,1,True,offensive,"[0, 0, 1]","[""redneck""]"
15674562_gab,val,taylor swift is a whore who went through a lot of men worked with jewish producers dated jew jake gyllenhaal had nigger background dancers and made love songs with shitskins she promotes drinking promiscuity racemixing and she must die for this paid too little attention to realize till now,"[""taylor"", ""swift"", ""is"", ""a"", ""whore"", ""who"", ""went"", ""through"", ""a"", ""lot"", ""of"", ""men"", ""worked"", ""with"", ""jewish"", ""producers"", ""dated"", ""jew"", ""jake"", ""gyllenhaal"", ""had"", ""nigger"", ""background"", ""dancers"", ""and"", ""made"", ""love"", ""songs"", ""with"", ""shitskins"", ""she"", ""promotes"", ""drinking"", ""promiscuity"", ""racemixing"", ""and"", ""she"", ""must"", ""die"", ""for"", ""this"", ""paid"", ""too"", ""little"", ""attention"", ""to"", ""realize"", ""till"", ""now""]",hatespeech,Caucasian,"[0, 0, 1, 1, 1, 0, 0, 0, 0, 0, 0, 0, 0, 0, 0, 0, 0, 0, 0, 0, 1, 1, 1, 1, 0, 1, 1, 1, 1, 1, 0, 0, 0, 0, 1, 0, 1, 1, 1, 1, 1, 0, 0, 0, 0, 0, 0, 0, 0]","[""is"", ""a"", ""whore"", ""had"", ""nigger"", ""background"", ""dancers"", ""made"", ""love"", ""songs"", ""with"", ""shitskins"", ""racemixing"", ""she"", ""must"", ""die"", ""for"", ""this""]",138,49,18,True,hatespeech,"[0, 0, 0, 0, 1, 0, 0, 0, 0, 0, 0, 0, 0, 0, 0, 0, 0, 0, 0, 0, 0, 1, 0, 0, 0, 0, 0, 0, 0, 1, 0, 0, 0, 0, 0, 0, 0, 0, 0, 0, 0, 0, 0, 0, 0, 0, 0, 0, 0]","[""whore"", ""nigger"", ""shitskins""]"
6081960_gab,train,it is a fictional story about a mudshark vanessa her absent black husband obi o konkwo and her rogue piccaninny child jiglet it is based on real life events and characters written in the style of the janet and john books of the 6 0,"[""it"", ""is"", ""a"", ""fictional"", ""story"", ""about"", ""a"", ""mudshark"", ""vanessa"", ""her"", ""absent"", ""black"", ""husband"", ""obi"", ""o"", ""konkwo"", ""and"", ""her"", ""rogue"", ""piccaninny"", ""child"", ""jiglet"", ""it"", ""is"", ""based"", ""on"", ""real"", ""life"", ""events"", ""and"", ""characters"", ""written"", ""in"", ""the"", ""style"", ""of"", ""the"", ""janet"", ""and"", ""john"", ""books"", ""of"", ""the"", ""6"", ""0""]",offensive,Caucasian,"[0, 0, 0, 0, 0, 0, 0, 1, 0, 0, 0, 0, 0, 0, 0, 0, 0, 0, 0, 0, 0, 0, 0, 0, 0, 0, 0, 0, 0, 0, 0, 0, 0, 0, 0, 0, 0, 0, 0, 0, 0, 0, 0, 0, 0]","[""mudshark""]",108,45,1,True,hatespeech,"[0, 0, 0, 0, 0, 0, 0, 1, 0, 0, 0, 0, 0, 0, 0, 0, 0, 0, 0, 1, 0, 0, 0, 0, 0, 0, 0, 0, 0, 0, 0, 0, 0, 0, 0, 0, 0, 0, 0, 0, 0, 0, 0, 0, 0]","[""mudshark"", ""piccaninny""]"
6081960_gab,train,it is a fictional story about a mudshark vanessa her absent black husband obi o konkwo and her rogue piccaninny child jiglet it is based on real life events and characters written in the style of the janet and john books of the 6 0,"[""it"", ""is"", ""a"", ""fictional"", ""story"", ""about"", ""a"", ""mudshark"", ""vanessa"", ""her"", ""absent"", ""black"", ""husband"", ""obi"", ""o"", ""konkwo"", ""and"", ""her"", ""rogue"", ""piccaninny"", ""child"", ""jiglet"", ""it"", ""is"", ""based"", ""on"", ""real"", ""life"", ""events"", ""and"", ""characters"", ""written"", ""in"", ""the"", ""style"", ""of"", ""the"", ""janet"", ""and"", ""john"", ""books"", ""of"", ""the"", ""6"", ""0""]",hatespeech,Caucasian,"[0, 0, 0, 0, 0, 0, 0, 1, 0, 0, 0, 0, 0, 0, 0, 0, 0, 0, 0, 1, 1, 0, 0, 0, 0, 0, 0, 0, 0, 0, 0, 0, 0, 0, 0, 0, 0, 0, 0, 0, 0, 0, 0, 0, 0]","[""mudshark"", ""piccaninny"", ""child""]",4,45,3,True,hatespeech,"[0, 0, 0, 0, 0, 0, 0, 1, 0, 0, 0, 0, 0, 0, 0, 0, 0, 0, 0, 1, 0, 0, 0, 0, 0, 0, 0, 0, 0, 0, 0, 0, 0, 0, 0, 0, 0, 0, 0, 0, 0, 0, 0, 0, 0]","[""mudshark"", ""piccaninny""]"
1178685847282962432_twitter,train,someone wanna bring my white honky ass a pumpkin spice latte,"[""someone"", ""wanna"", ""bring"", ""my"", ""white"", ""honky"", ""ass"", ""a"", ""pumpkin"", ""spice"", ""latte""]",offensive,Caucasian,"[0, 0, 0, 0, 0, 1, 0, 0, 0, 0, 0]","[""honky""]",4,11,1,True,offensive,"[0, 0, 0, 0, 0, 1, 0, 0, 0, 0, 0]","[""honky""]"
1179009714409132034_twitter,train,fucked a white bitch in the ass she shitted call it a mcflurry,"[""fucked"", ""a"", ""white"", ""bitch"", ""in"", ""the"", ""ass"", ""she"", ""shitted"", ""call"", ""it"", ""a"", ""mcflurry""]",offensive,Caucasian,"[0, 0, 1, 1, 0, 0, 0, 0, 0, 0, 0, 0, 0]","[""white"", ""bitch""]",10,13,2,True,offensive,"[0, 0, 1, 1, 0, 0, 0, 0, 0, 0, 0, 0, 0]","[""white"", ""bitch""]"
1179009714409132034_twitter,train,fucked a white bitch in the ass she shitted call it a mcflurry,"[""fucked"", ""a"", ""white"", ""bitch"", ""in"", ""the"", ""ass"", ""she"", ""shitted"", ""call"", ""it"", ""a"", ""mcflurry""]",offensive,Caucasian,"[0, 1, 1, 1, 0, 0, 0, 0, 0, 0, 0, 0, 0]","[""a"", ""white"", ""bitch""]",4,13,3,True,offensive,"[0, 0, 1, 1, 0, 0, 0, 0, 0, 0, 0, 0, 0]","[""white"", ""bitch""]"
1179090003873456129_twitter,train,you all tongue be looking nasty as shit have the nerve to stick that white ass shit out bitch disgusting,"[""you"", ""all"", ""tongue"", ""be"", ""looking"", ""nasty"", ""as"", ""shit"", ""have"", ""the"", ""nerve"", ""to"", ""stick"", ""that"", ""white"", ""ass"", ""shit"", ""out"", ""bitch"", ""disgusting""]",offensive,Caucasian,"[0, 0, 0, 0, 0, 0, 0, 0, 0, 0, 0, 0, 0, 0, 1, 1, 0, 0, 0, 0]","[""white"", ""ass""]",10,20,2,True,offensive,"[0, 0, 0, 0, 0, 0, 0, 0, 0, 0, 0, 0, 0, 0, 0, 0, 0, 0, 0, 0]",[]
13987289_gab,train,soon mudsharks will start being afraid to walk the streets good we need more mudshark shaming and ass kicking,"[""soon"", ""mudsharks"", ""will"", ""start"", ""being"", ""afraid"", ""to"", ""walk"", ""the"", ""streets"", ""good"", ""we"", ""need"", ""more"", ""mudshark"", ""shaming"", ""and"", ""ass"", ""kicking""]",hatespeech,Caucasian,"[0, 1, 0, 0, 0, 0, 0, 0, 0, 0, 0, 1, 1, 1, 1, 1, 1, 1, 1]","[""mudsharks"", ""we"", ""need"", ""more"", ""mudshark"", ""shaming"", ""and"", ""ass"", ""kicking""]",4,19,9,True,hatespeech,"[0, 1, 0, 0, 0, 0, 0, 0, 0, 0, 0, 0, 0, 0, 1, 0, 0, 1, 1]","[""mudsharks"", ""mudshark"", ""ass"", ""kicking""]"
1178813690675630081_twitter,train,<user> do not forget she called all of bills ladies trailer trash,"[""<user>"", ""do"", ""not"", ""forget"", ""she"", ""called"", ""all"", ""of"", ""bills"", ""ladies"", ""trailer"", ""trash""]",offensive,Caucasian,"[0, 0, 0, 0, 0, 0, 0, 0, 0, 0, 1, 1]","[""trailer"", ""trash""]",52,12,2,True,offensive,"[0, 0, 0, 0, 0, 0, 0, 0, 0, 0, 1, 1]","[""trailer"", ""trash""]"
1178813690675630081_twitter,train,<user> do not forget she called all of bills ladies trailer trash,"[""<user>"", ""do"", ""not"", ""forget"", ""she"", ""called"", ""all"", ""of"", ""bills"", ""ladies"", ""trailer"", ""trash""]",offensive,Caucasian,"[0, 0, 0, 0, 0, 0, 0, 0, 0, 0, 1, 1]","[""trailer"", ""trash""]",4,12,2,True,offensive,"[0, 0, 0, 0, 0, 0, 0, 0, 0, 0, 1, 1]","[""trailer"", ""trash""]"
2677289_gab,val,<user> lol i am trying hard to get tossed off twitter right now cunt nigger retard fuck white power still getting used to free speech,"[""<user>"", ""lol"", ""i"", ""am"", ""trying"", ""hard"", ""to"", ""get"", ""tossed"", ""off"", ""twitter"", ""right"", ""now"", ""cunt"", ""nigger"", ""retard"", ""fuck"", ""white"", ""power"", ""still"", ""getting"", ""used"", ""to"", ""free"", ""speech""]",hatespeech,Caucasian,"[0, 0, 0, 0, 0, 0, 0, 0, 0, 0, 0, 0, 0, 1, 1, 1, 1, 1, 1, 0, 0, 0, 0, 0, 0]","[""cunt"", ""nigger"", ""retard"", ""fuck"", ""white"", ""power""]",4,25,6,True,hatespeech,"[0, 0, 0, 0, 0, 0, 0, 0, 0, 0, 0, 0, 0, 1, 1, 1, 0, 1, 1, 0, 0, 0, 0, 0, 0]","[""cunt"", ""nigger"", ""retard"", ""white"", ""power""]"
1179071379183996929_twitter,train,they found the white bitch who killed the black guy in his own apartment guilty yea bitch you knew what you was doing ‼️,"[""they"", ""found"", ""the"", ""white"", ""bitch"", ""who"", ""killed"", ""the"", ""black"", ""guy"", ""in"", ""his"", ""own"", ""apartment"", ""guilty"", ""yea"", ""bitch"", ""you"", ""knew"", ""what"", ""you"", ""was"", ""doing"", ""\u203c\ufe0f""]",offensive,Caucasian,"[0, 0, 0, 1, 1, 0, 0, 0, 0, 0, 0, 0, 0, 0, 0, 0, 1, 0, 0, 0, 0, 0, 0, 0]","[""white"", ""bitch"", ""bitch""]",60,24,3,True,offensive,"[0, 0, 0, 1, 1, 0, 0, 0, 0, 0, 0, 0, 0, 0, 0, 0, 0, 0, 0, 0, 0, 0, 0, 0]","[""white"", ""bitch""]"
7132277_gab,val,super rich nigger super rich jew joins forces to tell us how horrible the white man is white people stop giving your money to people that hate you,"[""super"", ""rich"", ""nigger"", ""super"", ""rich"", ""jew"", ""joins"", ""forces"", ""to"", ""tell"", ""us"", ""how"", ""horrible"", ""the"", ""white"", ""man"", ""is"", ""white"", ""people"", ""stop"", ""giving"", ""your"", ""money"", ""to"", ""people"", ""that"", ""hate"", ""you""]",hatespeech,Caucasian,"[0, 0, 1, 0, 0, 0, 0, 0, 0, 0, 0, 0, 0, 0, 0, 0, 0, 1, 1, 1, 1, 1, 1, 1, 1, 1, 1, 1]","[""nigger"", ""white"", ""people"", ""stop"", ""giving"", ""your"", ""money"", ""to"", ""people"", ""that"", ""hate"", ""you""]",4,28,12,True,hatespeech,"[0, 0, 1, 0, 0, 0, 0, 0, 0, 0, 0, 0, 0, 0, 0, 0, 0, 0, 0, 0, 0, 0, 0, 0, 0, 0, 0, 0]","[""nigger""]"
24856797_gab,train,oy vey goy nordic resistance movement has too many white people in it they need a little diversity maybe a few based niggers and some based dune coons they need a few heeb lawyers too,"[""oy"", ""vey"", ""goy"", ""nordic"", ""resistance"", ""movement"", ""has"", ""too"", ""many"", ""white"", ""people"", ""in"", ""it"", ""they"", ""need"", ""a"", ""little"", ""diversity"", ""maybe"", ""a"", ""few"", ""based"", ""niggers"", ""and"", ""some"", ""based"", ""dune"", ""coons"", ""they"", ""need"", ""a"", ""few"", ""heeb"", ""lawyers"", ""too""]",offensive,Caucasian,"[0, 0, 0, 0, 0, 0, 0, 0, 0, 0, 0, 0, 0, 0, 0, 0, 0, 0, 0, 0, 0, 0, 1, 0, 0, 0, 1, 1, 0, 0, 0, 0, 1, 0, 0]","[""niggers"", ""dune"", ""coons"", ""heeb""]",78,35,4,True,hatespeech,"[0, 0, 0, 0, 0, 0, 0, 0, 0, 0, 0, 0, 0, 0, 0, 0, 0, 0, 0, 0, 0, 0, 1, 0, 0, 0, 1, 1, 0, 0, 0, 0, 1, 0, 0]","[""niggers"", ""dune"", ""coons"", ""heeb""]"
11042951_gab,val,yep and that mudshark is gonna be punished for race mixing none of their prayers will stop that god hates race mixers and that devil spawn niglet is toast prayers for that animal are not answered nor even heard stupid church cucks,"[""yep"", ""and"", ""that"", ""mudshark"", ""is"", ""gonna"", ""be"", ""punished"", ""for"", ""race"", ""mixing"", ""none"", ""of"", ""their"", ""prayers"", ""will"", ""stop"", ""that"", ""god"", ""hates"", ""race"", ""mixers"", ""and"", ""that"", ""devil"", ""spawn"", ""niglet"", ""is"", ""toast"", ""prayers"", ""for"", ""that"", ""animal"", ""are"", ""not"", ""answered"", ""nor"", ""even"", ""heard"", ""stupid"", ""church"", ""cucks""]",hatespeech,Caucasian,"[0, 0, 0, 1, 1, 1, 1, 1, 1, 1, 1, 0, 0, 0, 0, 0, 0, 0, 1, 1, 1, 1, 0, 1, 1, 1, 1, 1, 1, 0, 0, 0, 0, 0, 0, 0, 0, 0, 0, 0, 0, 0]","[""mudshark"", ""is"", ""gonna"", ""be"", ""punished"", ""for"", ""race"", ""mixing"", ""god"", ""hates"", ""race"", ""mixers"", ""that"", ""devil"", ""spawn"", ""niglet"", ""is"", ""toast""]",4,42,18,True,hatespeech,"[0, 0, 0, 1, 0, 0, 0, 0, 0, 1, 1, 0, 0, 0, 0, 0, 0, 0, 1, 1, 1, 1, 0, 0, 0, 0, 1, 0, 0, 0, 0, 0, 0, 0, 0, 0, 0, 0, 0, 0, 0, 0]","[""mudshark"", ""race"", ""mixing"", ""god"", ""hates"", ""race"", ""mixers"", ""niglet""]"
16936242_gab,train,piss off kike,"[""piss"", ""off"", ""kike""]",hatespeech,Caucasian,"[0, 0, 1]","[""kike""]",70,3,1,True,hatespeech,"[0, 0, 1]","[""kike""]"
18481616_gab,train,snow nigger is a wonderful ephitet for inuit eskimo you really are stupid are not you,"[""snow"", ""nigger"", ""is"", ""a"", ""wonderful"", ""ephitet"", ""for"", ""inuit"", ""eskimo"", ""you"", ""really"", ""are"", ""stupid"", ""are"", ""not"", ""you""]",hatespeech,Caucasian,"[1, 1, 0, 0, 0, 0, 0, 0, 0, 0, 0, 0, 0, 0, 0, 0]","[""snow"", ""nigger""]",4,16,2,True,hatespeech,"[1, 1, 0, 0, 0, 0, 0, 0, 0, 0, 0, 0, 0, 0, 0, 0]","[""snow"", ""nigger""]"
5167719_gab,train,some suggestions a visit to qcurtius com for his excellent articles podcasts on our culture greats he also favours muzzie classics but we can almost forgive him that in view of his splendid scholarship in white classics <wink> on war check out william lind his book recommendations,"[""some"", ""suggestions"", ""a"", ""visit"", ""to"", ""qcurtius"", ""com"", ""for"", ""his"", ""excellent"", ""articles"", ""podcasts"", ""on"", ""our"", ""culture"", ""greats"", ""he"", ""also"", ""favours"", ""muzzie"", ""classics"", ""but"", ""we"", ""can"", ""almost"", ""forgive"", ""him"", ""that"", ""in"", ""view"", ""of"", ""his"", ""splendid"", ""scholarship"", ""in"", ""white"", ""classics"", ""<wink>"", ""on"", ""war"", ""check"", ""out"", ""william"", ""lind"", ""his"", ""book"", ""recommendations""]",hatespeech,Caucasian,"[0, 0, 0, 0, 0, 0, 0, 0, 0, 0, 0, 0, 0, 0, 0, 0, 0, 0, 0, 1, 0, 0, 0, 0, 0, 0, 0, 0, 0, 0, 0, 0, 0, 0, 0, 1, 0, 0, 0, 0, 0, 0, 0, 0, 0, 0, 0]","[""muzzie"", ""white""]",32,47,2,True,hatespeech,"[0, 0, 0, 0, 0, 0, 0, 0, 0, 0, 0, 0, 0, 0, 0, 0, 0, 0, 0, 1, 0, 0, 0, 0, 0, 0, 0, 0, 0, 0, 0, 0, 0, 0, 0, 0, 0, 0, 0, 0, 0, 0, 0, 0, 0, 0, 0]","[""muzzie""]"
9873480_gab,train,there are white people there at the end dressed in antifa outfits fighting other contingent of whites the police they fight to let in more global refuse overflow so there can be even less whites i also noted a mudshark at the start a middle aged gay couple in the middle and the odd stray white,"[""there"", ""are"", ""white"", ""people"", ""there"", ""at"", ""the"", ""end"", ""dressed"", ""in"", ""antifa"", ""outfits"", ""fighting"", ""other"", ""contingent"", ""of"", ""whites"", ""the"", ""police"", ""they"", ""fight"", ""to"", ""let"", ""in"", ""more"", ""global"", ""refuse"", ""overflow"", ""so"", ""there"", ""can"", ""be"", ""even"", ""less"", ""whites"", ""i"", ""also"", ""noted"", ""a"", ""mudshark"", ""at"", ""the"", ""start"", ""a"", ""middle"", ""aged"", ""gay"", ""couple"", ""in"", ""the"", ""middle"", ""and"", ""the"", ""odd"", ""stray"", ""white""]",hatespeech,Caucasian,"[0, 0, 0, 0, 0, 0, 0, 0, 0, 0, 0, 0, 0, 0, 0, 0, 0, 0, 0, 0, 0, 0, 0, 0, 0, 0, 0, 0, 0, 0, 0, 0, 0, 0, 0, 0, 0, 0, 0, 1, 0, 0, 0, 0, 0, 0, 0, 0, 0, 0, 0, 0, 0, 0, 0, 0]","[""mudshark""]",4,56,1,True,hatespeech,"[0, 0, 0, 0, 0, 0, 0, 0, 0, 0, 0, 0, 0, 0, 0, 0, 0, 0, 0, 0, 0, 0, 0, 0, 0, 0, 0, 0, 0, 0, 0, 0, 0, 0, 0, 0, 0, 0, 0, 1, 0, 0, 0, 0, 0, 0, 0, 0, 0, 0, 0, 0, 0, 0, 0, 0]","[""mudshark""]"
19708776_gab,train,black history month on <date> african american oj simpson brutally murdered mudshark nicole simpson and jew ronald goldman a black jury acquitted him and black america rejoiced,"[""black"", ""history"", ""month"", ""on"", ""<date>"", ""african"", ""american"", ""oj"", ""simpson"", ""brutally"", ""murdered"", ""mudshark"", ""nicole"", ""simpson"", ""and"", ""jew"", ""ronald"", ""goldman"", ""a"", ""black"", ""jury"", ""acquitted"", ""him"", ""and"", ""black"", ""america"", ""rejoiced""]",hatespeech,Caucasian,"[0, 0, 0, 0, 0, 0, 0, 0, 0, 0, 0, 1, 0, 0, 0, 0, 0, 0, 0, 0, 0, 0, 0, 0, 0, 0, 0]","[""mudshark""]",4,27,1,True,offensive,"[0, 0, 0, 0, 0, 0, 0, 0, 0, 0, 0, 1, 0, 0, 0, 0, 0, 0, 0, 0, 0, 0, 0, 0, 0, 0, 0]","[""mudshark""]"
3BS6ERDL938R693HDJHLXA9ERBY6DJ_nf_2,train,<user> what in hillbilly hell is this new bullshit,"[""<user>"", ""what"", ""in"", ""hillbilly"", ""hell"", ""is"", ""this"", ""new"", ""bullshit""]",offensive,Caucasian,"[0, 0, 0, 1, 0, 0, 0, 0, 0]","[""hillbilly""]",4,9,1,True,offensive,"[0, 0, 0, 1, 0, 0, 0, 0, 0]","[""hillbilly""]"
1179093514635882496_twitter,test,fucking retarded white people on twitter saying the n word hiding behind an anime avi virgin,"[""fucking"", ""retarded"", ""white"", ""people"", ""on"", ""twitter"", ""saying"", ""the"", ""n"", ""word"", ""hiding"", ""behind"", ""an"", ""anime"", ""avi"", ""virgin""]",offensive,Caucasian,"[0, 1, 1, 1, 0, 0, 0, 0, 0, 0, 0, 0, 0, 0, 0, 0]","[""retarded"", ""white"", ""people""]",3,16,3,True,offensive,"[0, 1, 1, 1, 0, 0, 0, 0, 0, 0, 0, 0, 0, 0, 0, 0]","[""retarded"", ""white"", ""people""]"
1179093514635882496_twitter,test,fucking retarded white people on twitter saying the n word hiding behind an anime avi virgin,"[""fucking"", ""retarded"", ""white"", ""people"", ""on"", ""twitter"", ""saying"", ""the"", ""n"", ""word"", ""hiding"", ""behind"", ""an"", ""anime"", ""avi"", ""virgin""]",hatespeech,Caucasian,"[1, 1, 1, 1, 0, 0, 0, 0, 0, 0, 0, 0, 0, 0, 0, 0]","[""fucking"", ""retarded"", ""white"", ""people""]",4,16,4,True,offensive,"[0, 1, 1, 1, 0, 0, 0, 0, 0, 0, 0, 0, 0, 0, 0, 0]","[""retarded"", ""white"", ""people""]"
17799157_gab,train,mess kikes coons hajjis shits and feral chinks,"[""mess"", ""kikes"", ""coons"", ""hajjis"", ""shits"", ""and"", ""feral"", ""chinks""]",hatespeech,Caucasian,"[1, 1, 1, 1, 1, 1, 1, 1]","[""mess"", ""kikes"", ""coons"", ""hajjis"", ""shits"", ""and"", ""feral"", ""chinks""]",4,8,8,True,hatespeech,"[0, 1, 1, 1, 1, 0, 1, 1]","[""kikes"", ""coons"", ""hajjis"", ""shits"", ""feral"", ""chinks""]"
3284473_gab,test,<user> trump acts like a president obama acts like a nigger street punk from chicago the clintons act like white trash spoiled crybabies and sore losers,"[""<user>"", ""trump"", ""acts"", ""like"", ""a"", ""president"", ""obama"", ""acts"", ""like"", ""a"", ""nigger"", ""street"", ""punk"", ""from"", ""chicago"", ""the"", ""clintons"", ""act"", ""like"", ""white"", ""trash"", ""spoiled"", ""crybabies"", ""and"", ""sore"", ""losers""]",hatespeech,Caucasian,"[0, 0, 0, 0, 0, 0, 1, 1, 1, 1, 1, 1, 1, 1, 1, 0, 0, 1, 1, 1, 1, 0, 0, 0, 0, 0]","[""obama"", ""acts"", ""like"", ""a"", ""nigger"", ""street"", ""punk"", ""from"", ""chicago"", ""act"", ""like"", ""white"", ""trash""]",4,26,13,True,offensive,"[0, 0, 0, 0, 0, 0, 0, 0, 0, 0, 1, 0, 0, 0, 0, 0, 0, 0, 0, 0, 0, 0, 0, 0, 0, 0]","[""nigger""]"
17564174_gab,train,lol i live in a white nigger ghetto i claim no white niggerhood as a former english teacher i slum when i feel choose unlike my fellow city rats for whom its their only mode of comm,"[""lol"", ""i"", ""live"", ""in"", ""a"", ""white"", ""nigger"", ""ghetto"", ""i"", ""claim"", ""no"", ""white"", ""niggerhood"", ""as"", ""a"", ""former"", ""english"", ""teacher"", ""i"", ""slum"", ""when"", ""i"", ""feel"", ""choose"", ""unlike"", ""my"", ""fellow"", ""city"", ""rats"", ""for"", ""whom"", ""its"", ""their"", ""only"", ""mode"", ""of"", ""comm""]",hatespeech,Caucasian,"[0, 0, 0, 0, 0, 1, 1, 1, 0, 0, 0, 0, 0, 0, 0, 0, 0, 0, 0, 0, 0, 0, 0, 0, 0, 0, 0, 0, 0, 0, 0, 0, 0, 0, 0, 0, 0]","[""white"", ""nigger"", ""ghetto""]",4,37,3,True,hatespeech,"[0, 0, 0, 0, 0, 1, 1, 1, 0, 0, 0, 0, 1, 0, 0, 0, 0, 0, 0, 0, 0, 0, 0, 0, 0, 0, 0, 1, 1, 0, 0, 0, 0, 0, 0, 0, 0]","[""white"", ""nigger"", ""ghetto"", ""niggerhood"", ""city"", ""rats""]"
17564174_gab,train,lol i live in a white nigger ghetto i claim no white niggerhood as a former english teacher i slum when i feel choose unlike my fellow city rats for whom its their only mode of comm,"[""lol"", ""i"", ""live"", ""in"", ""a"", ""white"", ""nigger"", ""ghetto"", ""i"", ""claim"", ""no"", ""white"", ""niggerhood"", ""as"", ""a"", ""former"", ""english"", ""teacher"", ""i"", ""slum"", ""when"", ""i"", ""feel"", ""choose"", ""unlike"", ""my"", ""fellow"", ""city"", ""rats"", ""for"", ""whom"", ""its"", ""their"", ""only"", ""mode"", ""of"", ""comm""]",hatespeech,Caucasian,"[0, 0, 0, 0, 0, 1, 1, 1, 0, 0, 0, 1, 1, 0, 0, 0, 0, 0, 0, 0, 0, 0, 0, 0, 0, 0, 0, 1, 1, 0, 0, 0, 0, 0, 0, 0, 0]","[""white"", ""nigger"", ""ghetto"", ""white"", ""niggerhood"", ""city"", ""rats""]",96,37,7,True,hatespeech,"[0, 0, 0, 0, 0, 1, 1, 1, 0, 0, 0, 0, 1, 0, 0, 0, 0, 0, 0, 0, 0, 0, 0, 0, 0, 0, 0, 1, 1, 0, 0, 0, 0, 0, 0, 0, 0]","[""white"", ""nigger"", ""ghetto"", ""niggerhood"", ""city"", ""rats""]"
1178305106116333570_twitter,val,<user> she looks like a <number> something trailer trash single mother of <number>,"[""<user>"", ""she"", ""looks"", ""like"", ""a"", ""<number>"", ""something"", ""trailer"", ""trash"", ""single"", ""mother"", ""of"", ""<number>""]",offensive,Caucasian,"[0, 0, 0, 0, 0, 0, 0, 1, 1, 1, 1, 1, 1]","[""trailer"", ""trash"", ""single"", ""mother"", ""of"", ""<number>""]",4,13,6,True,offensive,"[0, 0, 0, 0, 0, 0, 0, 1, 1, 0, 0, 0, 0]","[""trailer"", ""trash""]"
1179075753260077057_twitter,test,i will slap da shit outta white girl bitch do not tell me you want my nigger cock,"[""i"", ""will"", ""slap"", ""da"", ""shit"", ""outta"", ""white"", ""girl"", ""bitch"", ""do"", ""not"", ""tell"", ""me"", ""you"", ""want"", ""my"", ""nigger"", ""cock""]",offensive,Caucasian,"[0, 0, 0, 0, 0, 0, 1, 1, 1, 0, 0, 0, 0, 0, 0, 0, 0, 0]","[""white"", ""girl"", ""bitch""]",4,18,3,True,offensive,"[0, 0, 0, 0, 0, 0, 1, 1, 1, 0, 0, 0, 0, 0, 0, 0, 0, 0]","[""white"", ""girl"", ""bitch""]"
1178854869366722560_twitter,val,does anyone else remember when that weird white trash wannabe gangster furry got banned for threatening baby furs with videos of his guns and money and drugs,"[""does"", ""anyone"", ""else"", ""remember"", ""when"", ""that"", ""weird"", ""white"", ""trash"", ""wannabe"", ""gangster"", ""furry"", ""got"", ""banned"", ""for"", ""threatening"", ""baby"", ""furs"", ""with"", ""videos"", ""of"", ""his"", ""guns"", ""and"", ""money"", ""and"", ""drugs""]",offensive,Caucasian,"[0, 0, 0, 0, 0, 0, 0, 1, 1, 0, 0, 0, 0, 0, 0, 0, 0, 0, 0, 0, 0, 0, 0, 0, 0, 0, 0]","[""white"", ""trash""]",10,27,2,True,offensive,"[0, 0, 0, 0, 0, 0, 0, 1, 1, 0, 0, 0, 0, 0, 0, 0, 0, 0, 0, 0, 0, 0, 0, 0, 0, 0, 0]","[""white"", ""trash""]"
1178854869366722560_twitter,val,does anyone else remember when that weird white trash wannabe gangster furry got banned for threatening baby furs with videos of his guns and money and drugs,"[""does"", ""anyone"", ""else"", ""remember"", ""when"", ""that"", ""weird"", ""white"", ""trash"", ""wannabe"", ""gangster"", ""furry"", ""got"", ""banned"", ""for"", ""threatening"", ""baby"", ""furs"", ""with"", ""videos"", ""of"", ""his"", ""guns"", ""and"", ""money"", ""and"", ""drugs""]",offensive,Caucasian,"[0, 0, 0, 0, 0, 0, 0, 1, 1, 0, 0, 0, 0, 0, 0, 0, 0, 0, 0, 0, 0, 0, 0, 0, 0, 0, 0]","[""white"", ""trash""]",39,27,2,True,offensive,"[0, 0, 0, 0, 0, 0, 0, 1, 1, 0, 0, 0, 0, 0, 0, 0, 0, 0, 0, 0, 0, 0, 0, 0, 0, 0, 0]","[""white"", ""trash""]"
1178854869366722560_twitter,val,does anyone else remember when that weird white trash wannabe gangster furry got banned for threatening baby furs with videos of his guns and money and drugs,"[""does"", ""anyone"", ""else"", ""remember"", ""when"", ""that"", ""weird"", ""white"", ""trash"", ""wannabe"", ""gangster"", ""furry"", ""got"", ""banned"", ""for"", ""threatening"", ""baby"", ""furs"", ""with"", ""videos"", ""of"", ""his"", ""guns"", ""and"", ""money"", ""and"", ""drugs""]",offensive,Caucasian,"[0, 0, 0, 0, 0, 0, 0, 1, 1, 1, 1, 1, 0, 0, 0, 0, 0, 0, 0, 0, 0, 0, 0, 0, 0, 0, 0]","[""white"", ""trash"", ""wannabe"", ""gangster"", ""furry""]",4,27,5,True,offensive,"[0, 0, 0, 0, 0, 0, 0, 1, 1, 0, 0, 0, 0, 0, 0, 0, 0, 0, 0, 0, 0, 0, 0, 0, 0, 0, 0]","[""white"", ""trash""]"
1179065638154883072_twitter,train,<user> <user> you had no choice hilly baby you needed him more than he needed you the only thing hillbilly bill needed a woman for was between her legs and you never,"[""<user>"", ""<user>"", ""you"", ""had"", ""no"", ""choice"", ""hilly"", ""baby"", ""you"", ""needed"", ""him"", ""more"", ""than"", ""he"", ""needed"", ""you"", ""the"", ""only"", ""thing"", ""hillbilly"", ""bill"", ""needed"", ""a"", ""woman"", ""for"", ""was"", ""between"", ""her"", ""legs"", ""and"", ""you"", ""never""]",offensive,Caucasian,"[0, 0, 0, 0, 0, 0, 0, 0, 0, 0, 0, 0, 0, 0, 0, 0, 0, 0, 0, 1, 0, 0, 0, 0, 0, 0, 0, 0, 0, 0, 0, 0]","[""hillbilly""]",54,32,1,True,offensive,"[0, 0, 0, 0, 0, 0, 0, 0, 0, 0, 0, 0, 0, 0, 0, 0, 0, 0, 0, 1, 1, 0, 0, 0, 0, 0, 0, 0, 0, 0, 0, 0]","[""hillbilly"", ""bill""]"
1178754510027722752_twitter,train,<user> i am glad you asked such an intelligent question it is in fact this woman did use the same bag to save the turtles but also at the same time pulling some white ass sh*t <censored>,"[""<user>"", ""i"", ""am"", ""glad"", ""you"", ""asked"", ""such"", ""an"", ""intelligent"", ""question"", ""it"", ""is"", ""in"", ""fact"", ""this"", ""woman"", ""did"", ""use"", ""the"", ""same"", ""bag"", ""to"", ""save"", ""the"", ""turtles"", ""but"", ""also"", ""at"", ""the"", ""same"", ""time"", ""pulling"", ""some"", ""white"", ""ass"", ""sh*t"", ""<censored>""]",offensive,Caucasian,"[0, 0, 0, 0, 0, 0, 0, 0, 0, 0, 0, 0, 0, 0, 0, 0, 0, 0, 0, 0, 0, 0, 0, 0, 0, 0, 0, 0, 0, 0, 0, 1, 1, 1, 1, 1, 1]","[""pulling"", ""some"", ""white"", ""ass"", ""sh*t"", ""<censored>""]",4,37,6,True,offensive,"[0, 0, 0, 0, 0, 0, 0, 0, 0, 0, 0, 0, 0, 0, 0, 0, 0, 0, 0, 0, 0, 0, 0, 0, 0, 0, 0, 0, 0, 0, 0, 0, 0, 1, 1, 1, 1]","[""white"", ""ass"", ""sh*t"", ""<censored>""]"
1178754510027722752_twitter,train,<user> i am glad you asked such an intelligent question it is in fact this woman did use the same bag to save the turtles but also at the same time pulling some white ass sh*t <censored>,"[""<user>"", ""i"", ""am"", ""glad"", ""you"", ""asked"", ""such"", ""an"", ""intelligent"", ""question"", ""it"", ""is"", ""in"", ""fact"", ""this"", ""woman"", ""did"", ""use"", ""the"", ""same"", ""bag"", ""to"", ""save"", ""the"", ""turtles"", ""but"", ""also"", ""at"", ""the"", ""same"", ""time"", ""pulling"", ""some"", ""white"", ""ass"", ""sh*t"", ""<censored>""]",offensive,Caucasian,"[0, 0, 0, 0, 0, 0, 0, 0, 0, 0, 0, 0, 0, 0, 0, 0, 0, 0, 0, 0, 0, 0, 0, 0, 0, 0, 0, 0, 0, 0, 0, 0, 0, 1, 1, 1, 1]","[""white"", ""ass"", ""sh*t"", ""<censored>""]",42,37,4,True,offensive,"[0, 0, 0, 0, 0, 0, 0, 0, 0, 0, 0, 0, 0, 0, 0, 0, 0, 0, 0, 0, 0, 0, 0, 0, 0, 0, 0, 0, 0, 0, 0, 0, 0, 1, 1, 1, 1]","[""white"", ""ass"", ""sh*t"", ""<censored>""]"
1178852164438917120_twitter,train,they are bold out here in the pnw i got a quit lookin at me nigger from some white trash chick classy,"[""they"", ""are"", ""bold"", ""out"", ""here"", ""in"", ""the"", ""pnw"", ""i"", ""got"", ""a"", ""quit"", ""lookin"", ""at"", ""me"", ""nigger"", ""from"", ""some"", ""white"", ""trash"", ""chick"", ""classy""]",normal,Caucasian,"[0, 0, 0, 0, 0, 0, 0, 0, 0, 0, 0, 0, 0, 0, 0, 1, 0, 0, 0, 0, 0, 0]","[""nigger""]",4,22,1,True,hatespeech,"[0, 0, 0, 0, 0, 0, 0, 0, 0, 0, 0, 0, 0, 0, 0, 1, 0, 0, 0, 0, 0, 0]","[""nigger""]"
19006649_gab,val,lol snow nigger is salty as fuck meanwhile hindus are richer than alt right cucks therefore paying more in tax rates so are the jews,"[""lol"", ""snow"", ""nigger"", ""is"", ""salty"", ""as"", ""fuck"", ""meanwhile"", ""hindus"", ""are"", ""richer"", ""than"", ""alt"", ""right"", ""cucks"", ""therefore"", ""paying"", ""more"", ""in"", ""tax"", ""rates"", ""so"", ""are"", ""the"", ""jews""]",hatespeech,Caucasian,"[0, 1, 1, 0, 0, 0, 0, 0, 0, 0, 0, 0, 0, 0, 0, 0, 0, 0, 0, 0, 0, 0, 0, 0, 0]","[""snow"", ""nigger""]",4,25,2,True,hatespeech,"[0, 1, 1, 0, 0, 0, 0, 0, 0, 0, 0, 0, 0, 0, 0, 0, 0, 0, 0, 0, 0, 0, 0, 0, 0]","[""snow"", ""nigger""]"
17227689_gab,train,spoken like a kike <user>,"[""spoken"", ""like"", ""a"", ""kike"", ""<user>""]",hatespeech,Caucasian,"[0, 0, 0, 1, 0]","[""kike""]",70,5,1,True,hatespeech,"[0, 0, 0, 1, 0]","[""kike""]"
11342145_gab,val,yeah about what i d expect from someone using a kike term for his username fraudian psychology stay go finger your own asshole whatever it takes to get you off there princess virtue sniveling at me is not going to earn you good boy points,"[""yeah"", ""about"", ""what"", ""i"", ""d"", ""expect"", ""from"", ""someone"", ""using"", ""a"", ""kike"", ""term"", ""for"", ""his"", ""username"", ""fraudian"", ""psychology"", ""stay"", ""go"", ""finger"", ""your"", ""own"", ""asshole"", ""whatever"", ""it"", ""takes"", ""to"", ""get"", ""you"", ""off"", ""there"", ""princess"", ""virtue"", ""sniveling"", ""at"", ""me"", ""is"", ""not"", ""going"", ""to"", ""earn"", ""you"", ""good"", ""boy"", ""points""]",hatespeech,Caucasian,"[0, 0, 0, 0, 0, 0, 0, 0, 0, 0, 1, 0, 0, 0, 0, 0, 0, 0, 0, 0, 0, 0, 0, 0, 0, 0, 0, 0, 0, 0, 0, 0, 0, 0, 0, 0, 0, 0, 0, 0, 0, 0, 0, 0, 0]","[""kike""]",70,45,1,True,hatespeech,"[0, 0, 0, 0, 0, 0, 0, 0, 0, 0, 1, 0, 0, 0, 0, 0, 0, 0, 0, 0, 0, 0, 0, 0, 0, 0, 0, 0, 0, 0, 0, 0, 0, 0, 0, 0, 0, 0, 0, 0, 0, 0, 0, 0, 0]","[""kike""]"
24604208_gab,train,oh in light of this new detail her mudshark eligibility is denied and so her crown is revoked this week spot remains open good luck girls <user> ‍ <user> ‍,"[""oh"", ""in"", ""light"", ""of"", ""this"", ""new"", ""detail"", ""her"", ""mudshark"", ""eligibility"", ""is"", ""denied"", ""and"", ""so"", ""her"", ""crown"", ""is"", ""revoked"", ""this"", ""week"", ""spot"", ""remains"", ""open"", ""good"", ""luck"", ""girls"", ""<user>"", ""\u200d"", ""<user>"", ""\u200d""]",offensive,Caucasian,"[0, 0, 0, 0, 0, 0, 0, 0, 1, 0, 0, 0, 0, 0, 0, 0, 0, 0, 0, 0, 0, 0, 0, 0, 0, 0, 0, 0, 0, 0]","[""mudshark""]",46,30,1,True,offensive,"[0, 0, 0, 0, 0, 0, 0, 0, 1, 0, 0, 0, 0, 0, 0, 0, 0, 0, 0, 0, 0, 0, 0, 0, 0, 0, 0, 0, 0, 0]","[""mudshark""]"
24604208_gab,train,oh in light of this new detail her mudshark eligibility is denied and so her crown is revoked this week spot remains open good luck girls <user> ‍ <user> ‍,"[""oh"", ""in"", ""light"", ""of"", ""this"", ""new"", ""detail"", ""her"", ""mudshark"", ""eligibility"", ""is"", ""denied"", ""and"", ""so"", ""her"", ""crown"", ""is"", ""revoked"", ""this"", ""week"", ""spot"", ""remains"", ""open"", ""good"", ""luck"", ""girls"", ""<user>"", ""\u200d"", ""<user>"", ""\u200d""]",hatespeech,Caucasian,"[0, 0, 0, 0, 0, 0, 0, 0, 1, 0, 0, 0, 0, 0, 0, 0, 0, 0, 0, 0, 0, 0, 0, 0, 0, 0, 0, 0, 0, 0]","[""mudshark""]",4,30,1,True,offensive,"[0, 0, 0, 0, 0, 0, 0, 0, 1, 0, 0, 0, 0, 0, 0, 0, 0, 0, 0, 0, 0, 0, 0, 0, 0, 0, 0, 0, 0, 0]","[""mudshark""]"
24604208_gab,train,oh in light of this new detail her mudshark eligibility is denied and so her crown is revoked this week spot remains open good luck girls <user> ‍ <user> ‍,"[""oh"", ""in"", ""light"", ""of"", ""this"", ""new"", ""detail"", ""her"", ""mudshark"", ""eligibility"", ""is"", ""denied"", ""and"", ""so"", ""her"", ""crown"", ""is"", ""revoked"", ""this"", ""week"", ""spot"", ""remains"", ""open"", ""good"", ""luck"", ""girls"", ""<user>"", ""\u200d"", ""<user>"", ""\u200d""]",offensive,Caucasian,"[0, 0, 0, 0, 0, 0, 0, 0, 1, 0, 0, 0, 0, 0, 0, 0, 0, 0, 0, 0, 0, 0, 0, 0, 0, 0, 0, 0, 0, 0]","[""mudshark""]",92,30,1,True,offensive,"[0, 0, 0, 0, 0, 0, 0, 0, 1, 0, 0, 0, 0, 0, 0, 0, 0, 0, 0, 0, 0, 0, 0, 0, 0, 0, 0, 0, 0, 0]","[""mudshark""]"
1179050112099602433_twitter,train,nothing says white bitch more than getting excited about almond butter,"[""nothing"", ""says"", ""white"", ""bitch"", ""more"", ""than"", ""getting"", ""excited"", ""about"", ""almond"", ""butter""]",offensive,Caucasian,"[0, 0, 1, 1, 0, 0, 0, 0, 0, 0, 0]","[""white"", ""bitch""]",4,11,2,True,offensive,"[0, 0, 1, 1, 0, 0, 0, 0, 0, 0, 0]","[""white"", ""bitch""]"
1179050112099602433_twitter,train,nothing says white bitch more than getting excited about almond butter,"[""nothing"", ""says"", ""white"", ""bitch"", ""more"", ""than"", ""getting"", ""excited"", ""about"", ""almond"", ""butter""]",offensive,Caucasian,"[0, 0, 1, 1, 0, 0, 0, 0, 0, 0, 0]","[""white"", ""bitch""]",105,11,2,True,offensive,"[0, 0, 1, 1, 0, 0, 0, 0, 0, 0, 0]","[""white"", ""bitch""]"
1178794873031254016_twitter,train,these white maggots are obviously very angry and want to murder me because i am not socially emotionally and intellectually retarded like their children obviously are,"[""these"", ""white"", ""maggots"", ""are"", ""obviously"", ""very"", ""angry"", ""and"", ""want"", ""to"", ""murder"", ""me"", ""because"", ""i"", ""am"", ""not"", ""socially"", ""emotionally"", ""and"", ""intellectually"", ""retarded"", ""like"", ""their"", ""children"", ""obviously"", ""are""]",hatespeech,Caucasian,"[0, 1, 1, 0, 0, 0, 0, 0, 0, 0, 0, 0, 0, 0, 0, 1, 1, 1, 1, 1, 1, 1, 1, 1, 1, 1]","[""white"", ""maggots"", ""not"", ""socially"", ""emotionally"", ""and"", ""intellectually"", ""retarded"", ""like"", ""their"", ""children"", ""obviously"", ""are""]",4,26,13,True,hatespeech,"[0, 1, 1, 0, 0, 0, 0, 0, 0, 0, 0, 0, 0, 0, 0, 0, 0, 0, 0, 1, 1, 0, 0, 0, 0, 0]","[""white"", ""maggots"", ""intellectually"", ""retarded""]"
1178794873031254016_twitter,train,these white maggots are obviously very angry and want to murder me because i am not socially emotionally and intellectually retarded like their children obviously are,"[""these"", ""white"", ""maggots"", ""are"", ""obviously"", ""very"", ""angry"", ""and"", ""want"", ""to"", ""murder"", ""me"", ""because"", ""i"", ""am"", ""not"", ""socially"", ""emotionally"", ""and"", ""intellectually"", ""retarded"", ""like"", ""their"", ""children"", ""obviously"", ""are""]",hatespeech,Caucasian,"[1, 1, 1, 0, 0, 0, 0, 0, 0, 0, 0, 0, 0, 0, 0, 0, 0, 0, 0, 0, 0, 0, 0, 0, 0, 0]","[""these"", ""white"", ""maggots""]",105,26,3,True,hatespeech,"[0, 1, 1, 0, 0, 0, 0, 0, 0, 0, 0, 0, 0, 0, 0, 0, 0, 0, 0, 1, 1, 0, 0, 0, 0, 0]","[""white"", ""maggots"", ""intellectually"", ""retarded""]"
1178794873031254016_twitter,train,these white maggots are obviously very angry and want to murder me because i am not socially emotionally and intellectually retarded like their children obviously are,"[""these"", ""white"", ""maggots"", ""are"", ""obviously"", ""very"", ""angry"", ""and"", ""want"", ""to"", ""murder"", ""me"", ""because"", ""i"", ""am"", ""not"", ""socially"", ""emotionally"", ""and"", ""intellectually"", ""retarded"", ""like"", ""their"", ""children"", ""obviously"", ""are""]",offensive,Caucasian,"[0, 1, 1, 0, 0, 0, 0, 0, 0, 0, 0, 0, 0, 0, 0, 0, 0, 0, 0, 1, 1, 0, 0, 0, 0, 0]","[""white"", ""maggots"", ""intellectually"", ""retarded""]",17,26,4,True,hatespeech,"[0, 1, 1, 0, 0, 0, 0, 0, 0, 0, 0, 0, 0, 0, 0, 0, 0, 0, 0, 1, 1, 0, 0, 0, 0, 0]","[""white"", ""maggots"", ""intellectually"", ""retarded""]"
1178659641808621568_twitter,train,then you become trailer trash on your own milestone after that,"[""then"", ""you"", ""become"", ""trailer"", ""trash"", ""on"", ""your"", ""own"", ""milestone"", ""after"", ""that""]",offensive,Caucasian,"[0, 0, 1, 1, 1, 0, 0, 0, 0, 0, 0]","[""become"", ""trailer"", ""trash""]",4,11,3,True,offensive,"[0, 0, 0, 1, 1, 0, 0, 0, 0, 0, 0]","[""trailer"", ""trash""]"
11627890_gab,val,kike spic nigger faggot allah sucks kid dicks jews did <number> <number> white power 4 th reich hitler did nothing wrong heather heyer was a fat bitch rip,"[""kike"", ""spic"", ""nigger"", ""faggot"", ""allah"", ""sucks"", ""kid"", ""dicks"", ""jews"", ""did"", ""<number>"", ""<number>"", ""white"", ""power"", ""4"", ""th"", ""reich"", ""hitler"", ""did"", ""nothing"", ""wrong"", ""heather"", ""heyer"", ""was"", ""a"", ""fat"", ""bitch"", ""rip""]",hatespeech,Caucasian,"[1, 1, 1, 1, 1, 1, 1, 1, 1, 1, 1, 1, 1, 1, 1, 1, 1, 1, 1, 1, 1, 1, 1, 1, 1, 1, 1, 0]","[""kike"", ""spic"", ""nigger"", ""faggot"", ""allah"", ""sucks"", ""kid"", ""dicks"", ""jews"", ""did"", ""<number>"", ""<number>"", ""white"", ""power"", ""4"", ""th"", ""reich"", ""hitler"", ""did"", ""nothing"", ""wrong"", ""heather"", ""heyer"", ""was"", ""a"", ""fat"", ""bitch""]",4,28,27,True,hatespeech,"[1, 1, 1, 1, 1, 1, 1, 1, 1, 1, 1, 1, 0, 0, 0, 0, 0, 0, 0, 0, 0, 0, 0, 0, 1, 1, 1, 0]","[""kike"", ""spic"", ""nigger"", ""faggot"", ""allah"", ""sucks"", ""kid"", ""dicks"", ""jews"", ""did"", ""<number>"", ""<number>"", ""a"", ""fat"", ""bitch""]"
1178090556863451139_twitter,train,russians are the niggers of europe,"[""russians"", ""are"", ""the"", ""niggers"", ""of"", ""europe""]",hatespeech,Caucasian,"[1, 1, 1, 1, 1, 1]","[""russians"", ""are"", ""the"", ""niggers"", ""of"", ""europe""]",4,6,6,True,hatespeech,"[0, 0, 0, 1, 0, 0]","[""niggers""]"
26653806_gab,train,thieving racist niggers and their stupid honky enablers,"[""thieving"", ""racist"", ""niggers"", ""and"", ""their"", ""stupid"", ""honky"", ""enablers""]",hatespeech,Caucasian,"[1, 1, 1, 1, 1, 1, 1, 1]","[""thieving"", ""racist"", ""niggers"", ""and"", ""their"", ""stupid"", ""honky"", ""enablers""]",4,8,8,True,hatespeech,"[1, 0, 1, 0, 0, 1, 1, 0]","[""thieving"", ""niggers"", ""stupid"", ""honky""]"
26319949_gab,test,snow nigger does not want to be blamed for slavery and the sins of past white men but wants to take credit for everything else low iq bottom feeder trailer trash,"[""snow"", ""nigger"", ""does"", ""not"", ""want"", ""to"", ""be"", ""blamed"", ""for"", ""slavery"", ""and"", ""the"", ""sins"", ""of"", ""past"", ""white"", ""men"", ""but"", ""wants"", ""to"", ""take"", ""credit"", ""for"", ""everything"", ""else"", ""low"", ""iq"", ""bottom"", ""feeder"", ""trailer"", ""trash""]",hatespeech,Caucasian,"[1, 1, 0, 0, 0, 0, 0, 0, 0, 0, 0, 0, 0, 0, 0, 0, 0, 0, 0, 0, 0, 0, 0, 0, 0, 1, 1, 1, 1, 1, 1]","[""snow"", ""nigger"", ""low"", ""iq"", ""bottom"", ""feeder"", ""trailer"", ""trash""]",4,31,8,True,hatespeech,"[1, 1, 0, 0, 0, 0, 0, 0, 0, 0, 0, 0, 0, 0, 0, 0, 0, 0, 0, 0, 0, 0, 0, 0, 0, 1, 1, 1, 1, 1, 1]","[""snow"", ""nigger"", ""low"", ""iq"", ""bottom"", ""feeder"", ""trailer"", ""trash""]"
26319949_gab,test,snow nigger does not want to be blamed for slavery and the sins of past white men but wants to take credit for everything else low iq bottom feeder trailer trash,"[""snow"", ""nigger"", ""does"", ""not"", ""want"", ""to"", ""be"", ""blamed"", ""for"", ""slavery"", ""and"", ""the"", ""sins"", ""of"", ""past"", ""white"", ""men"", ""but"", ""wants"", ""to"", ""take"", ""credit"", ""for"", ""everything"", ""else"", ""low"", ""iq"", ""bottom"", ""feeder"", ""trailer"", ""trash""]",offensive,Caucasian,"[1, 1, 0, 0, 0, 0, 0, 1, 0, 1, 0, 0, 0, 0, 0, 0, 0, 0, 0, 0, 0, 0, 0, 0, 0, 1, 1, 1, 1, 1, 1]","[""snow"", ""nigger"", ""blamed"", ""slavery"", ""low"", ""iq"", ""bottom"", ""feeder"", ""trailer"", ""trash""]",19,31,10,True,hatespeech,"[1, 1, 0, 0, 0, 0, 0, 0, 0, 0, 0, 0, 0, 0, 0, 0, 0, 0, 0, 0, 0, 0, 0, 0, 0, 1, 1, 1, 1, 1, 1]","[""snow"", ""nigger"", ""low"", ""iq"", ""bottom"", ""feeder"", ""trailer"", ""trash""]"
13620120_gab,train,watching a goofy white kid and a half nigger fuck something up is sad,"[""watching"", ""a"", ""goofy"", ""white"", ""kid"", ""and"", ""a"", ""half"", ""nigger"", ""fuck"", ""something"", ""up"", ""is"", ""sad""]",hatespeech,Caucasian,"[0, 0, 0, 0, 0, 0, 0, 1, 1, 0, 0, 0, 0, 0]","[""half"", ""nigger""]",4,14,2,True,hatespeech,"[0, 0, 0, 0, 0, 0, 0, 1, 1, 0, 0, 0, 0, 0]","[""half"", ""nigger""]"
1179093571342946304_twitter,val,a lot of history here for niggers african americans it a shame the area is under siege by white and gay folks,"[""a"", ""lot"", ""of"", ""history"", ""here"", ""for"", ""niggers"", ""african"", ""americans"", ""it"", ""a"", ""shame"", ""the"", ""area"", ""is"", ""under"", ""siege"", ""by"", ""white"", ""and"", ""gay"", ""folks""]",hatespeech,Caucasian,"[0, 0, 0, 0, 0, 0, 1, 0, 0, 0, 0, 0, 0, 0, 0, 0, 0, 0, 1, 1, 1, 1]","[""niggers"", ""white"", ""and"", ""gay"", ""folks""]",4,22,5,True,offensive,"[0, 0, 0, 0, 0, 0, 1, 0, 0, 0, 0, 0, 0, 0, 0, 0, 0, 0, 0, 0, 0, 0]","[""niggers""]"
1178500111845904385_twitter,val,it is so obvious these white maggots are retarded intellectually and emotionally,"[""it"", ""is"", ""so"", ""obvious"", ""these"", ""white"", ""maggots"", ""are"", ""retarded"", ""intellectually"", ""and"", ""emotionally""]",offensive,Caucasian,"[0, 0, 0, 0, 0, 1, 1, 0, 1, 0, 0, 0]","[""white"", ""maggots"", ""retarded""]",3,12,3,True,hatespeech,"[0, 0, 0, 0, 0, 1, 1, 0, 1, 0, 0, 0]","[""white"", ""maggots"", ""retarded""]"
1178500111845904385_twitter,val,it is so obvious these white maggots are retarded intellectually and emotionally,"[""it"", ""is"", ""so"", ""obvious"", ""these"", ""white"", ""maggots"", ""are"", ""retarded"", ""intellectually"", ""and"", ""emotionally""]",hatespeech,Caucasian,"[0, 0, 0, 0, 0, 1, 1, 1, 1, 1, 1, 1]","[""white"", ""maggots"", ""are"", ""retarded"", ""intellectually"", ""and"", ""emotionally""]",4,12,7,True,hatespeech,"[0, 0, 0, 0, 0, 1, 1, 0, 1, 0, 0, 0]","[""white"", ""maggots"", ""retarded""]"
1178500111845904385_twitter,val,it is so obvious these white maggots are retarded intellectually and emotionally,"[""it"", ""is"", ""so"", ""obvious"", ""these"", ""white"", ""maggots"", ""are"", ""retarded"", ""intellectually"", ""and"", ""emotionally""]",hatespeech,Caucasian,"[0, 0, 0, 0, 0, 1, 1, 0, 0, 0, 0, 0]","[""white"", ""maggots""]",44,12,2,True,hatespeech,"[0, 0, 0, 0, 0, 1, 1, 0, 1, 0, 0, 0]","[""white"", ""maggots"", ""retarded""]"
1081534811490140160_twitter,train,white people are not real jews the holocuast was a hoax for the devils to spread and raise so they could conquer the world,"[""white"", ""people"", ""are"", ""not"", ""real"", ""jews"", ""the"", ""holocuast"", ""was"", ""a"", ""hoax"", ""for"", ""the"", ""devils"", ""to"", ""spread"", ""and"", ""raise"", ""so"", ""they"", ""could"", ""conquer"", ""the"", ""world""]",offensive,Caucasian,"[1, 1, 1, 1, 1, 1, 0, 0, 0, 0, 0, 0, 0, 0, 0, 0, 0, 0, 0, 0, 0, 0, 0, 0]","[""white"", ""people"", ""are"", ""not"", ""real"", ""jews""]",58,24,6,True,hatespeech,"[1, 1, 1, 1, 1, 1, 0, 0, 0, 0, 0, 0, 0, 0, 0, 0, 0, 0, 0, 0, 0, 0, 0, 0]","[""white"", ""people"", ""are"", ""not"", ""real"", ""jews""]"
1081534811490140160_twitter,train,white people are not real jews the holocuast was a hoax for the devils to spread and raise so they could conquer the world,"[""white"", ""people"", ""are"", ""not"", ""real"", ""jews"", ""the"", ""holocuast"", ""was"", ""a"", ""hoax"", ""for"", ""the"", ""devils"", ""to"", ""spread"", ""and"", ""raise"", ""so"", ""they"", ""could"", ""conquer"", ""the"", ""world""]",hatespeech,Caucasian,"[1, 1, 1, 1, 1, 1, 1, 1, 1, 1, 1, 1, 1, 1, 1, 1, 1, 1, 1, 1, 1, 1, 1, 1]","[""white"", ""people"", ""are"", ""not"", ""real"", ""jews"", ""the"", ""holocuast"", ""was"", ""a"", ""hoax"", ""for"", ""the"", ""devils"", ""to"", ""spread"", ""and"", ""raise"", ""so"", ""they"", ""could"", ""conquer"", ""the"", ""world""]",4,24,24,True,hatespeech,"[1, 1, 1, 1, 1, 1, 0, 0, 0, 0, 0, 0, 0, 0, 0, 0, 0, 0, 0, 0, 0, 0, 0, 0]","[""white"", ""people"", ""are"", ""not"", ""real"", ""jews""]"
17104284_gab,train,why is aspirin white because it works why do police dogs lick their asshole to get the taste of nigger out of their mouths why are black guys eyes red after sex from the pepper spray what do you call a black with no arms trustworthy,"[""why"", ""is"", ""aspirin"", ""white"", ""because"", ""it"", ""works"", ""why"", ""do"", ""police"", ""dogs"", ""lick"", ""their"", ""asshole"", ""to"", ""get"", ""the"", ""taste"", ""of"", ""nigger"", ""out"", ""of"", ""their"", ""mouths"", ""why"", ""are"", ""black"", ""guys"", ""eyes"", ""red"", ""after"", ""sex"", ""from"", ""the"", ""pepper"", ""spray"", ""what"", ""do"", ""you"", ""call"", ""a"", ""black"", ""with"", ""no"", ""arms"", ""trustworthy""]",hatespeech,Caucasian,"[1, 1, 1, 1, 1, 1, 1, 1, 1, 1, 1, 1, 1, 1, 1, 1, 1, 1, 1, 1, 1, 1, 1, 1, 1, 1, 1, 1, 1, 1, 1, 1, 1, 1, 1, 1, 1, 1, 1, 1, 1, 1, 1, 1, 1, 1]","[""why"", ""is"", ""aspirin"", ""white"", ""because"", ""it"", ""works"", ""why"", ""do"", ""police"", ""dogs"", ""lick"", ""their"", ""asshole"", ""to"", ""get"", ""the"", ""taste"", ""of"", ""nigger"", ""out"", ""of"", ""their"", ""mouths"", ""why"", ""are"", ""black"", ""guys"", ""eyes"", ""red"", ""after"", ""sex"", ""from"", ""the"", ""pepper"", ""spray"", ""what"", ""do"", ""you"", ""call"", ""a"", ""black"", ""with"", ""no"", ""arms"", ""trustworthy""]",4,46,46,True,hatespeech,"[0, 0, 0, 0, 0, 0, 0, 0, 0, 0, 0, 0, 0, 0, 0, 0, 0, 0, 0, 1, 0, 0, 0, 0, 0, 0, 0, 0, 0, 0, 0, 0, 0, 0, 0, 0, 0, 0, 0, 0, 1, 1, 0, 0, 0, 0]","[""nigger"", ""a"", ""black""]"
23591171_gab,train,normie will not approve of his kike gassing platform but straight ticket voters gonna straight ticket which is usually enough to win,"[""normie"", ""will"", ""not"", ""approve"", ""of"", ""his"", ""kike"", ""gassing"", ""platform"", ""but"", ""straight"", ""ticket"", ""voters"", ""gonna"", ""straight"", ""ticket"", ""which"", ""is"", ""usually"", ""enough"", ""to"", ""win""]",hatespeech,Caucasian,"[0, 0, 0, 0, 0, 0, 1, 1, 1, 0, 0, 0, 0, 0, 0, 0, 0, 0, 0, 0, 0, 0]","[""kike"", ""gassing"", ""platform""]",151,22,3,True,hatespeech,"[0, 0, 0, 0, 0, 0, 1, 0, 0, 0, 0, 0, 0, 0, 0, 0, 0, 0, 0, 0, 0, 0]","[""kike""]"
10937998_gab,train,worthless mudshark gets <money> p yr in benefits but buys horse to help her depression i d be depressed too if i had <number> half nigger kids see bottom right pic father conspicuously absent in photo she needs a tubal ligation not a horse,"[""worthless"", ""mudshark"", ""gets"", ""<money>"", ""p"", ""yr"", ""in"", ""benefits"", ""but"", ""buys"", ""horse"", ""to"", ""help"", ""her"", ""depression"", ""i"", ""d"", ""be"", ""depressed"", ""too"", ""if"", ""i"", ""had"", ""<number>"", ""half"", ""nigger"", ""kids"", ""see"", ""bottom"", ""right"", ""pic"", ""father"", ""conspicuously"", ""absent"", ""in"", ""photo"", ""she"", ""needs"", ""a"", ""tubal"", ""ligation"", ""not"", ""a"", ""horse""]",hatespeech,Caucasian,"[1, 1, 0, 0, 0, 0, 0, 0, 0, 0, 0, 0, 0, 0, 0, 0, 0, 0, 0, 0, 0, 0, 0, 1, 1, 1, 1, 1, 0, 0, 0, 1, 1, 1, 1, 1, 0, 0, 0, 0, 0, 0, 0, 0]","[""worthless"", ""mudshark"", ""<number>"", ""half"", ""nigger"", ""kids"", ""see"", ""father"", ""conspicuously"", ""absent"", ""in"", ""photo""]",4,44,12,True,hatespeech,"[1, 1, 0, 0, 0, 0, 0, 0, 0, 0, 0, 0, 0, 0, 0, 0, 0, 0, 0, 0, 0, 0, 0, 0, 1, 1, 0, 0, 0, 0, 0, 0, 0, 0, 0, 0, 0, 0, 0, 0, 0, 0, 0, 0]","[""worthless"", ""mudshark"", ""half"", ""nigger""]"
25878730_gab,train,<user> watching trumps speech right now and all he is talking about is giving more free shit to niggers yay another nigger tax for all whites,"[""<user>"", ""watching"", ""trumps"", ""speech"", ""right"", ""now"", ""and"", ""all"", ""he"", ""is"", ""talking"", ""about"", ""is"", ""giving"", ""more"", ""free"", ""shit"", ""to"", ""niggers"", ""yay"", ""another"", ""nigger"", ""tax"", ""for"", ""all"", ""whites""]",hatespeech,Caucasian,"[0, 0, 0, 0, 0, 0, 0, 0, 0, 0, 0, 0, 0, 1, 1, 1, 1, 1, 1, 0, 1, 1, 1, 1, 1, 1]","[""giving"", ""more"", ""free"", ""shit"", ""to"", ""niggers"", ""another"", ""nigger"", ""tax"", ""for"", ""all"", ""whites""]",4,26,12,True,hatespeech,"[0, 0, 0, 0, 0, 0, 0, 0, 0, 0, 0, 0, 0, 0, 0, 0, 0, 0, 1, 0, 0, 1, 0, 0, 0, 0]","[""niggers"", ""nigger""]"
1178727925941559296_twitter,train,<user> he better have cleaned himself up then dude been looking like white trailer trash dating a damn model smh,"[""<user>"", ""he"", ""better"", ""have"", ""cleaned"", ""himself"", ""up"", ""then"", ""dude"", ""been"", ""looking"", ""like"", ""white"", ""trailer"", ""trash"", ""dating"", ""a"", ""damn"", ""model"", ""smh""]",offensive,Caucasian,"[0, 0, 0, 0, 0, 0, 0, 0, 0, 0, 0, 0, 1, 1, 1, 0, 0, 0, 0, 0]","[""white"", ""trailer"", ""trash""]",21,20,3,True,offensive,"[0, 0, 0, 0, 0, 0, 0, 0, 0, 0, 0, 0, 1, 1, 1, 0, 0, 0, 0, 0]","[""white"", ""trailer"", ""trash""]"
1178727925941559296_twitter,train,<user> he better have cleaned himself up then dude been looking like white trailer trash dating a damn model smh,"[""<user>"", ""he"", ""better"", ""have"", ""cleaned"", ""himself"", ""up"", ""then"", ""dude"", ""been"", ""looking"", ""like"", ""white"", ""trailer"", ""trash"", ""dating"", ""a"", ""damn"", ""model"", ""smh""]",offensive,Caucasian,"[0, 0, 0, 0, 0, 0, 0, 0, 0, 0, 0, 0, 1, 1, 1, 0, 0, 0, 0, 0]","[""white"", ""trailer"", ""trash""]",37,20,3,True,offensive,"[0, 0, 0, 0, 0, 0, 0, 0, 0, 0, 0, 0, 1, 1, 1, 0, 0, 0, 0, 0]","[""white"", ""trailer"", ""trash""]"
1178727925941559296_twitter,train,<user> he better have cleaned himself up then dude been looking like white trailer trash dating a damn model smh,"[""<user>"", ""he"", ""better"", ""have"", ""cleaned"", ""himself"", ""up"", ""then"", ""dude"", ""been"", ""looking"", ""like"", ""white"", ""trailer"", ""trash"", ""dating"", ""a"", ""damn"", ""model"", ""smh""]",offensive,Caucasian,"[0, 0, 0, 0, 0, 0, 0, 0, 0, 0, 0, 0, 1, 1, 1, 0, 0, 0, 0, 0]","[""white"", ""trailer"", ""trash""]",39,20,3,True,offensive,"[0, 0, 0, 0, 0, 0, 0, 0, 0, 0, 0, 0, 1, 1, 1, 0, 0, 0, 0, 0]","[""white"", ""trailer"", ""trash""]"
1178678207341576199_twitter,train,<user> <user> and white trailer trash tweets foul christian lies nice mike,"[""<user>"", ""<user>"", ""and"", ""white"", ""trailer"", ""trash"", ""tweets"", ""foul"", ""christian"", ""lies"", ""nice"", ""mike""]",offensive,Caucasian,"[0, 0, 0, 1, 1, 1, 0, 0, 0, 0, 0, 0]","[""white"", ""trailer"", ""trash""]",21,12,3,True,offensive,"[0, 0, 0, 1, 1, 1, 0, 0, 0, 0, 0, 0]","[""white"", ""trailer"", ""trash""]"
1178678207341576199_twitter,train,<user> <user> and white trailer trash tweets foul christian lies nice mike,"[""<user>"", ""<user>"", ""and"", ""white"", ""trailer"", ""trash"", ""tweets"", ""foul"", ""christian"", ""lies"", ""nice"", ""mike""]",offensive,Caucasian,"[0, 0, 0, 1, 1, 1, 0, 0, 0, 0, 0, 0]","[""white"", ""trailer"", ""trash""]",37,12,3,True,offensive,"[0, 0, 0, 1, 1, 1, 0, 0, 0, 0, 0, 0]","[""white"", ""trailer"", ""trash""]"
1178678207341576199_twitter,train,<user> <user> and white trailer trash tweets foul christian lies nice mike,"[""<user>"", ""<user>"", ""and"", ""white"", ""trailer"", ""trash"", ""tweets"", ""foul"", ""christian"", ""lies"", ""nice"", ""mike""]",offensive,Caucasian,"[0, 0, 0, 1, 1, 1, 0, 0, 0, 0, 0, 0]","[""white"", ""trailer"", ""trash""]",39,12,3,True,offensive,"[0, 0, 0, 1, 1, 1, 0, 0, 0, 0, 0, 0]","[""white"", ""trailer"", ""trash""]"
1178623797286424576_twitter,train,<user> fuck em poor white trailer trash are not in charge of this country,"[""<user>"", ""fuck"", ""em"", ""poor"", ""white"", ""trailer"", ""trash"", ""are"", ""not"", ""in"", ""charge"", ""of"", ""this"", ""country""]",offensive,Caucasian,"[0, 1, 0, 0, 1, 1, 1, 0, 0, 0, 0, 0, 0, 0]","[""fuck"", ""white"", ""trailer"", ""trash""]",21,14,4,True,offensive,"[0, 0, 0, 1, 1, 1, 1, 0, 0, 0, 0, 0, 0, 0]","[""poor"", ""white"", ""trailer"", ""trash""]"
1178623797286424576_twitter,train,<user> fuck em poor white trailer trash are not in charge of this country,"[""<user>"", ""fuck"", ""em"", ""poor"", ""white"", ""trailer"", ""trash"", ""are"", ""not"", ""in"", ""charge"", ""of"", ""this"", ""country""]",offensive,Caucasian,"[0, 0, 0, 1, 1, 1, 1, 0, 0, 0, 0, 0, 0, 0]","[""poor"", ""white"", ""trailer"", ""trash""]",37,14,4,True,offensive,"[0, 0, 0, 1, 1, 1, 1, 0, 0, 0, 0, 0, 0, 0]","[""poor"", ""white"", ""trailer"", ""trash""]"
1178623797286424576_twitter,train,<user> fuck em poor white trailer trash are not in charge of this country,"[""<user>"", ""fuck"", ""em"", ""poor"", ""white"", ""trailer"", ""trash"", ""are"", ""not"", ""in"", ""charge"", ""of"", ""this"", ""country""]",offensive,Caucasian,"[0, 0, 0, 1, 1, 1, 1, 0, 0, 0, 0, 0, 0, 0]","[""poor"", ""white"", ""trailer"", ""trash""]",39,14,4,True,offensive,"[0, 0, 0, 1, 1, 1, 1, 0, 0, 0, 0, 0, 0, 0]","[""poor"", ""white"", ""trailer"", ""trash""]"
1179101364430880769_twitter,train,<user> <user> the drunk trailer trash girl would not be able to survive question time,"[""<user>"", ""<user>"", ""the"", ""drunk"", ""trailer"", ""trash"", ""girl"", ""would"", ""not"", ""be"", ""able"", ""to"", ""survive"", ""question"", ""time""]",offensive,Caucasian,"[0, 0, 0, 0, 1, 1, 1, 0, 0, 0, 0, 0, 0, 0, 0]","[""trailer"", ""trash"", ""girl""]",4,15,3,True,offensive,"[0, 0, 0, 0, 1, 1, 0, 0, 0, 0, 0, 0, 0, 0, 0]","[""trailer"", ""trash""]"
26341986_gab,train,yes please come to nyc and make me go poof lol let us see your snow nigger hillbilly ass try,"[""yes"", ""please"", ""come"", ""to"", ""nyc"", ""and"", ""make"", ""me"", ""go"", ""poof"", ""lol"", ""let"", ""us"", ""see"", ""your"", ""snow"", ""nigger"", ""hillbilly"", ""ass"", ""try""]",hatespeech,Caucasian,"[0, 0, 0, 0, 0, 0, 0, 0, 0, 0, 0, 0, 0, 0, 0, 1, 1, 1, 1, 0]","[""snow"", ""nigger"", ""hillbilly"", ""ass""]",4,20,4,True,hatespeech,"[0, 0, 0, 0, 0, 0, 0, 0, 0, 0, 0, 0, 0, 0, 0, 1, 1, 0, 0, 0]","[""snow"", ""nigger""]"
1165868444715278336_twitter,train,shit might fuck around and start dating white boys,"[""shit"", ""might"", ""fuck"", ""around"", ""and"", ""start"", ""dating"", ""white"", ""boys""]",offensive,Caucasian,"[0, 0, 0, 0, 0, 0, 0, 1, 1]","[""white"", ""boys""]",8,9,2,True,offensive,"[0, 0, 0, 0, 0, 0, 0, 1, 1]","[""white"", ""boys""]"
1165868444715278336_twitter,train,shit might fuck around and start dating white boys,"[""shit"", ""might"", ""fuck"", ""around"", ""and"", ""start"", ""dating"", ""white"", ""boys""]",offensive,Caucasian,"[0, 0, 0, 0, 0, 0, 0, 1, 1]","[""white"", ""boys""]",7,9,2,True,offensive,"[0, 0, 0, 0, 0, 0, 0, 1, 1]","[""white"", ""boys""]"
1165868444715278336_twitter,train,shit might fuck around and start dating white boys,"[""shit"", ""might"", ""fuck"", ""around"", ""and"", ""start"", ""dating"", ""white"", ""boys""]",hatespeech,Caucasian,"[1, 1, 1, 1, 1, 1, 1, 1, 1]","[""shit"", ""might"", ""fuck"", ""around"", ""and"", ""start"", ""dating"", ""white"", ""boys""]",4,9,9,True,offensive,"[0, 0, 0, 0, 0, 0, 0, 1, 1]","[""white"", ""boys""]"
5241413_gab,train,retarded honky nigger faggot cunt bitch am i going to be banned for <number> hours oh this is not twitter,"[""retarded"", ""honky"", ""nigger"", ""faggot"", ""cunt"", ""bitch"", ""am"", ""i"", ""going"", ""to"", ""be"", ""banned"", ""for"", ""<number>"", ""hours"", ""oh"", ""this"", ""is"", ""not"", ""twitter""]",hatespeech,Caucasian,"[1, 1, 1, 1, 1, 1, 0, 0, 0, 0, 0, 0, 0, 0, 0, 0, 0, 0, 0, 0]","[""retarded"", ""honky"", ""nigger"", ""faggot"", ""cunt"", ""bitch""]",4,20,6,True,hatespeech,"[1, 1, 1, 1, 1, 1, 0, 0, 0, 0, 0, 0, 0, 0, 0, 0, 0, 0, 0, 0]","[""retarded"", ""honky"", ""nigger"", ""faggot"", ""cunt"", ""bitch""]"
5241413_gab,train,retarded honky nigger faggot cunt bitch am i going to be banned for <number> hours oh this is not twitter,"[""retarded"", ""honky"", ""nigger"", ""faggot"", ""cunt"", ""bitch"", ""am"", ""i"", ""going"", ""to"", ""be"", ""banned"", ""for"", ""<number>"", ""hours"", ""oh"", ""this"", ""is"", ""not"", ""twitter""]",hatespeech,Caucasian,"[1, 1, 1, 1, 0, 1, 0, 0, 0, 0, 0, 0, 0, 0, 0, 0, 0, 0, 0, 0]","[""retarded"", ""honky"", ""nigger"", ""faggot"", ""bitch""]",46,20,5,True,hatespeech,"[1, 1, 1, 1, 1, 1, 0, 0, 0, 0, 0, 0, 0, 0, 0, 0, 0, 0, 0, 0]","[""retarded"", ""honky"", ""nigger"", ""faggot"", ""cunt"", ""bitch""]"
1178858597607821312_twitter,train,i am the white devils whore 😭 😭 my ancestors must be so disappointed,"[""i"", ""am"", ""the"", ""white"", ""devils"", ""whore"", ""\ud83d\ude2d"", ""\ud83d\ude2d"", ""my"", ""ancestors"", ""must"", ""be"", ""so"", ""disappointed""]",offensive,Caucasian,"[0, 0, 0, 1, 1, 1, 0, 0, 0, 0, 0, 0, 0, 0]","[""white"", ""devils"", ""whore""]",4,14,3,True,offensive,"[0, 0, 0, 1, 1, 1, 0, 0, 0, 0, 0, 0, 0, 0]","[""white"", ""devils"", ""whore""]"
7253829_gab,train,fact by the time a nignog robs or beats a white kid he already made <number> niggaz in the hood his victim do not give a shit what happens to you shines,"[""fact"", ""by"", ""the"", ""time"", ""a"", ""nignog"", ""robs"", ""or"", ""beats"", ""a"", ""white"", ""kid"", ""he"", ""already"", ""made"", ""<number>"", ""niggaz"", ""in"", ""the"", ""hood"", ""his"", ""victim"", ""do"", ""not"", ""give"", ""a"", ""shit"", ""what"", ""happens"", ""to"", ""you"", ""shines""]",hatespeech,Caucasian,"[0, 0, 0, 0, 0, 1, 1, 1, 1, 1, 1, 1, 1, 1, 1, 1, 1, 1, 1, 1, 1, 1, 0, 0, 0, 0, 0, 0, 0, 0, 0, 0]","[""nignog"", ""robs"", ""or"", ""beats"", ""a"", ""white"", ""kid"", ""he"", ""already"", ""made"", ""<number>"", ""niggaz"", ""in"", ""the"", ""hood"", ""his"", ""victim""]",4,32,17,True,hatespeech,"[0, 0, 0, 0, 0, 1, 0, 0, 0, 0, 0, 0, 0, 0, 0, 0, 1, 0, 0, 0, 0, 0, 0, 0, 0, 0, 0, 0, 0, 0, 0, 0]","[""nignog"", ""niggaz""]"
4055533_gab,train,entitled mudshark whines she too fine to work,"[""entitled"", ""mudshark"", ""whines"", ""she"", ""too"", ""fine"", ""to"", ""work""]",hatespeech,Caucasian,"[0, 1, 0, 0, 0, 0, 0, 0]","[""mudshark""]",4,8,1,True,hatespeech,"[0, 1, 0, 0, 0, 0, 0, 0]","[""mudshark""]"
4055533_gab,train,entitled mudshark whines she too fine to work,"[""entitled"", ""mudshark"", ""whines"", ""she"", ""too"", ""fine"", ""to"", ""work""]",offensive,Caucasian,"[0, 1, 0, 0, 0, 0, 0, 0]","[""mudshark""]",13,8,1,True,hatespeech,"[0, 1, 0, 0, 0, 0, 0, 0]","[""mudshark""]"
1178887881500299266_twitter,train,<user> <user> gangs give other bikers a bad name or white trailer trashed ect,"[""<user>"", ""<user>"", ""gangs"", ""give"", ""other"", ""bikers"", ""a"", ""bad"", ""name"", ""or"", ""white"", ""trailer"", ""trashed"", ""ect""]",offensive,Caucasian,"[0, 0, 0, 0, 0, 0, 0, 0, 0, 0, 1, 1, 1, 0]","[""white"", ""trailer"", ""trashed""]",4,14,3,True,offensive,"[0, 0, 0, 0, 0, 0, 0, 0, 0, 0, 1, 1, 1, 0]","[""white"", ""trailer"", ""trashed""]"
1178887881500299266_twitter,train,<user> <user> gangs give other bikers a bad name or white trailer trashed ect,"[""<user>"", ""<user>"", ""gangs"", ""give"", ""other"", ""bikers"", ""a"", ""bad"", ""name"", ""or"", ""white"", ""trailer"", ""trashed"", ""ect""]",offensive,Caucasian,"[0, 0, 0, 0, 0, 0, 0, 0, 0, 0, 1, 1, 1, 0]","[""white"", ""trailer"", ""trashed""]",33,14,3,True,offensive,"[0, 0, 0, 0, 0, 0, 0, 0, 0, 0, 1, 1, 1, 0]","[""white"", ""trailer"", ""trashed""]"
3666528_gab,train,<user> the word nigger can be applied to whites as well we use it as derogatory word for anyone who is lazy welfare ridden and refuses to take responsibility for his family and others i do not understand why black men use the word towards each other,"[""<user>"", ""the"", ""word"", ""nigger"", ""can"", ""be"", ""applied"", ""to"", ""whites"", ""as"", ""well"", ""we"", ""use"", ""it"", ""as"", ""derogatory"", ""word"", ""for"", ""anyone"", ""who"", ""is"", ""lazy"", ""welfare"", ""ridden"", ""and"", ""refuses"", ""to"", ""take"", ""responsibility"", ""for"", ""his"", ""family"", ""and"", ""others"", ""i"", ""do"", ""not"", ""understand"", ""why"", ""black"", ""men"", ""use"", ""the"", ""word"", ""towards"", ""each"", ""other""]",hatespeech,Caucasian,"[0, 1, 1, 1, 1, 1, 1, 1, 1, 1, 1, 1, 1, 1, 1, 1, 1, 1, 1, 1, 1, 1, 1, 1, 1, 1, 1, 1, 1, 1, 1, 1, 1, 1, 0, 0, 0, 0, 0, 0, 0, 0, 0, 0, 0, 0, 0]","[""the"", ""word"", ""nigger"", ""can"", ""be"", ""applied"", ""to"", ""whites"", ""as"", ""well"", ""we"", ""use"", ""it"", ""as"", ""derogatory"", ""word"", ""for"", ""anyone"", ""who"", ""is"", ""lazy"", ""welfare"", ""ridden"", ""and"", ""refuses"", ""to"", ""take"", ""responsibility"", ""for"", ""his"", ""family"", ""and"", ""others""]",4,47,33,True,hatespeech,"[0, 0, 0, 1, 0, 0, 0, 0, 0, 0, 0, 0, 0, 0, 0, 0, 0, 0, 0, 0, 0, 1, 1, 1, 0, 0, 0, 0, 0, 0, 0, 0, 0, 0, 0, 0, 0, 0, 0, 0, 0, 0, 0, 0, 0, 0, 0]","[""nigger"", ""lazy"", ""welfare"", ""ridden""]"
1178852803130859520_twitter,train,<user> <user> finally a woman that is class and not a white trashy one like those sisters we are sick of seeing,"[""<user>"", ""<user>"", ""finally"", ""a"", ""woman"", ""that"", ""is"", ""class"", ""and"", ""not"", ""a"", ""white"", ""trashy"", ""one"", ""like"", ""those"", ""sisters"", ""we"", ""are"", ""sick"", ""of"", ""seeing""]",offensive,Caucasian,"[0, 0, 0, 0, 0, 0, 0, 0, 0, 0, 0, 0, 1, 0, 0, 0, 0, 0, 0, 0, 0, 0]","[""trashy""]",46,22,1,True,offensive,"[0, 0, 0, 0, 0, 0, 0, 0, 0, 0, 0, 0, 1, 0, 0, 0, 0, 0, 0, 0, 0, 0]","[""trashy""]"
1178852803130859520_twitter,train,<user> <user> finally a woman that is class and not a white trashy one like those sisters we are sick of seeing,"[""<user>"", ""<user>"", ""finally"", ""a"", ""woman"", ""that"", ""is"", ""class"", ""and"", ""not"", ""a"", ""white"", ""trashy"", ""one"", ""like"", ""those"", ""sisters"", ""we"", ""are"", ""sick"", ""of"", ""seeing""]",offensive,Caucasian,"[0, 0, 0, 0, 0, 0, 0, 0, 0, 0, 0, 1, 1, 0, 0, 0, 0, 0, 0, 0, 0, 0]","[""white"", ""trashy""]",4,22,2,True,offensive,"[0, 0, 0, 0, 0, 0, 0, 0, 0, 0, 0, 0, 1, 0, 0, 0, 0, 0, 0, 0, 0, 0]","[""trashy""]"
1178367664982507521_twitter,train,<user> no reasonable person is gonna beat someone up for saying nigger but ppl ain t reasonable and white ppl need to know they will likely get beat up lol thats not special treatment welcome to black culture 🙃,"[""<user>"", ""no"", ""reasonable"", ""person"", ""is"", ""gonna"", ""beat"", ""someone"", ""up"", ""for"", ""saying"", ""nigger"", ""but"", ""ppl"", ""ain"", ""t"", ""reasonable"", ""and"", ""white"", ""ppl"", ""need"", ""to"", ""know"", ""they"", ""will"", ""likely"", ""get"", ""beat"", ""up"", ""lol"", ""thats"", ""not"", ""special"", ""treatment"", ""welcome"", ""to"", ""black"", ""culture"", ""\ud83d\ude43""]",normal,Caucasian,"[0, 0, 0, 0, 0, 0, 0, 0, 0, 0, 0, 1, 0, 0, 0, 0, 0, 0, 0, 0, 0, 0, 0, 0, 0, 0, 0, 0, 0, 0, 0, 0, 0, 0, 0, 0, 0, 0, 0]","[""nigger""]",4,39,1,True,offensive,"[0, 0, 0, 0, 0, 0, 0, 0, 0, 0, 0, 1, 0, 0, 0, 0, 0, 0, 0, 0, 0, 0, 0, 0, 0, 0, 0, 0, 0, 0, 0, 0, 0, 0, 0, 0, 0, 0, 0]","[""nigger""]"
20041645_gab,train,typical for a yid tapeworm,"[""typical"", ""for"", ""a"", ""yid"", ""tapeworm""]",hatespeech,Caucasian,"[0, 0, 0, 1, 0]","[""yid""]",70,5,1,True,hatespeech,"[0, 0, 0, 1, 0]","[""yid""]"
21106674_gab,train,more kike propaganda this idea is also part of the jew plan for extermination promote masturbation in white men so that their desire for family and white children is diminished,"[""more"", ""kike"", ""propaganda"", ""this"", ""idea"", ""is"", ""also"", ""part"", ""of"", ""the"", ""jew"", ""plan"", ""for"", ""extermination"", ""promote"", ""masturbation"", ""in"", ""white"", ""men"", ""so"", ""that"", ""their"", ""desire"", ""for"", ""family"", ""and"", ""white"", ""children"", ""is"", ""diminished""]",hatespeech,Caucasian,"[0, 1, 0, 0, 0, 0, 0, 0, 0, 0, 0, 0, 0, 0, 0, 0, 0, 0, 0, 0, 0, 0, 0, 0, 0, 0, 0, 0, 0, 0]","[""kike""]",70,30,1,True,hatespeech,"[0, 1, 0, 0, 0, 0, 0, 0, 0, 0, 0, 0, 0, 0, 0, 0, 0, 0, 0, 0, 0, 0, 0, 0, 0, 0, 0, 0, 0, 0]","[""kike""]"
23337099_gab,train,oh god <user> ‍ is still posting hey faggot stop saying we are kike shills dividing your imaginary movement your precious ricky vaughn has been attacking white people and white nationalists for months now you are openly doing it as well,"[""oh"", ""god"", ""<user>"", ""\u200d"", ""is"", ""still"", ""posting"", ""hey"", ""faggot"", ""stop"", ""saying"", ""we"", ""are"", ""kike"", ""shills"", ""dividing"", ""your"", ""imaginary"", ""movement"", ""your"", ""precious"", ""ricky"", ""vaughn"", ""has"", ""been"", ""attacking"", ""white"", ""people"", ""and"", ""white"", ""nationalists"", ""for"", ""months"", ""now"", ""you"", ""are"", ""openly"", ""doing"", ""it"", ""as"", ""well""]",hatespeech,Caucasian,"[0, 0, 0, 0, 0, 0, 0, 0, 1, 0, 0, 0, 0, 1, 0, 0, 0, 0, 0, 0, 0, 0, 0, 0, 0, 0, 0, 0, 0, 0, 0, 0, 0, 0, 0, 0, 0, 0, 0, 0, 0]","[""faggot"", ""kike""]",70,41,2,True,hatespeech,"[0, 0, 0, 0, 0, 0, 0, 0, 1, 0, 0, 0, 0, 1, 0, 0, 0, 0, 0, 0, 0, 0, 0, 0, 0, 0, 0, 0, 0, 0, 0, 0, 0, 0, 0, 0, 0, 0, 0, 0, 0]","[""faggot"", ""kike""]"
21228524_gab,train,my dad has written my sister out of his inheritance because his words no daughter of mine is gonna be a mudshark and date a nigger burn the coal pay the toll i guess 🤷 ‍ ♂️,"[""my"", ""dad"", ""has"", ""written"", ""my"", ""sister"", ""out"", ""of"", ""his"", ""inheritance"", ""because"", ""his"", ""words"", ""no"", ""daughter"", ""of"", ""mine"", ""is"", ""gonna"", ""be"", ""a"", ""mudshark"", ""and"", ""date"", ""a"", ""nigger"", ""burn"", ""the"", ""coal"", ""pay"", ""the"", ""toll"", ""i"", ""guess"", ""\ud83e\udd37"", ""\u200d"", ""\u2642\ufe0f""]",hatespeech,Caucasian,"[0, 0, 0, 0, 0, 0, 0, 0, 0, 0, 0, 0, 0, 0, 0, 0, 0, 0, 0, 0, 0, 1, 1, 1, 1, 1, 1, 1, 1, 1, 1, 1, 0, 0, 0, 0, 0]","[""mudshark"", ""and"", ""date"", ""a"", ""nigger"", ""burn"", ""the"", ""coal"", ""pay"", ""the"", ""toll""]",4,37,11,True,hatespeech,"[0, 0, 0, 0, 0, 0, 0, 0, 0, 0, 0, 0, 0, 0, 0, 0, 0, 0, 0, 0, 0, 1, 0, 0, 0, 1, 0, 0, 0, 0, 0, 0, 0, 0, 0, 0, 0]","[""mudshark"", ""nigger""]"
1178375247122309126_twitter,train,i hope kanye see you all black asses going hard for him 😔 i promise bro we gonna get him to stop loving the whites and respect yall niggers,"[""i"", ""hope"", ""kanye"", ""see"", ""you"", ""all"", ""black"", ""asses"", ""going"", ""hard"", ""for"", ""him"", ""\ud83d\ude14"", ""i"", ""promise"", ""bro"", ""we"", ""gonna"", ""get"", ""him"", ""to"", ""stop"", ""loving"", ""the"", ""whites"", ""and"", ""respect"", ""yall"", ""niggers""]",offensive,Caucasian,"[0, 0, 0, 0, 0, 0, 0, 0, 0, 0, 0, 0, 0, 0, 0, 0, 0, 0, 0, 0, 0, 1, 1, 1, 1, 1, 1, 1, 1]","[""stop"", ""loving"", ""the"", ""whites"", ""and"", ""respect"", ""yall"", ""niggers""]",4,29,8,True,offensive,"[0, 0, 0, 0, 0, 0, 0, 0, 0, 0, 0, 0, 0, 0, 0, 0, 0, 0, 0, 0, 0, 0, 0, 0, 0, 0, 0, 0, 1]","[""niggers""]"
17188226_gab,train,not a problem even though i know she a mudshark i still adore her,"[""not"", ""a"", ""problem"", ""even"", ""though"", ""i"", ""know"", ""she"", ""a"", ""mudshark"", ""i"", ""still"", ""adore"", ""her""]",hatespeech,Caucasian,"[0, 0, 0, 0, 0, 0, 0, 0, 0, 1, 0, 0, 0, 0]","[""mudshark""]",4,14,1,True,hatespeech,"[0, 0, 0, 0, 0, 0, 0, 0, 0, 1, 0, 0, 0, 0]","[""mudshark""]"
1178889323707432960_twitter,train,gosh yall the trauma 😭 😭 i hate u white bitches yeah spring view middle school im talking to you,"[""gosh"", ""yall"", ""the"", ""trauma"", ""\ud83d\ude2d"", ""\ud83d\ude2d"", ""i"", ""hate"", ""u"", ""white"", ""bitches"", ""yeah"", ""spring"", ""view"", ""middle"", ""school"", ""im"", ""talking"", ""to"", ""you""]",offensive,Caucasian,"[0, 0, 0, 0, 0, 0, 0, 0, 0, 1, 1, 0, 0, 0, 0, 0, 0, 0, 0, 0]","[""white"", ""bitches""]",4,20,2,True,offensive,"[0, 0, 0, 0, 0, 0, 0, 0, 0, 1, 1, 0, 0, 0, 0, 0, 0, 0, 0, 0]","[""white"", ""bitches""]"
1178889323707432960_twitter,train,gosh yall the trauma 😭 😭 i hate u white bitches yeah spring view middle school im talking to you,"[""gosh"", ""yall"", ""the"", ""trauma"", ""\ud83d\ude2d"", ""\ud83d\ude2d"", ""i"", ""hate"", ""u"", ""white"", ""bitches"", ""yeah"", ""spring"", ""view"", ""middle"", ""school"", ""im"", ""talking"", ""to"", ""you""]",offensive,Caucasian,"[0, 0, 0, 0, 0, 0, 0, 1, 1, 1, 1, 0, 0, 0, 0, 0, 0, 0, 0, 0]","[""hate"", ""u"", ""white"", ""bitches""]",1,20,4,True,offensive,"[0, 0, 0, 0, 0, 0, 0, 0, 0, 1, 1, 0, 0, 0, 0, 0, 0, 0, 0, 0]","[""white"", ""bitches""]"
1178889323707432960_twitter,train,gosh yall the trauma 😭 😭 i hate u white bitches yeah spring view middle school im talking to you,"[""gosh"", ""yall"", ""the"", ""trauma"", ""\ud83d\ude2d"", ""\ud83d\ude2d"", ""i"", ""hate"", ""u"", ""white"", ""bitches"", ""yeah"", ""spring"", ""view"", ""middle"", ""school"", ""im"", ""talking"", ""to"", ""you""]",offensive,Caucasian,"[0, 0, 0, 0, 0, 0, 0, 0, 0, 1, 1, 0, 0, 0, 0, 0, 0, 0, 0, 0]","[""white"", ""bitches""]",3,20,2,True,offensive,"[0, 0, 0, 0, 0, 0, 0, 0, 0, 1, 1, 0, 0, 0, 0, 0, 0, 0, 0, 0]","[""white"", ""bitches""]"
1178991334125953024_twitter,train,<user> i am suppose to be scared of a white bitch that took boxing lessons okay 😭 😭,"[""<user>"", ""i"", ""am"", ""suppose"", ""to"", ""be"", ""scared"", ""of"", ""a"", ""white"", ""bitch"", ""that"", ""took"", ""boxing"", ""lessons"", ""okay"", ""\ud83d\ude2d"", ""\ud83d\ude2d""]",hatespeech,Caucasian,"[0, 0, 0, 0, 0, 0, 0, 0, 0, 1, 1, 0, 0, 0, 0, 0, 0, 0]","[""white"", ""bitch""]",113,18,2,True,offensive,"[0, 0, 0, 0, 0, 0, 0, 0, 0, 1, 1, 0, 0, 0, 0, 0, 0, 0]","[""white"", ""bitch""]"
1178991334125953024_twitter,train,<user> i am suppose to be scared of a white bitch that took boxing lessons okay 😭 😭,"[""<user>"", ""i"", ""am"", ""suppose"", ""to"", ""be"", ""scared"", ""of"", ""a"", ""white"", ""bitch"", ""that"", ""took"", ""boxing"", ""lessons"", ""okay"", ""\ud83d\ude2d"", ""\ud83d\ude2d""]",offensive,Caucasian,"[0, 0, 0, 0, 0, 0, 0, 0, 0, 1, 1, 0, 0, 0, 0, 0, 0, 0]","[""white"", ""bitch""]",60,18,2,True,offensive,"[0, 0, 0, 0, 0, 0, 0, 0, 0, 1, 1, 0, 0, 0, 0, 0, 0, 0]","[""white"", ""bitch""]"
1178991334125953024_twitter,train,<user> i am suppose to be scared of a white bitch that took boxing lessons okay 😭 😭,"[""<user>"", ""i"", ""am"", ""suppose"", ""to"", ""be"", ""scared"", ""of"", ""a"", ""white"", ""bitch"", ""that"", ""took"", ""boxing"", ""lessons"", ""okay"", ""\ud83d\ude2d"", ""\ud83d\ude2d""]",offensive,Caucasian,"[0, 0, 0, 0, 0, 0, 0, 0, 0, 1, 1, 0, 0, 0, 0, 0, 0, 0]","[""white"", ""bitch""]",4,18,2,True,offensive,"[0, 0, 0, 0, 0, 0, 0, 0, 0, 1, 1, 0, 0, 0, 0, 0, 0, 0]","[""white"", ""bitch""]"
1178389337429434368_twitter,train,hoes are annoying thots are annoying which are pretty much the same white ppl are annoying spanish people are annoying and asians are too diverse even for their own culture 🙄,"[""hoes"", ""are"", ""annoying"", ""thots"", ""are"", ""annoying"", ""which"", ""are"", ""pretty"", ""much"", ""the"", ""same"", ""white"", ""ppl"", ""are"", ""annoying"", ""spanish"", ""people"", ""are"", ""annoying"", ""and"", ""asians"", ""are"", ""too"", ""diverse"", ""even"", ""for"", ""their"", ""own"", ""culture"", ""\ud83d\ude44""]",offensive,Caucasian,"[1, 1, 1, 1, 1, 1, 1, 1, 1, 1, 1, 1, 1, 1, 1, 1, 1, 1, 1, 1, 1, 1, 1, 1, 1, 1, 1, 1, 1, 1, 1]","[""hoes"", ""are"", ""annoying"", ""thots"", ""are"", ""annoying"", ""which"", ""are"", ""pretty"", ""much"", ""the"", ""same"", ""white"", ""ppl"", ""are"", ""annoying"", ""spanish"", ""people"", ""are"", ""annoying"", ""and"", ""asians"", ""are"", ""too"", ""diverse"", ""even"", ""for"", ""their"", ""own"", ""culture"", ""\ud83d\ude44""]",4,31,31,True,offensive,"[1, 0, 0, 1, 0, 0, 0, 0, 0, 0, 0, 0, 0, 0, 0, 0, 0, 0, 0, 0, 0, 0, 0, 0, 0, 0, 0, 0, 0, 0, 0]","[""hoes"", ""thots""]"
22282384_gab,train,photo op for <number> useless <number> kike <number> white trailer trash usa trump hating motherfuckers that need to be exterminated immediately,"[""photo"", ""op"", ""for"", ""<number>"", ""useless"", ""<number>"", ""kike"", ""<number>"", ""white"", ""trailer"", ""trash"", ""usa"", ""trump"", ""hating"", ""motherfuckers"", ""that"", ""need"", ""to"", ""be"", ""exterminated"", ""immediately""]",hatespeech,Caucasian,"[0, 0, 0, 0, 0, 0, 1, 0, 1, 1, 1, 0, 0, 0, 0, 0, 0, 0, 0, 0, 0]","[""kike"", ""white"", ""trailer"", ""trash""]",46,21,4,True,hatespeech,"[0, 0, 0, 0, 0, 0, 1, 0, 1, 1, 1, 0, 0, 0, 0, 0, 0, 0, 0, 0, 0]","[""kike"", ""white"", ""trailer"", ""trash""]"
22282384_gab,train,photo op for <number> useless <number> kike <number> white trailer trash usa trump hating motherfuckers that need to be exterminated immediately,"[""photo"", ""op"", ""for"", ""<number>"", ""useless"", ""<number>"", ""kike"", ""<number>"", ""white"", ""trailer"", ""trash"", ""usa"", ""trump"", ""hating"", ""motherfuckers"", ""that"", ""need"", ""to"", ""be"", ""exterminated"", ""immediately""]",hatespeech,Caucasian,"[0, 0, 0, 0, 0, 0, 1, 0, 1, 1, 1, 0, 0, 0, 0, 0, 0, 0, 0, 1, 0]","[""kike"", ""white"", ""trailer"", ""trash"", ""exterminated""]",59,21,5,True,hatespeech,"[0, 0, 0, 0, 0, 0, 1, 0, 1, 1, 1, 0, 0, 0, 0, 0, 0, 0, 0, 0, 0]","[""kike"", ""white"", ""trailer"", ""trash""]"
1178340996955947008_twitter,val,he a fucking pot smoking ass snitch molestor rapists and he looks like a fucking bitch and fucking little white boy that does not have shit up a desire to cry about everything what a fucking little faggot he wasn t ever worth shit,"[""he"", ""a"", ""fucking"", ""pot"", ""smoking"", ""ass"", ""snitch"", ""molestor"", ""rapists"", ""and"", ""he"", ""looks"", ""like"", ""a"", ""fucking"", ""bitch"", ""and"", ""fucking"", ""little"", ""white"", ""boy"", ""that"", ""does"", ""not"", ""have"", ""shit"", ""up"", ""a"", ""desire"", ""to"", ""cry"", ""about"", ""everything"", ""what"", ""a"", ""fucking"", ""little"", ""faggot"", ""he"", ""wasn"", ""t"", ""ever"", ""worth"", ""shit""]",offensive,Caucasian,"[0, 0, 0, 0, 0, 0, 0, 0, 0, 0, 0, 0, 0, 0, 1, 1, 1, 1, 1, 1, 1, 0, 0, 0, 0, 0, 0, 0, 0, 0, 0, 0, 0, 0, 0, 1, 1, 1, 0, 0, 0, 0, 0, 0]","[""fucking"", ""bitch"", ""and"", ""fucking"", ""little"", ""white"", ""boy"", ""fucking"", ""little"", ""faggot""]",4,44,10,True,offensive,"[0, 0, 0, 0, 0, 0, 0, 0, 0, 0, 0, 0, 0, 0, 0, 0, 0, 0, 0, 0, 0, 0, 0, 0, 0, 0, 0, 0, 0, 0, 0, 0, 0, 0, 0, 0, 1, 1, 0, 0, 0, 0, 0, 0]","[""little"", ""faggot""]"
1179098555606130689_twitter,train,f*ck <censored> white gays and f*ck <censored> their smelly loose cyst infested assholes they are the epitome of hypocrisy the pinnacle of being a musty thieves that perpetuate stereotypes on the queer community of color but love to adopt mannerisms when it in their convenience,"[""f*ck"", ""<censored>"", ""white"", ""gays"", ""and"", ""f*ck"", ""<censored>"", ""their"", ""smelly"", ""loose"", ""cyst"", ""infested"", ""assholes"", ""they"", ""are"", ""the"", ""epitome"", ""of"", ""hypocrisy"", ""the"", ""pinnacle"", ""of"", ""being"", ""a"", ""musty"", ""thieves"", ""that"", ""perpetuate"", ""stereotypes"", ""on"", ""the"", ""queer"", ""community"", ""of"", ""color"", ""but"", ""love"", ""to"", ""adopt"", ""mannerisms"", ""when"", ""it"", ""in"", ""their"", ""convenience""]",hatespeech,Caucasian,"[1, 1, 1, 1, 1, 1, 1, 1, 1, 1, 1, 1, 1, 0, 0, 0, 0, 0, 0, 0, 0, 0, 0, 0, 0, 0, 0, 0, 0, 0, 0, 0, 0, 0, 0, 0, 0, 0, 0, 0, 0, 0, 0, 0, 0]","[""f*ck"", ""<censored>"", ""white"", ""gays"", ""and"", ""f*ck"", ""<censored>"", ""their"", ""smelly"", ""loose"", ""cyst"", ""infested"", ""assholes""]",4,45,13,True,hatespeech,"[0, 0, 1, 1, 0, 0, 0, 0, 0, 0, 1, 1, 1, 0, 0, 0, 0, 0, 0, 0, 0, 0, 0, 0, 0, 0, 0, 0, 0, 0, 0, 0, 0, 0, 0, 0, 0, 0, 0, 0, 0, 0, 0, 0, 0]","[""white"", ""gays"", ""cyst"", ""infested"", ""assholes""]"
1179098555606130689_twitter,train,f*ck <censored> white gays and f*ck <censored> their smelly loose cyst infested assholes they are the epitome of hypocrisy the pinnacle of being a musty thieves that perpetuate stereotypes on the queer community of color but love to adopt mannerisms when it in their convenience,"[""f*ck"", ""<censored>"", ""white"", ""gays"", ""and"", ""f*ck"", ""<censored>"", ""their"", ""smelly"", ""loose"", ""cyst"", ""infested"", ""assholes"", ""they"", ""are"", ""the"", ""epitome"", ""of"", ""hypocrisy"", ""the"", ""pinnacle"", ""of"", ""being"", ""a"", ""musty"", ""thieves"", ""that"", ""perpetuate"", ""stereotypes"", ""on"", ""the"", ""queer"", ""community"", ""of"", ""color"", ""but"", ""love"", ""to"", ""adopt"", ""mannerisms"", ""when"", ""it"", ""in"", ""their"", ""convenience""]",hatespeech,Caucasian,"[0, 0, 1, 1, 0, 0, 0, 0, 0, 0, 0, 0, 0, 0, 0, 0, 0, 0, 0, 0, 0, 0, 0, 0, 0, 0, 0, 0, 0, 0, 0, 0, 0, 0, 0, 0, 0, 0, 0, 0, 0, 0, 0, 0, 0]","[""white"", ""gays""]",39,45,2,True,hatespeech,"[0, 0, 1, 1, 0, 0, 0, 0, 0, 0, 1, 1, 1, 0, 0, 0, 0, 0, 0, 0, 0, 0, 0, 0, 0, 0, 0, 0, 0, 0, 0, 0, 0, 0, 0, 0, 0, 0, 0, 0, 0, 0, 0, 0, 0]","[""white"", ""gays"", ""cyst"", ""infested"", ""assholes""]"
1179074111076814848_twitter,test,<user> lmao 😂 eses charged me under <money> fuck them white folk lmao,"[""<user>"", ""lmao"", ""\ud83d\ude02"", ""eses"", ""charged"", ""me"", ""under"", ""<money>"", ""fuck"", ""them"", ""white"", ""folk"", ""lmao""]",offensive,Caucasian,"[0, 0, 0, 0, 0, 0, 0, 0, 1, 1, 1, 1, 0]","[""fuck"", ""them"", ""white"", ""folk""]",89,13,4,True,offensive,"[0, 0, 0, 0, 0, 0, 0, 0, 1, 1, 1, 1, 0]","[""fuck"", ""them"", ""white"", ""folk""]"
1179074111076814848_twitter,test,<user> lmao 😂 eses charged me under <money> fuck them white folk lmao,"[""<user>"", ""lmao"", ""\ud83d\ude02"", ""eses"", ""charged"", ""me"", ""under"", ""<money>"", ""fuck"", ""them"", ""white"", ""folk"", ""lmao""]",offensive,Caucasian,"[0, 0, 0, 0, 0, 0, 0, 0, 1, 1, 1, 1, 0]","[""fuck"", ""them"", ""white"", ""folk""]",4,13,4,True,offensive,"[0, 0, 0, 0, 0, 0, 0, 0, 1, 1, 1, 1, 0]","[""fuck"", ""them"", ""white"", ""folk""]"
1179074111076814848_twitter,test,<user> lmao 😂 eses charged me under <money> fuck them white folk lmao,"[""<user>"", ""lmao"", ""\ud83d\ude02"", ""eses"", ""charged"", ""me"", ""under"", ""<money>"", ""fuck"", ""them"", ""white"", ""folk"", ""lmao""]",offensive,Caucasian,"[0, 0, 0, 0, 0, 0, 0, 0, 1, 1, 1, 1, 0]","[""fuck"", ""them"", ""white"", ""folk""]",42,13,4,True,offensive,"[0, 0, 0, 0, 0, 0, 0, 0, 1, 1, 1, 1, 0]","[""fuck"", ""them"", ""white"", ""folk""]"
1165966377515012097_twitter,train,tsurumarus a conservative evangelic baptist confederate redneck with sex toes on his right foot and missing half of his teeth,"[""tsurumarus"", ""a"", ""conservative"", ""evangelic"", ""baptist"", ""confederate"", ""redneck"", ""with"", ""sex"", ""toes"", ""on"", ""his"", ""right"", ""foot"", ""and"", ""missing"", ""half"", ""of"", ""his"", ""teeth""]",offensive,Caucasian,"[0, 0, 1, 1, 1, 1, 1, 0, 0, 0, 0, 0, 0, 0, 0, 0, 0, 0, 0, 0]","[""conservative"", ""evangelic"", ""baptist"", ""confederate"", ""redneck""]",6,20,5,True,offensive,"[0, 0, 0, 0, 0, 0, 1, 0, 0, 0, 0, 0, 0, 0, 0, 0, 0, 0, 0, 0]","[""redneck""]"
1165966377515012097_twitter,train,tsurumarus a conservative evangelic baptist confederate redneck with sex toes on his right foot and missing half of his teeth,"[""tsurumarus"", ""a"", ""conservative"", ""evangelic"", ""baptist"", ""confederate"", ""redneck"", ""with"", ""sex"", ""toes"", ""on"", ""his"", ""right"", ""foot"", ""and"", ""missing"", ""half"", ""of"", ""his"", ""teeth""]",offensive,Caucasian,"[0, 0, 0, 0, 0, 0, 1, 0, 0, 0, 0, 0, 0, 0, 0, 0, 0, 0, 0, 0]","[""redneck""]",4,20,1,True,offensive,"[0, 0, 0, 0, 0, 0, 1, 0, 0, 0, 0, 0, 0, 0, 0, 0, 0, 0, 0, 0]","[""redneck""]"
1165966377515012097_twitter,train,tsurumarus a conservative evangelic baptist confederate redneck with sex toes on his right foot and missing half of his teeth,"[""tsurumarus"", ""a"", ""conservative"", ""evangelic"", ""baptist"", ""confederate"", ""redneck"", ""with"", ""sex"", ""toes"", ""on"", ""his"", ""right"", ""foot"", ""and"", ""missing"", ""half"", ""of"", ""his"", ""teeth""]",hatespeech,Caucasian,"[0, 0, 0, 0, 0, 0, 1, 0, 0, 0, 0, 0, 0, 0, 0, 0, 0, 0, 0, 0]","[""redneck""]",43,20,1,True,offensive,"[0, 0, 0, 0, 0, 0, 1, 0, 0, 0, 0, 0, 0, 0, 0, 0, 0, 0, 0, 0]","[""redneck""]"
1178698944047652866_twitter,train,dust bunny women who habitually dates sympathizes with dusties snow bunny white women who pretend to be submissive to lock down a negro hoteptress sister soldier good enough to mule but not valued enough to marry black queen,"[""dust"", ""bunny"", ""women"", ""who"", ""habitually"", ""dates"", ""sympathizes"", ""with"", ""dusties"", ""snow"", ""bunny"", ""white"", ""women"", ""who"", ""pretend"", ""to"", ""be"", ""submissive"", ""to"", ""lock"", ""down"", ""a"", ""negro"", ""hoteptress"", ""sister"", ""soldier"", ""good"", ""enough"", ""to"", ""mule"", ""but"", ""not"", ""valued"", ""enough"", ""to"", ""marry"", ""black"", ""queen""]",hatespeech,Caucasian,"[1, 1, 1, 1, 1, 1, 1, 1, 1, 1, 1, 1, 1, 1, 1, 1, 1, 1, 1, 1, 1, 1, 1, 1, 1, 1, 1, 1, 1, 1, 1, 1, 1, 1, 1, 1, 1, 1]","[""dust"", ""bunny"", ""women"", ""who"", ""habitually"", ""dates"", ""sympathizes"", ""with"", ""dusties"", ""snow"", ""bunny"", ""white"", ""women"", ""who"", ""pretend"", ""to"", ""be"", ""submissive"", ""to"", ""lock"", ""down"", ""a"", ""negro"", ""hoteptress"", ""sister"", ""soldier"", ""good"", ""enough"", ""to"", ""mule"", ""but"", ""not"", ""valued"", ""enough"", ""to"", ""marry"", ""black"", ""queen""]",4,38,38,True,hatespeech,"[0, 0, 0, 0, 0, 0, 0, 0, 1, 1, 1, 0, 0, 0, 0, 0, 0, 0, 0, 0, 0, 0, 0, 1, 0, 0, 0, 0, 0, 0, 0, 0, 0, 0, 0, 0, 0, 0]","[""dusties"", ""snow"", ""bunny"", ""hoteptress""]"
1178387837500018689_twitter,train,<user> trailer trash salon version of her dad,"[""<user>"", ""trailer"", ""trash"", ""salon"", ""version"", ""of"", ""her"", ""dad""]",offensive,Caucasian,"[0, 1, 1, 0, 0, 0, 0, 0]","[""trailer"", ""trash""]",4,8,2,True,offensive,"[0, 1, 1, 0, 0, 0, 0, 0]","[""trailer"", ""trash""]"
1178723030161334274_twitter,train,<user> od leave them white devils alone,"[""<user>"", ""od"", ""leave"", ""them"", ""white"", ""devils"", ""alone""]",offensive,Caucasian,"[0, 0, 0, 0, 1, 1, 0]","[""white"", ""devils""]",51,7,2,True,offensive,"[0, 0, 0, 0, 1, 1, 0]","[""white"", ""devils""]"
1178723030161334274_twitter,train,<user> od leave them white devils alone,"[""<user>"", ""od"", ""leave"", ""them"", ""white"", ""devils"", ""alone""]",hatespeech,Caucasian,"[0, 0, 0, 0, 1, 1, 0]","[""white"", ""devils""]",4,7,2,True,offensive,"[0, 0, 0, 0, 1, 1, 0]","[""white"", ""devils""]"
1178723030161334274_twitter,train,<user> od leave them white devils alone,"[""<user>"", ""od"", ""leave"", ""them"", ""white"", ""devils"", ""alone""]",offensive,Caucasian,"[0, 0, 0, 0, 1, 1, 0]","[""white"", ""devils""]",3,7,2,True,offensive,"[0, 0, 0, 0, 1, 1, 0]","[""white"", ""devils""]"
1178867086086553606_twitter,train,<user> <user> do you mean palette you utter hillbilly,"[""<user>"", ""<user>"", ""do"", ""you"", ""mean"", ""palette"", ""you"", ""utter"", ""hillbilly""]",offensive,Caucasian,"[0, 0, 0, 0, 0, 0, 0, 0, 1]","[""hillbilly""]",4,9,1,True,offensive,"[0, 0, 0, 0, 0, 0, 1, 1, 1]","[""you"", ""utter"", ""hillbilly""]"
1179076907410874370_twitter,train,<user> trump is white trash it embarrassing that anyone is lying on his behalf,"[""<user>"", ""trump"", ""is"", ""white"", ""trash"", ""it"", ""embarrassing"", ""that"", ""anyone"", ""is"", ""lying"", ""on"", ""his"", ""behalf""]",offensive,Caucasian,"[0, 0, 0, 1, 1, 0, 0, 0, 0, 0, 0, 0, 0, 0]","[""white"", ""trash""]",60,14,2,True,offensive,"[0, 0, 0, 1, 1, 0, 0, 0, 0, 0, 0, 0, 0, 0]","[""white"", ""trash""]"
11080346_gab,test,a mudshark is a white woman who is only attracted to black men a thot is a whore every mudshark is a thot but not every thot is a mudshark,"[""a"", ""mudshark"", ""is"", ""a"", ""white"", ""woman"", ""who"", ""is"", ""only"", ""attracted"", ""to"", ""black"", ""men"", ""a"", ""thot"", ""is"", ""a"", ""whore"", ""every"", ""mudshark"", ""is"", ""a"", ""thot"", ""but"", ""not"", ""every"", ""thot"", ""is"", ""a"", ""mudshark""]",hatespeech,Caucasian,"[0, 1, 0, 0, 0, 0, 0, 0, 0, 0, 0, 0, 0, 0, 1, 0, 0, 0, 1, 1, 1, 1, 1, 1, 1, 1, 1, 1, 1, 1]","[""mudshark"", ""thot"", ""every"", ""mudshark"", ""is"", ""a"", ""thot"", ""but"", ""not"", ""every"", ""thot"", ""is"", ""a"", ""mudshark""]",4,30,14,True,hatespeech,"[0, 1, 0, 0, 0, 0, 0, 0, 0, 0, 0, 0, 0, 0, 1, 0, 0, 1, 0, 1, 1, 1, 1, 0, 0, 0, 1, 1, 1, 1]","[""mudshark"", ""thot"", ""whore"", ""mudshark"", ""is"", ""a"", ""thot"", ""thot"", ""is"", ""a"", ""mudshark""]"
1178390715656744960_twitter,train,can you believe this brokedy broke nigger was over here with a white bitch in the park kissing seriously the white bitch more fucked up then the niggers are is not that like raping the handicapped seriously why would a white bitch choose a nigger <number> she be retarded drugged to,"[""can"", ""you"", ""believe"", ""this"", ""brokedy"", ""broke"", ""nigger"", ""was"", ""over"", ""here"", ""with"", ""a"", ""white"", ""bitch"", ""in"", ""the"", ""park"", ""kissing"", ""seriously"", ""the"", ""white"", ""bitch"", ""more"", ""fucked"", ""up"", ""then"", ""the"", ""niggers"", ""are"", ""is"", ""not"", ""that"", ""like"", ""raping"", ""the"", ""handicapped"", ""seriously"", ""why"", ""would"", ""a"", ""white"", ""bitch"", ""choose"", ""a"", ""nigger"", ""<number>"", ""she"", ""be"", ""retarded"", ""drugged"", ""to""]",hatespeech,Caucasian,"[0, 0, 0, 0, 1, 1, 1, 0, 0, 0, 0, 0, 1, 1, 0, 0, 0, 0, 1, 1, 1, 1, 1, 1, 1, 1, 1, 1, 1, 1, 1, 1, 1, 1, 1, 1, 1, 1, 1, 1, 1, 1, 1, 1, 1, 1, 1, 1, 1, 1, 1]","[""brokedy"", ""broke"", ""nigger"", ""white"", ""bitch"", ""seriously"", ""the"", ""white"", ""bitch"", ""more"", ""fucked"", ""up"", ""then"", ""the"", ""niggers"", ""are"", ""is"", ""not"", ""that"", ""like"", ""raping"", ""the"", ""handicapped"", ""seriously"", ""why"", ""would"", ""a"", ""white"", ""bitch"", ""choose"", ""a"", ""nigger"", ""<number>"", ""she"", ""be"", ""retarded"", ""drugged"", ""to""]",4,51,38,True,hatespeech,"[0, 0, 0, 0, 0, 1, 1, 0, 0, 0, 0, 0, 0, 1, 0, 0, 0, 0, 0, 0, 0, 0, 0, 0, 0, 0, 0, 0, 0, 0, 0, 0, 0, 1, 1, 1, 0, 0, 0, 0, 0, 0, 0, 0, 0, 0, 0, 0, 0, 0, 0]","[""broke"", ""nigger"", ""bitch"", ""raping"", ""the"", ""handicapped""]"
15722307_gab,train,i am all about supporting trump on the issues that further our cause he extremely limited when it comes to wn activism though but he way better than following a mudshark whore like you want us to do,"[""i"", ""am"", ""all"", ""about"", ""supporting"", ""trump"", ""on"", ""the"", ""issues"", ""that"", ""further"", ""our"", ""cause"", ""he"", ""extremely"", ""limited"", ""when"", ""it"", ""comes"", ""to"", ""wn"", ""activism"", ""though"", ""but"", ""he"", ""way"", ""better"", ""than"", ""following"", ""a"", ""mudshark"", ""whore"", ""like"", ""you"", ""want"", ""us"", ""to"", ""do""]",hatespeech,Caucasian,"[0, 0, 0, 0, 0, 0, 0, 0, 0, 0, 0, 0, 0, 0, 0, 0, 0, 0, 0, 0, 0, 0, 0, 0, 0, 0, 0, 0, 0, 0, 1, 1, 0, 0, 0, 0, 0, 0]","[""mudshark"", ""whore""]",4,38,2,True,hatespeech,"[0, 0, 0, 0, 0, 0, 0, 0, 0, 0, 0, 0, 0, 0, 0, 0, 0, 0, 0, 0, 0, 0, 0, 0, 0, 0, 0, 0, 0, 0, 1, 1, 0, 0, 0, 0, 0, 0]","[""mudshark"", ""whore""]"
1178535768102461440_twitter,train,you all white whores are trashy as fuck it the <number> century you all pussy is a tragedy you all blk businessmen are ghetto as fuck helping some white bitch pussy that has a problem with blk ppl using bank or credit cards get a fucking dick in your pants,"[""you"", ""all"", ""white"", ""whores"", ""are"", ""trashy"", ""as"", ""fuck"", ""it"", ""the"", ""<number>"", ""century"", ""you"", ""all"", ""pussy"", ""is"", ""a"", ""tragedy"", ""you"", ""all"", ""blk"", ""businessmen"", ""are"", ""ghetto"", ""as"", ""fuck"", ""helping"", ""some"", ""white"", ""bitch"", ""pussy"", ""that"", ""has"", ""a"", ""problem"", ""with"", ""blk"", ""ppl"", ""using"", ""bank"", ""or"", ""credit"", ""cards"", ""get"", ""a"", ""fucking"", ""dick"", ""in"", ""your"", ""pants""]",offensive,Caucasian,"[0, 0, 1, 1, 0, 0, 0, 0, 0, 0, 0, 0, 0, 0, 0, 0, 0, 0, 0, 0, 0, 0, 0, 1, 0, 0, 0, 0, 0, 0, 0, 0, 0, 0, 0, 0, 0, 0, 0, 0, 0, 0, 0, 0, 0, 0, 0, 0, 0, 0]","[""white"", ""whores"", ""ghetto""]",52,50,3,True,offensive,"[0, 0, 1, 1, 0, 1, 1, 1, 0, 0, 0, 0, 0, 0, 0, 0, 0, 0, 0, 0, 0, 0, 0, 1, 0, 0, 0, 0, 0, 0, 0, 0, 0, 0, 0, 0, 0, 0, 0, 0, 0, 0, 0, 0, 0, 0, 0, 0, 0, 0]","[""white"", ""whores"", ""trashy"", ""as"", ""fuck"", ""ghetto""]"
1178535768102461440_twitter,train,you all white whores are trashy as fuck it the <number> century you all pussy is a tragedy you all blk businessmen are ghetto as fuck helping some white bitch pussy that has a problem with blk ppl using bank or credit cards get a fucking dick in your pants,"[""you"", ""all"", ""white"", ""whores"", ""are"", ""trashy"", ""as"", ""fuck"", ""it"", ""the"", ""<number>"", ""century"", ""you"", ""all"", ""pussy"", ""is"", ""a"", ""tragedy"", ""you"", ""all"", ""blk"", ""businessmen"", ""are"", ""ghetto"", ""as"", ""fuck"", ""helping"", ""some"", ""white"", ""bitch"", ""pussy"", ""that"", ""has"", ""a"", ""problem"", ""with"", ""blk"", ""ppl"", ""using"", ""bank"", ""or"", ""credit"", ""cards"", ""get"", ""a"", ""fucking"", ""dick"", ""in"", ""your"", ""pants""]",offensive,Caucasian,"[0, 0, 1, 1, 1, 1, 1, 1, 0, 0, 0, 0, 1, 1, 1, 1, 1, 1, 0, 0, 0, 0, 0, 1, 1, 1, 1, 1, 1, 1, 1, 0, 0, 0, 0, 0, 0, 0, 0, 0, 0, 0, 0, 0, 0, 0, 0, 0, 0, 0]","[""white"", ""whores"", ""are"", ""trashy"", ""as"", ""fuck"", ""you"", ""all"", ""pussy"", ""is"", ""a"", ""tragedy"", ""ghetto"", ""as"", ""fuck"", ""helping"", ""some"", ""white"", ""bitch"", ""pussy""]",4,50,20,True,offensive,"[0, 0, 1, 1, 0, 1, 1, 1, 0, 0, 0, 0, 0, 0, 0, 0, 0, 0, 0, 0, 0, 0, 0, 1, 0, 0, 0, 0, 0, 0, 0, 0, 0, 0, 0, 0, 0, 0, 0, 0, 0, 0, 0, 0, 0, 0, 0, 0, 0, 0]","[""white"", ""whores"", ""trashy"", ""as"", ""fuck"", ""ghetto""]"
1179093149437722625_twitter,val,fuck you braden you dumb houston white trash fuck,"[""fuck"", ""you"", ""braden"", ""you"", ""dumb"", ""houston"", ""white"", ""trash"", ""fuck""]",offensive,Caucasian,"[0, 0, 0, 0, 0, 0, 1, 1, 1]","[""white"", ""trash"", ""fuck""]",4,9,3,True,hatespeech,"[0, 0, 0, 0, 0, 0, 1, 1, 1]","[""white"", ""trash"", ""fuck""]"
1179093149437722625_twitter,val,fuck you braden you dumb houston white trash fuck,"[""fuck"", ""you"", ""braden"", ""you"", ""dumb"", ""houston"", ""white"", ""trash"", ""fuck""]",hatespeech,Caucasian,"[1, 1, 0, 0, 0, 0, 1, 1, 1]","[""fuck"", ""you"", ""white"", ""trash"", ""fuck""]",111,9,5,True,hatespeech,"[0, 0, 0, 0, 0, 0, 1, 1, 1]","[""white"", ""trash"", ""fuck""]"
1179092073061830656_twitter,train,<user> the hidden secret of canada is that <percent> of it is just like florida white trash still great country 🇨 🇦 🇺 🇸,"[""<user>"", ""the"", ""hidden"", ""secret"", ""of"", ""canada"", ""is"", ""that"", ""<percent>"", ""of"", ""it"", ""is"", ""just"", ""like"", ""florida"", ""white"", ""trash"", ""still"", ""great"", ""country"", ""\ud83c\udde8"", ""\ud83c\udde6"", ""\ud83c\uddfa"", ""\ud83c\uddf8""]",offensive,Caucasian,"[0, 0, 0, 0, 0, 0, 0, 0, 0, 0, 0, 0, 0, 0, 0, 1, 1, 0, 0, 0, 0, 0, 0, 0]","[""white"", ""trash""]",4,24,2,True,hatespeech,"[0, 0, 0, 0, 0, 0, 0, 0, 0, 0, 0, 0, 0, 0, 0, 1, 1, 0, 0, 0, 0, 0, 0, 0]","[""white"", ""trash""]"
1179092073061830656_twitter,train,<user> the hidden secret of canada is that <percent> of it is just like florida white trash still great country 🇨 🇦 🇺 🇸,"[""<user>"", ""the"", ""hidden"", ""secret"", ""of"", ""canada"", ""is"", ""that"", ""<percent>"", ""of"", ""it"", ""is"", ""just"", ""like"", ""florida"", ""white"", ""trash"", ""still"", ""great"", ""country"", ""\ud83c\udde8"", ""\ud83c\udde6"", ""\ud83c\uddfa"", ""\ud83c\uddf8""]",hatespeech,Caucasian,"[0, 0, 0, 0, 0, 0, 0, 0, 0, 0, 0, 0, 0, 0, 0, 1, 1, 0, 0, 0, 0, 0, 0, 0]","[""white"", ""trash""]",111,24,2,True,hatespeech,"[0, 0, 0, 0, 0, 0, 0, 0, 0, 0, 0, 0, 0, 0, 0, 1, 1, 0, 0, 0, 0, 0, 0, 0]","[""white"", ""trash""]"
24980891_gab,train,firstly i am not a yank secondly is not not ain t and thirdly he is moslem so shove it fool and do not talk cack keak,"[""firstly"", ""i"", ""am"", ""not"", ""a"", ""yank"", ""secondly"", ""is"", ""not"", ""not"", ""ain"", ""t"", ""and"", ""thirdly"", ""he"", ""is"", ""moslem"", ""so"", ""shove"", ""it"", ""fool"", ""and"", ""do"", ""not"", ""talk"", ""cack"", ""keak""]",offensive,Caucasian,"[0, 0, 0, 0, 0, 1, 0, 0, 0, 0, 0, 0, 0, 0, 0, 0, 0, 0, 0, 0, 0, 0, 0, 0, 0, 0, 1]","[""yank"", ""keak""]",83,27,2,True,hatespeech,"[0, 0, 0, 0, 0, 0, 0, 0, 0, 0, 0, 0, 0, 0, 0, 0, 1, 0, 0, 0, 0, 0, 0, 0, 0, 1, 1]","[""moslem"", ""cack"", ""keak""]"
11305089_gab,train,they are not going to be inspired to trudge off to work every day to generate gibs for mudshark single mothers women are net consumers of the wealth poured into the public trough men net generators why should they care about you one way or the other,"[""they"", ""are"", ""not"", ""going"", ""to"", ""be"", ""inspired"", ""to"", ""trudge"", ""off"", ""to"", ""work"", ""every"", ""day"", ""to"", ""generate"", ""gibs"", ""for"", ""mudshark"", ""single"", ""mothers"", ""women"", ""are"", ""net"", ""consumers"", ""of"", ""the"", ""wealth"", ""poured"", ""into"", ""the"", ""public"", ""trough"", ""men"", ""net"", ""generators"", ""why"", ""should"", ""they"", ""care"", ""about"", ""you"", ""one"", ""way"", ""or"", ""the"", ""other""]",hatespeech,Caucasian,"[0, 0, 0, 0, 0, 0, 0, 0, 0, 0, 0, 0, 0, 0, 0, 0, 0, 0, 1, 1, 1, 0, 0, 0, 0, 0, 0, 0, 0, 0, 0, 0, 0, 0, 0, 0, 0, 0, 0, 0, 0, 0, 0, 0, 0, 0, 0]","[""mudshark"", ""single"", ""mothers""]",4,47,3,True,hatespeech,"[0, 0, 0, 0, 0, 0, 0, 0, 0, 0, 0, 0, 0, 0, 0, 0, 0, 0, 1, 0, 0, 0, 0, 0, 0, 0, 0, 0, 0, 0, 0, 0, 0, 0, 0, 0, 0, 0, 0, 0, 0, 0, 0, 0, 0, 0, 0]","[""mudshark""]"
10427777_gab,train,nj is the shit stain of america dems are pussies afraid of their own shadows i hope muslims piss on every white nigger in jersey fucking scum,"[""nj"", ""is"", ""the"", ""shit"", ""stain"", ""of"", ""america"", ""dems"", ""are"", ""pussies"", ""afraid"", ""of"", ""their"", ""own"", ""shadows"", ""i"", ""hope"", ""muslims"", ""piss"", ""on"", ""every"", ""white"", ""nigger"", ""in"", ""jersey"", ""fucking"", ""scum""]",hatespeech,Caucasian,"[0, 0, 0, 0, 0, 0, 0, 0, 0, 0, 0, 0, 0, 0, 0, 0, 0, 0, 0, 0, 0, 1, 1, 0, 0, 0, 0]","[""white"", ""nigger""]",46,27,2,True,hatespeech,"[0, 0, 0, 0, 0, 0, 0, 0, 0, 0, 0, 0, 0, 0, 0, 0, 0, 0, 0, 0, 0, 1, 1, 0, 0, 0, 0]","[""white"", ""nigger""]"
13789335_gab,train,eww a mudshark with a niglet,"[""eww"", ""a"", ""mudshark"", ""with"", ""a"", ""niglet""]",hatespeech,Caucasian,"[0, 0, 1, 1, 1, 1]","[""mudshark"", ""with"", ""a"", ""niglet""]",4,6,4,True,hatespeech,"[0, 0, 1, 0, 0, 1]","[""mudshark"", ""niglet""]"
1178780203046330368_twitter,train,<user> the white bitch in the middle sealed the deal,"[""<user>"", ""the"", ""white"", ""bitch"", ""in"", ""the"", ""middle"", ""sealed"", ""the"", ""deal""]",hatespeech,Caucasian,"[0, 0, 1, 1, 0, 0, 0, 0, 0, 0]","[""white"", ""bitch""]",128,10,2,True,offensive,"[0, 0, 1, 1, 0, 0, 0, 0, 0, 0]","[""white"", ""bitch""]"
1178780203046330368_twitter,train,<user> the white bitch in the middle sealed the deal,"[""<user>"", ""the"", ""white"", ""bitch"", ""in"", ""the"", ""middle"", ""sealed"", ""the"", ""deal""]",offensive,Caucasian,"[0, 0, 1, 1, 0, 0, 0, 0, 0, 0]","[""white"", ""bitch""]",4,10,2,True,offensive,"[0, 0, 1, 1, 0, 0, 0, 0, 0, 0]","[""white"", ""bitch""]"
1178780203046330368_twitter,train,<user> the white bitch in the middle sealed the deal,"[""<user>"", ""the"", ""white"", ""bitch"", ""in"", ""the"", ""middle"", ""sealed"", ""the"", ""deal""]",offensive,Caucasian,"[0, 0, 1, 1, 0, 0, 0, 0, 0, 0]","[""white"", ""bitch""]",3,10,2,True,offensive,"[0, 0, 1, 1, 0, 0, 0, 0, 0, 0]","[""white"", ""bitch""]"
4665932_gab,train,mudder theresa may is a useless mudshark and no mistake,"[""mudder"", ""theresa"", ""may"", ""is"", ""a"", ""useless"", ""mudshark"", ""and"", ""no"", ""mistake""]",offensive,Caucasian,"[1, 0, 0, 0, 0, 0, 1, 0, 0, 0]","[""mudder"", ""mudshark""]",46,10,2,True,hatespeech,"[0, 0, 0, 0, 0, 0, 1, 0, 0, 0]","[""mudshark""]"
4665932_gab,train,mudder theresa may is a useless mudshark and no mistake,"[""mudder"", ""theresa"", ""may"", ""is"", ""a"", ""useless"", ""mudshark"", ""and"", ""no"", ""mistake""]",hatespeech,Caucasian,"[0, 0, 0, 0, 0, 0, 1, 0, 0, 0]","[""mudshark""]",4,10,1,True,hatespeech,"[0, 0, 0, 0, 0, 0, 1, 0, 0, 0]","[""mudshark""]"
1179079761437573120_twitter,train,them asian girls that be acting black wit the acrylics the baby hairs laid irk me more than white bitches wit box braids 😂 😂 😂,"[""them"", ""asian"", ""girls"", ""that"", ""be"", ""acting"", ""black"", ""wit"", ""the"", ""acrylics"", ""the"", ""baby"", ""hairs"", ""laid"", ""irk"", ""me"", ""more"", ""than"", ""white"", ""bitches"", ""wit"", ""box"", ""braids"", ""\ud83d\ude02"", ""\ud83d\ude02"", ""\ud83d\ude02""]",offensive,Caucasian,"[0, 0, 0, 0, 0, 0, 0, 0, 0, 0, 0, 0, 0, 0, 0, 0, 0, 0, 1, 1, 0, 0, 0, 0, 0, 0]","[""white"", ""bitches""]",3,26,2,True,offensive,"[0, 0, 0, 0, 0, 0, 0, 0, 0, 0, 0, 0, 0, 0, 0, 0, 0, 0, 1, 1, 0, 0, 0, 0, 0, 0]","[""white"", ""bitches""]"
8071344_gab,train,why are people surprised by the dimwitted response of some air headed mudshark,"[""why"", ""are"", ""people"", ""surprised"", ""by"", ""the"", ""dimwitted"", ""response"", ""of"", ""some"", ""air"", ""headed"", ""mudshark""]",hatespeech,Caucasian,"[0, 0, 0, 0, 0, 0, 0, 0, 0, 0, 1, 1, 1]","[""air"", ""headed"", ""mudshark""]",4,13,3,True,hatespeech,"[0, 0, 0, 0, 0, 0, 0, 0, 0, 0, 0, 0, 1]","[""mudshark""]"
18229178_gab,train,i do not want to look like a snow nigger that easily prone to skin cancer anyway lay off the cake you <number> chinned jabba the hut fat fuxk,"[""i"", ""do"", ""not"", ""want"", ""to"", ""look"", ""like"", ""a"", ""snow"", ""nigger"", ""that"", ""easily"", ""prone"", ""to"", ""skin"", ""cancer"", ""anyway"", ""lay"", ""off"", ""the"", ""cake"", ""you"", ""<number>"", ""chinned"", ""jabba"", ""the"", ""hut"", ""fat"", ""fuxk""]",hatespeech,Caucasian,"[0, 0, 0, 0, 0, 0, 0, 0, 1, 1, 0, 0, 0, 0, 0, 0, 0, 0, 0, 0, 0, 0, 0, 0, 0, 0, 0, 0, 0]","[""snow"", ""nigger""]",4,29,2,True,hatespeech,"[0, 0, 0, 0, 0, 0, 0, 0, 1, 1, 0, 0, 0, 0, 0, 0, 0, 0, 0, 0, 0, 0, 0, 0, 0, 0, 0, 0, 0]","[""snow"", ""nigger""]"
19832857_gab,train,no vanessa is a mudshark in islay alina is a wino living in manchester,"[""no"", ""vanessa"", ""is"", ""a"", ""mudshark"", ""in"", ""islay"", ""alina"", ""is"", ""a"", ""wino"", ""living"", ""in"", ""manchester""]",hatespeech,Caucasian,"[0, 0, 0, 0, 1, 0, 0, 0, 0, 0, 0, 0, 0, 0]","[""mudshark""]",4,14,1,True,offensive,"[0, 0, 0, 0, 1, 0, 0, 0, 0, 0, 0, 0, 0, 0]","[""mudshark""]"
19832857_gab,train,no vanessa is a mudshark in islay alina is a wino living in manchester,"[""no"", ""vanessa"", ""is"", ""a"", ""mudshark"", ""in"", ""islay"", ""alina"", ""is"", ""a"", ""wino"", ""living"", ""in"", ""manchester""]",offensive,Caucasian,"[0, 0, 0, 0, 1, 0, 0, 0, 0, 0, 0, 0, 0, 0]","[""mudshark""]",46,14,1,True,offensive,"[0, 0, 0, 0, 1, 0, 0, 0, 0, 0, 0, 0, 0, 0]","[""mudshark""]"
1179046103477575680_twitter,train,<user> girl like tf lol them white hoes was better,"[""<user>"", ""girl"", ""like"", ""tf"", ""lol"", ""them"", ""white"", ""hoes"", ""was"", ""better""]",offensive,Caucasian,"[0, 0, 0, 0, 0, 0, 1, 1, 0, 0]","[""white"", ""hoes""]",11,10,2,True,offensive,"[0, 0, 0, 0, 0, 0, 1, 1, 0, 0]","[""white"", ""hoes""]"
1179046103477575680_twitter,train,<user> girl like tf lol them white hoes was better,"[""<user>"", ""girl"", ""like"", ""tf"", ""lol"", ""them"", ""white"", ""hoes"", ""was"", ""better""]",offensive,Caucasian,"[0, 0, 0, 0, 0, 0, 1, 1, 0, 0]","[""white"", ""hoes""]",10,10,2,True,offensive,"[0, 0, 0, 0, 0, 0, 1, 1, 0, 0]","[""white"", ""hoes""]"
1179046103477575680_twitter,train,<user> girl like tf lol them white hoes was better,"[""<user>"", ""girl"", ""like"", ""tf"", ""lol"", ""them"", ""white"", ""hoes"", ""was"", ""better""]",offensive,Caucasian,"[0, 0, 0, 0, 0, 0, 1, 1, 0, 0]","[""white"", ""hoes""]",4,10,2,True,offensive,"[0, 0, 0, 0, 0, 0, 1, 1, 0, 0]","[""white"", ""hoes""]"
1178906065775333376_twitter,train,fuck nazi white trash,"[""fuck"", ""nazi"", ""white"", ""trash""]",offensive,Caucasian,"[1, 1, 1, 1]","[""fuck"", ""nazi"", ""white"", ""trash""]",11,4,4,True,offensive,"[0, 1, 1, 1]","[""nazi"", ""white"", ""trash""]"
1178906065775333376_twitter,train,fuck nazi white trash,"[""fuck"", ""nazi"", ""white"", ""trash""]",offensive,Caucasian,"[0, 1, 1, 1]","[""nazi"", ""white"", ""trash""]",10,4,3,True,offensive,"[0, 1, 1, 1]","[""nazi"", ""white"", ""trash""]"
1178906065775333376_twitter,train,fuck nazi white trash,"[""fuck"", ""nazi"", ""white"", ""trash""]",offensive,Caucasian,"[0, 0, 1, 1]","[""white"", ""trash""]",4,4,2,True,offensive,"[0, 1, 1, 1]","[""nazi"", ""white"", ""trash""]"
22198009_gab,train,so i just realized that <user> aka albino nigger pictured below the leader of faggotwaffle and nigerian resident shares a name with jews so that certainly interesting,"[""so"", ""i"", ""just"", ""realized"", ""that"", ""<user>"", ""aka"", ""albino"", ""nigger"", ""pictured"", ""below"", ""the"", ""leader"", ""of"", ""faggotwaffle"", ""and"", ""nigerian"", ""resident"", ""shares"", ""a"", ""name"", ""with"", ""jews"", ""so"", ""that"", ""certainly"", ""interesting""]",hatespeech,Caucasian,"[0, 0, 0, 0, 0, 0, 0, 1, 1, 0, 0, 0, 0, 0, 1, 0, 0, 0, 0, 0, 0, 0, 0, 0, 0, 0, 0]","[""albino"", ""nigger"", ""faggotwaffle""]",4,27,3,True,hatespeech,"[0, 0, 0, 0, 0, 0, 0, 1, 1, 0, 0, 0, 0, 0, 1, 0, 0, 0, 0, 0, 0, 0, 0, 0, 0, 0, 0]","[""albino"", ""nigger"", ""faggotwaffle""]"
1179095080663207936_twitter,val,savannah has no plugs it sad 😔 ima have to take over this lil hillbilly city,"[""savannah"", ""has"", ""no"", ""plugs"", ""it"", ""sad"", ""\ud83d\ude14"", ""ima"", ""have"", ""to"", ""take"", ""over"", ""this"", ""lil"", ""hillbilly"", ""city""]",offensive,Caucasian,"[0, 0, 0, 0, 0, 0, 0, 0, 0, 0, 0, 0, 0, 0, 1, 0]","[""hillbilly""]",39,16,1,True,offensive,"[0, 0, 0, 0, 0, 0, 0, 0, 0, 0, 0, 0, 0, 0, 1, 0]","[""hillbilly""]"
1179095080663207936_twitter,val,savannah has no plugs it sad 😔 ima have to take over this lil hillbilly city,"[""savannah"", ""has"", ""no"", ""plugs"", ""it"", ""sad"", ""\ud83d\ude14"", ""ima"", ""have"", ""to"", ""take"", ""over"", ""this"", ""lil"", ""hillbilly"", ""city""]",offensive,Caucasian,"[0, 0, 0, 0, 0, 0, 0, 0, 0, 0, 0, 0, 0, 0, 1, 0]","[""hillbilly""]",4,16,1,True,offensive,"[0, 0, 0, 0, 0, 0, 0, 0, 0, 0, 0, 0, 0, 0, 1, 0]","[""hillbilly""]"
24543379_gab,train,definitely when they started promoting asian women and kike bitches over breeding white women i knew they were explicitly anti white faggots fuck them all,"[""definitely"", ""when"", ""they"", ""started"", ""promoting"", ""asian"", ""women"", ""and"", ""kike"", ""bitches"", ""over"", ""breeding"", ""white"", ""women"", ""i"", ""knew"", ""they"", ""were"", ""explicitly"", ""anti"", ""white"", ""faggots"", ""fuck"", ""them"", ""all""]",hatespeech,Caucasian,"[0, 0, 0, 0, 0, 0, 0, 0, 1, 1, 0, 0, 0, 0, 0, 0, 0, 0, 0, 1, 1, 1, 0, 0, 0]","[""kike"", ""bitches"", ""anti"", ""white"", ""faggots""]",4,25,5,True,hatespeech,"[0, 0, 0, 0, 0, 0, 0, 0, 1, 1, 0, 0, 0, 0, 0, 0, 0, 0, 0, 0, 0, 1, 0, 0, 0]","[""kike"", ""bitches"", ""faggots""]"
18861953_gab,train,i believe we shuld have a national mudshark holiday too ain t rite niggers git a hole month in feb an nuttin for there mudsharks were da justice at,"[""i"", ""believe"", ""we"", ""shuld"", ""have"", ""a"", ""national"", ""mudshark"", ""holiday"", ""too"", ""ain"", ""t"", ""rite"", ""niggers"", ""git"", ""a"", ""hole"", ""month"", ""in"", ""feb"", ""an"", ""nuttin"", ""for"", ""there"", ""mudsharks"", ""were"", ""da"", ""justice"", ""at""]",hatespeech,Caucasian,"[0, 0, 0, 0, 0, 0, 0, 1, 0, 0, 0, 0, 0, 1, 0, 0, 0, 0, 0, 0, 1, 1, 1, 1, 1, 0, 0, 0, 0]","[""mudshark"", ""niggers"", ""an"", ""nuttin"", ""for"", ""there"", ""mudsharks""]",4,29,7,True,hatespeech,"[0, 0, 0, 0, 0, 0, 0, 1, 0, 0, 0, 0, 0, 1, 0, 0, 0, 0, 0, 0, 0, 0, 0, 0, 1, 0, 0, 0, 0]","[""mudshark"", ""niggers"", ""mudsharks""]"
1179101296072237058_twitter,train,give that white bitch <number>,"[""give"", ""that"", ""white"", ""bitch"", ""<number>""]",offensive,Caucasian,"[0, 0, 1, 1, 0]","[""white"", ""bitch""]",54,5,2,True,offensive,"[0, 0, 1, 1, 0]","[""white"", ""bitch""]"
1179101296072237058_twitter,train,give that white bitch <number>,"[""give"", ""that"", ""white"", ""bitch"", ""<number>""]",offensive,Caucasian,"[0, 0, 1, 1, 0]","[""white"", ""bitch""]",4,5,2,True,offensive,"[0, 0, 1, 1, 0]","[""white"", ""bitch""]"
20821499_gab,train,sometimes you can know a mudshark just by looking at her,"[""sometimes"", ""you"", ""can"", ""know"", ""a"", ""mudshark"", ""just"", ""by"", ""looking"", ""at"", ""her""]",offensive,Caucasian,"[0, 0, 0, 0, 0, 1, 0, 0, 0, 0, 0]","[""mudshark""]",46,11,1,True,offensive,"[0, 0, 0, 0, 0, 1, 0, 0, 0, 0, 0]","[""mudshark""]"
1178516230098976769_twitter,train,fuck yeah kill that white devil the terror infamy,"[""fuck"", ""yeah"", ""kill"", ""that"", ""white"", ""devil"", ""the"", ""terror"", ""infamy""]",hatespeech,Caucasian,"[0, 0, 0, 0, 1, 1, 0, 0, 0]","[""white"", ""devil""]",10,9,2,True,hatespeech,"[0, 0, 1, 1, 1, 1, 0, 0, 0]","[""kill"", ""that"", ""white"", ""devil""]"
1178516230098976769_twitter,train,fuck yeah kill that white devil the terror infamy,"[""fuck"", ""yeah"", ""kill"", ""that"", ""white"", ""devil"", ""the"", ""terror"", ""infamy""]",offensive,Caucasian,"[0, 0, 1, 1, 1, 1, 0, 0, 0]","[""kill"", ""that"", ""white"", ""devil""]",28,9,4,True,hatespeech,"[0, 0, 1, 1, 1, 1, 0, 0, 0]","[""kill"", ""that"", ""white"", ""devil""]"
1178516230098976769_twitter,train,fuck yeah kill that white devil the terror infamy,"[""fuck"", ""yeah"", ""kill"", ""that"", ""white"", ""devil"", ""the"", ""terror"", ""infamy""]",hatespeech,Caucasian,"[0, 0, 1, 1, 1, 1, 0, 0, 0]","[""kill"", ""that"", ""white"", ""devil""]",4,9,4,True,hatespeech,"[0, 0, 1, 1, 1, 1, 0, 0, 0]","[""kill"", ""that"", ""white"", ""devil""]"
16683973_gab,val,i simply just laugh anymore when i see a white slag dating a coon,"[""i"", ""simply"", ""just"", ""laugh"", ""anymore"", ""when"", ""i"", ""see"", ""a"", ""white"", ""slag"", ""dating"", ""a"", ""coon""]",hatespeech,Caucasian,"[0, 0, 0, 0, 0, 0, 0, 0, 0, 1, 1, 1, 1, 1]","[""white"", ""slag"", ""dating"", ""a"", ""coon""]",4,14,5,True,hatespeech,"[0, 0, 0, 0, 0, 0, 0, 0, 0, 1, 1, 0, 0, 1]","[""white"", ""slag"", ""coon""]"
1179077145777324032_twitter,val,is intersectional feminism the redneck ideology of the 2 0 2 0 perhaps dm me to read my essay,"[""is"", ""intersectional"", ""feminism"", ""the"", ""redneck"", ""ideology"", ""of"", ""the"", ""2"", ""0"", ""2"", ""0"", ""perhaps"", ""dm"", ""me"", ""to"", ""read"", ""my"", ""essay""]",offensive,Caucasian,"[0, 0, 0, 0, 1, 0, 0, 0, 0, 0, 0, 0, 0, 0, 0, 0, 0, 0, 0]","[""redneck""]",4,19,1,True,offensive,"[0, 0, 0, 0, 1, 0, 0, 0, 0, 0, 0, 0, 0, 0, 0, 0, 0, 0, 0]","[""redneck""]"
1179104659685937152_twitter,train,<user> nvm fuck her white ass,"[""<user>"", ""nvm"", ""fuck"", ""her"", ""white"", ""ass""]",offensive,Caucasian,"[0, 0, 0, 0, 1, 1]","[""white"", ""ass""]",10,6,2,True,offensive,"[0, 0, 0, 0, 1, 1]","[""white"", ""ass""]"
1179104659685937152_twitter,train,<user> nvm fuck her white ass,"[""<user>"", ""nvm"", ""fuck"", ""her"", ""white"", ""ass""]",hatespeech,Caucasian,"[0, 0, 0, 0, 1, 0]","[""white""]",4,6,1,True,offensive,"[0, 0, 0, 0, 1, 1]","[""white"", ""ass""]"
1179104659685937152_twitter,train,<user> nvm fuck her white ass,"[""<user>"", ""nvm"", ""fuck"", ""her"", ""white"", ""ass""]",offensive,Caucasian,"[0, 0, 0, 0, 1, 1]","[""white"", ""ass""]",30,6,2,True,offensive,"[0, 0, 0, 0, 1, 1]","[""white"", ""ass""]"
15798449_gab,train,yes that mudshark tendency shows the world how truly progressive she is see,"[""yes"", ""that"", ""mudshark"", ""tendency"", ""shows"", ""the"", ""world"", ""how"", ""truly"", ""progressive"", ""she"", ""is"", ""see""]",offensive,Caucasian,"[0, 0, 1, 0, 0, 0, 0, 0, 0, 0, 0, 0, 0]","[""mudshark""]",27,13,1,True,offensive,"[0, 0, 1, 0, 0, 0, 0, 0, 0, 0, 0, 0, 0]","[""mudshark""]"
15798449_gab,train,yes that mudshark tendency shows the world how truly progressive she is see,"[""yes"", ""that"", ""mudshark"", ""tendency"", ""shows"", ""the"", ""world"", ""how"", ""truly"", ""progressive"", ""she"", ""is"", ""see""]",hatespeech,Caucasian,"[0, 0, 1, 0, 0, 0, 0, 0, 0, 0, 0, 0, 0]","[""mudshark""]",4,13,1,True,offensive,"[0, 0, 1, 0, 0, 0, 0, 0, 0, 0, 0, 0, 0]","[""mudshark""]"
1178763041468403713_twitter,train,i hate you cringy ass white people,"[""i"", ""hate"", ""you"", ""cringy"", ""ass"", ""white"", ""people""]",offensive,Caucasian,"[1, 1, 1, 1, 1, 1, 1]","[""i"", ""hate"", ""you"", ""cringy"", ""ass"", ""white"", ""people""]",4,7,7,True,offensive,"[0, 0, 0, 1, 1, 1, 1]","[""cringy"", ""ass"", ""white"", ""people""]"
1178763041468403713_twitter,train,i hate you cringy ass white people,"[""i"", ""hate"", ""you"", ""cringy"", ""ass"", ""white"", ""people""]",offensive,Caucasian,"[0, 0, 0, 1, 1, 1, 1]","[""cringy"", ""ass"", ""white"", ""people""]",27,7,4,True,offensive,"[0, 0, 0, 1, 1, 1, 1]","[""cringy"", ""ass"", ""white"", ""people""]"
1178763041468403713_twitter,train,i hate you cringy ass white people,"[""i"", ""hate"", ""you"", ""cringy"", ""ass"", ""white"", ""people""]",offensive,Caucasian,"[0, 0, 0, 1, 1, 1, 1]","[""cringy"", ""ass"", ""white"", ""people""]",1,7,4,True,offensive,"[0, 0, 0, 1, 1, 1, 1]","[""cringy"", ""ass"", ""white"", ""people""]"
18416152_gab,train,lmao this snow nigger is fuming so hard he brought out his ebonics 😂 🤣 😂 🤣 😂 🤣 😂 😂 😂 🤣 😂 🤣 lol this is your future daughters homeboi,"[""lmao"", ""this"", ""snow"", ""nigger"", ""is"", ""fuming"", ""so"", ""hard"", ""he"", ""brought"", ""out"", ""his"", ""ebonics"", ""\ud83d\ude02"", ""\ud83e\udd23"", ""\ud83d\ude02"", ""\ud83e\udd23"", ""\ud83d\ude02"", ""\ud83e\udd23"", ""\ud83d\ude02"", ""\ud83d\ude02"", ""\ud83d\ude02"", ""\ud83e\udd23"", ""\ud83d\ude02"", ""\ud83e\udd23"", ""lol"", ""this"", ""is"", ""your"", ""future"", ""daughters"", ""homeboi""]",hatespeech,Caucasian,"[0, 0, 1, 1, 0, 0, 0, 0, 0, 0, 0, 0, 0, 0, 0, 0, 0, 0, 0, 0, 0, 0, 0, 0, 0, 0, 0, 0, 0, 0, 0, 0]","[""snow"", ""nigger""]",4,32,2,True,hatespeech,"[0, 0, 1, 1, 0, 0, 0, 0, 0, 0, 0, 0, 0, 0, 0, 0, 0, 0, 0, 0, 0, 0, 0, 0, 0, 0, 0, 0, 0, 0, 0, 0]","[""snow"", ""nigger""]"
14601804_gab,train,shitskin indian with a mudshark wife wants to invite socialist niggers into our home i have heard this story before ends badly much ugliness,"[""shitskin"", ""indian"", ""with"", ""a"", ""mudshark"", ""wife"", ""wants"", ""to"", ""invite"", ""socialist"", ""niggers"", ""into"", ""our"", ""home"", ""i"", ""have"", ""heard"", ""this"", ""story"", ""before"", ""ends"", ""badly"", ""much"", ""ugliness""]",hatespeech,Caucasian,"[1, 1, 1, 1, 1, 1, 0, 0, 0, 0, 1, 0, 0, 0, 0, 0, 0, 0, 0, 0, 0, 0, 0, 0]","[""shitskin"", ""indian"", ""with"", ""a"", ""mudshark"", ""wife"", ""niggers""]",4,24,7,True,hatespeech,"[1, 1, 0, 0, 1, 1, 0, 0, 0, 0, 1, 0, 0, 0, 0, 0, 0, 0, 0, 0, 0, 0, 0, 0]","[""shitskin"", ""indian"", ""mudshark"", ""wife"", ""niggers""]"
20872620_gab,train,strawman i said my allies you said all woke wimmenz do not use kike sophistry it gross,"[""strawman"", ""i"", ""said"", ""my"", ""allies"", ""you"", ""said"", ""all"", ""woke"", ""wimmenz"", ""do"", ""not"", ""use"", ""kike"", ""sophistry"", ""it"", ""gross""]",hatespeech,Caucasian,"[0, 0, 0, 0, 0, 0, 0, 0, 0, 0, 0, 0, 0, 1, 0, 0, 0]","[""kike""]",70,17,1,True,hatespeech,"[0, 0, 0, 0, 0, 0, 0, 0, 0, 0, 0, 0, 0, 1, 0, 0, 0]","[""kike""]"
24402010_gab,train,it feels good to say kike on social media,"[""it"", ""feels"", ""good"", ""to"", ""say"", ""kike"", ""on"", ""social"", ""media""]",hatespeech,Caucasian,"[0, 0, 0, 0, 0, 1, 0, 0, 0]","[""kike""]",70,9,1,True,hatespeech,"[0, 0, 0, 0, 0, 1, 0, 0, 0]","[""kike""]"
18624874_gab,train,you do not think it the fact that you sound like a whiny wheezy nasally libtard right now calling you a kike faggot does not make someone a nazi kikefag that an insult to real nazis,"[""you"", ""do"", ""not"", ""think"", ""it"", ""the"", ""fact"", ""that"", ""you"", ""sound"", ""like"", ""a"", ""whiny"", ""wheezy"", ""nasally"", ""libtard"", ""right"", ""now"", ""calling"", ""you"", ""a"", ""kike"", ""faggot"", ""does"", ""not"", ""make"", ""someone"", ""a"", ""nazi"", ""kikefag"", ""that"", ""an"", ""insult"", ""to"", ""real"", ""nazis""]",hatespeech,Caucasian,"[0, 0, 0, 0, 0, 0, 0, 0, 0, 0, 0, 0, 0, 0, 0, 0, 0, 0, 0, 0, 0, 1, 1, 0, 0, 0, 0, 0, 0, 1, 0, 0, 0, 0, 0, 0]","[""kike"", ""faggot"", ""kikefag""]",70,36,3,True,hatespeech,"[0, 0, 0, 0, 0, 0, 0, 0, 0, 0, 0, 0, 0, 0, 0, 0, 0, 0, 0, 0, 0, 1, 1, 0, 0, 0, 0, 0, 0, 1, 0, 0, 0, 0, 0, 0]","[""kike"", ""faggot"", ""kikefag""]"
1178491303321055232_twitter,train,everything is pretentious when you are ignorant trailer trash inspirational ✨,"[""everything"", ""is"", ""pretentious"", ""when"", ""you"", ""are"", ""ignorant"", ""trailer"", ""trash"", ""inspirational"", ""\u2728""]",offensive,Caucasian,"[0, 0, 0, 0, 0, 0, 0, 1, 1, 0, 0]","[""trailer"", ""trash""]",4,11,2,True,offensive,"[0, 0, 0, 0, 0, 0, 0, 1, 1, 0, 0]","[""trailer"", ""trash""]"
1179100409836781570_twitter,train,<user> <user> no he is a gun stock piling redneck my family is weird,"[""<user>"", ""<user>"", ""no"", ""he"", ""is"", ""a"", ""gun"", ""stock"", ""piling"", ""redneck"", ""my"", ""family"", ""is"", ""weird""]",offensive,Caucasian,"[0, 0, 0, 0, 0, 0, 0, 0, 0, 1, 0, 0, 0, 0]","[""redneck""]",4,14,1,True,offensive,"[0, 0, 0, 0, 0, 0, 0, 0, 0, 1, 0, 0, 0, 0]","[""redneck""]"
1179100409836781570_twitter,train,<user> <user> no he is a gun stock piling redneck my family is weird,"[""<user>"", ""<user>"", ""no"", ""he"", ""is"", ""a"", ""gun"", ""stock"", ""piling"", ""redneck"", ""my"", ""family"", ""is"", ""weird""]",offensive,Caucasian,"[0, 0, 0, 0, 0, 0, 0, 0, 0, 1, 0, 0, 0, 0]","[""redneck""]",6,14,1,True,offensive,"[0, 0, 0, 0, 0, 0, 0, 0, 0, 1, 0, 0, 0, 0]","[""redneck""]"
1179079261874982912_twitter,train,hate white bitches,"[""hate"", ""white"", ""bitches""]",offensive,Caucasian,"[0, 1, 1]","[""white"", ""bitches""]",4,3,2,True,offensive,"[0, 1, 1]","[""white"", ""bitches""]"
1179079261874982912_twitter,train,hate white bitches,"[""hate"", ""white"", ""bitches""]",offensive,Caucasian,"[1, 1, 1]","[""hate"", ""white"", ""bitches""]",3,3,3,True,offensive,"[0, 1, 1]","[""white"", ""bitches""]"
1179079261874982912_twitter,train,hate white bitches,"[""hate"", ""white"", ""bitches""]",offensive,Caucasian,"[0, 1, 1]","[""white"", ""bitches""]",46,3,2,True,offensive,"[0, 1, 1]","[""white"", ""bitches""]"
17519362_gab,train,mudshark nigger whore brainwashed to equate self death with morality by kikes,"[""mudshark"", ""nigger"", ""whore"", ""brainwashed"", ""to"", ""equate"", ""self"", ""death"", ""with"", ""morality"", ""by"", ""kikes""]",hatespeech,Caucasian,"[1, 1, 1, 0, 0, 0, 0, 0, 0, 0, 0, 1]","[""mudshark"", ""nigger"", ""whore"", ""kikes""]",4,12,4,True,hatespeech,"[1, 1, 0, 0, 0, 0, 0, 0, 0, 0, 0, 1]","[""mudshark"", ""nigger"", ""kikes""]"
1179090217346699264_twitter,train,nigga got a white bitch just to tell her what to do,"[""nigga"", ""got"", ""a"", ""white"", ""bitch"", ""just"", ""to"", ""tell"", ""her"", ""what"", ""to"", ""do""]",offensive,Caucasian,"[0, 0, 0, 1, 1, 0, 0, 0, 0, 0, 0, 0]","[""white"", ""bitch""]",4,12,2,True,offensive,"[0, 0, 0, 1, 1, 0, 0, 0, 0, 0, 0, 0]","[""white"", ""bitch""]"
1179090217346699264_twitter,train,nigga got a white bitch just to tell her what to do,"[""nigga"", ""got"", ""a"", ""white"", ""bitch"", ""just"", ""to"", ""tell"", ""her"", ""what"", ""to"", ""do""]",offensive,Caucasian,"[0, 0, 0, 1, 1, 0, 0, 0, 0, 0, 0, 0]","[""white"", ""bitch""]",3,12,2,True,offensive,"[0, 0, 0, 1, 1, 0, 0, 0, 0, 0, 0, 0]","[""white"", ""bitch""]"
15123499_gab,train,<user> dick pics from the muslimes and sexual violence from sikhs and hindus,"[""<user>"", ""dick"", ""pics"", ""from"", ""the"", ""muslimes"", ""and"", ""sexual"", ""violence"", ""from"", ""sikhs"", ""and"", ""hindus""]",offensive,Caucasian,"[0, 0, 0, 0, 0, 1, 0, 0, 0, 0, 0, 0, 0]","[""muslimes""]",46,13,1,True,offensive,"[0, 0, 0, 0, 0, 1, 0, 0, 0, 0, 0, 0, 0]","[""muslimes""]"
9988900_gab,train,long dead redneck friend of mine when discussing basketball said i have never seen a nigger run so fast unless he had a tv under each arm,"[""long"", ""dead"", ""redneck"", ""friend"", ""of"", ""mine"", ""when"", ""discussing"", ""basketball"", ""said"", ""i"", ""have"", ""never"", ""seen"", ""a"", ""nigger"", ""run"", ""so"", ""fast"", ""unless"", ""he"", ""had"", ""a"", ""tv"", ""under"", ""each"", ""arm""]",hatespeech,Caucasian,"[0, 0, 1, 0, 0, 0, 0, 0, 0, 0, 1, 1, 1, 1, 1, 1, 1, 1, 1, 1, 1, 1, 1, 1, 1, 1, 1]","[""redneck"", ""i"", ""have"", ""never"", ""seen"", ""a"", ""nigger"", ""run"", ""so"", ""fast"", ""unless"", ""he"", ""had"", ""a"", ""tv"", ""under"", ""each"", ""arm""]",4,27,18,True,hatespeech,"[0, 0, 0, 0, 0, 0, 0, 0, 0, 0, 0, 0, 0, 0, 0, 1, 1, 0, 0, 0, 0, 0, 0, 1, 1, 1, 1]","[""nigger"", ""run"", ""tv"", ""under"", ""each"", ""arm""]"
1178740819529891840_twitter,val,lmao faggot fell lmao fuck the white boys,"[""lmao"", ""faggot"", ""fell"", ""lmao"", ""fuck"", ""the"", ""white"", ""boys""]",hatespeech,Caucasian,"[0, 1, 0, 1, 1, 1, 1, 1]","[""faggot"", ""lmao"", ""fuck"", ""the"", ""white"", ""boys""]",4,8,6,True,hatespeech,"[0, 1, 0, 0, 0, 0, 0, 0]","[""faggot""]"
1179105278819815424_twitter,train,<user> <user> are really so dumb to imply that these pigs were any significance to president trumps win last i checked the fbi had a total around <number> white trash losers that really not a lot quite saying they they actually helped because they didnt,"[""<user>"", ""<user>"", ""are"", ""really"", ""so"", ""dumb"", ""to"", ""imply"", ""that"", ""these"", ""pigs"", ""were"", ""any"", ""significance"", ""to"", ""president"", ""trumps"", ""win"", ""last"", ""i"", ""checked"", ""the"", ""fbi"", ""had"", ""a"", ""total"", ""around"", ""<number>"", ""white"", ""trash"", ""losers"", ""that"", ""really"", ""not"", ""a"", ""lot"", ""quite"", ""saying"", ""they"", ""they"", ""actually"", ""helped"", ""because"", ""they"", ""didnt""]",offensive,Caucasian,"[0, 0, 0, 0, 0, 0, 0, 0, 0, 0, 0, 0, 0, 0, 0, 0, 0, 0, 0, 0, 0, 0, 0, 0, 0, 0, 0, 0, 1, 1, 0, 0, 0, 0, 0, 0, 0, 0, 0, 0, 0, 0, 0, 0, 0]","[""white"", ""trash""]",4,45,2,True,offensive,"[0, 0, 0, 0, 0, 0, 0, 0, 0, 0, 0, 0, 0, 0, 0, 0, 0, 0, 0, 0, 0, 0, 0, 0, 0, 0, 0, 0, 1, 1, 0, 0, 0, 0, 0, 0, 0, 0, 0, 0, 0, 0, 0, 0, 0]","[""white"", ""trash""]"
14929807_gab,train,white male coalburners marry negresses on the thinner prettier side niggers get the fat mudsharks,"[""white"", ""male"", ""coalburners"", ""marry"", ""negresses"", ""on"", ""the"", ""thinner"", ""prettier"", ""side"", ""niggers"", ""get"", ""the"", ""fat"", ""mudsharks""]",hatespeech,Caucasian,"[1, 1, 1, 1, 1, 0, 0, 0, 0, 0, 1, 1, 1, 1, 1]","[""white"", ""male"", ""coalburners"", ""marry"", ""negresses"", ""niggers"", ""get"", ""the"", ""fat"", ""mudsharks""]",4,15,10,True,hatespeech,"[0, 0, 0, 0, 1, 0, 0, 0, 0, 0, 1, 0, 0, 0, 1]","[""negresses"", ""niggers"", ""mudsharks""]"
1179090602656501762_twitter,test,<user> a redneck woman,"[""<user>"", ""a"", ""redneck"", ""woman""]",offensive,Caucasian,"[0, 0, 1, 0]","[""redneck""]",4,4,1,True,offensive,"[0, 0, 1, 0]","[""redneck""]"
1179090602656501762_twitter,test,<user> a redneck woman,"[""<user>"", ""a"", ""redneck"", ""woman""]",offensive,Caucasian,"[0, 0, 1, 1]","[""redneck"", ""woman""]",39,4,2,True,offensive,"[0, 0, 1, 0]","[""redneck""]"
1179090602656501762_twitter,test,<user> a redneck woman,"[""<user>"", ""a"", ""redneck"", ""woman""]",offensive,Caucasian,"[0, 0, 1, 0]","[""redneck""]",172,4,1,True,offensive,"[0, 0, 1, 0]","[""redneck""]"
27134916_gab,train,nick the spic le <percent> face mr being catholic pedophile is more important than being white,"[""nick"", ""the"", ""spic"", ""le"", ""<percent>"", ""face"", ""mr"", ""being"", ""catholic"", ""pedophile"", ""is"", ""more"", ""important"", ""than"", ""being"", ""white""]",hatespeech,Caucasian,"[0, 0, 1, 0, 0, 0, 0, 0, 0, 0, 0, 0, 0, 0, 0, 0]","[""spic""]",83,16,1,True,hatespeech,"[0, 0, 1, 0, 0, 0, 0, 0, 0, 0, 0, 0, 0, 0, 0, 0]","[""spic""]"
21238137_gab,train,black on dog violence on cat on turtle on fish on old on young on gay on tranny on spic on asian on white on black on etc,"[""black"", ""on"", ""dog"", ""violence"", ""on"", ""cat"", ""on"", ""turtle"", ""on"", ""fish"", ""on"", ""old"", ""on"", ""young"", ""on"", ""gay"", ""on"", ""tranny"", ""on"", ""spic"", ""on"", ""asian"", ""on"", ""white"", ""on"", ""black"", ""on"", ""etc""]",offensive,Caucasian,"[0, 0, 0, 0, 0, 0, 0, 0, 0, 0, 0, 0, 0, 0, 0, 0, 0, 0, 0, 1, 0, 0, 0, 0, 0, 0, 0, 0]","[""spic""]",83,28,1,True,offensive,"[0, 0, 0, 0, 0, 0, 0, 0, 0, 0, 0, 0, 0, 0, 0, 1, 1, 1, 0, 1, 1, 1, 0, 1, 1, 1, 0, 0]","[""gay"", ""on"", ""tranny"", ""spic"", ""on"", ""asian"", ""white"", ""on"", ""black""]"
21238137_gab,train,black on dog violence on cat on turtle on fish on old on young on gay on tranny on spic on asian on white on black on etc,"[""black"", ""on"", ""dog"", ""violence"", ""on"", ""cat"", ""on"", ""turtle"", ""on"", ""fish"", ""on"", ""old"", ""on"", ""young"", ""on"", ""gay"", ""on"", ""tranny"", ""on"", ""spic"", ""on"", ""asian"", ""on"", ""white"", ""on"", ""black"", ""on"", ""etc""]",offensive,Caucasian,"[1, 1, 1, 1, 1, 1, 1, 1, 1, 1, 1, 1, 1, 1, 1, 1, 1, 1, 1, 1, 1, 1, 1, 1, 1, 1, 1, 1]","[""black"", ""on"", ""dog"", ""violence"", ""on"", ""cat"", ""on"", ""turtle"", ""on"", ""fish"", ""on"", ""old"", ""on"", ""young"", ""on"", ""gay"", ""on"", ""tranny"", ""on"", ""spic"", ""on"", ""asian"", ""on"", ""white"", ""on"", ""black"", ""on"", ""etc""]",4,28,28,True,offensive,"[0, 0, 0, 0, 0, 0, 0, 0, 0, 0, 0, 0, 0, 0, 0, 1, 1, 1, 0, 1, 1, 1, 0, 1, 1, 1, 0, 0]","[""gay"", ""on"", ""tranny"", ""spic"", ""on"", ""asian"", ""white"", ""on"", ""black""]"
21808381_gab,train,farmers are white trash grow your own damn food ya kike bastard,"[""farmers"", ""are"", ""white"", ""trash"", ""grow"", ""your"", ""own"", ""damn"", ""food"", ""ya"", ""kike"", ""bastard""]",hatespeech,Caucasian,"[0, 0, 1, 1, 0, 0, 0, 0, 0, 0, 1, 0]","[""white"", ""trash"", ""kike""]",67,12,3,True,hatespeech,"[0, 0, 1, 1, 0, 0, 0, 0, 0, 0, 1, 0]","[""white"", ""trash"", ""kike""]"
21808381_gab,train,farmers are white trash grow your own damn food ya kike bastard,"[""farmers"", ""are"", ""white"", ""trash"", ""grow"", ""your"", ""own"", ""damn"", ""food"", ""ya"", ""kike"", ""bastard""]",hatespeech,Caucasian,"[0, 0, 1, 1, 0, 0, 0, 0, 0, 0, 1, 0]","[""white"", ""trash"", ""kike""]",4,12,3,True,hatespeech,"[0, 0, 1, 1, 0, 0, 0, 0, 0, 0, 1, 0]","[""white"", ""trash"", ""kike""]"
24916185_gab,train,<percent> kike move,"[""<percent>"", ""kike"", ""move""]",hatespeech,Caucasian,"[0, 1, 0]","[""kike""]",80,3,1,True,hatespeech,"[0, 1, 0]","[""kike""]"
14040494_gab,train,you did nothing i did you still do nothing i do you are the kike,"[""you"", ""did"", ""nothing"", ""i"", ""did"", ""you"", ""still"", ""do"", ""nothing"", ""i"", ""do"", ""you"", ""are"", ""the"", ""kike""]",hatespeech,Caucasian,"[0, 0, 0, 0, 0, 0, 0, 0, 0, 0, 0, 0, 0, 0, 1]","[""kike""]",80,15,1,True,hatespeech,"[0, 0, 0, 0, 0, 0, 0, 0, 0, 0, 0, 0, 0, 0, 1]","[""kike""]"
17056871_gab,val,the kikes and muzzies only pretended to be christian which is why the spanish and the portuguese kicked them out this guy is clueless lol,"[""the"", ""kikes"", ""and"", ""muzzies"", ""only"", ""pretended"", ""to"", ""be"", ""christian"", ""which"", ""is"", ""why"", ""the"", ""spanish"", ""and"", ""the"", ""portuguese"", ""kicked"", ""them"", ""out"", ""this"", ""guy"", ""is"", ""clueless"", ""lol""]",hatespeech,Caucasian,"[0, 1, 0, 0, 0, 0, 0, 0, 0, 0, 0, 0, 0, 0, 0, 0, 0, 0, 0, 0, 0, 0, 0, 0, 0]","[""kikes""]",80,25,1,True,hatespeech,"[0, 1, 0, 1, 0, 0, 0, 0, 0, 0, 0, 0, 0, 0, 0, 0, 0, 0, 0, 0, 0, 0, 0, 0, 0]","[""kikes"", ""muzzies""]"
24004249_gab,train,<user> ‍ maybe you should stop demanding the token kike be your personal jesus,"[""<user>"", ""\u200d"", ""maybe"", ""you"", ""should"", ""stop"", ""demanding"", ""the"", ""token"", ""kike"", ""be"", ""your"", ""personal"", ""jesus""]",hatespeech,Caucasian,"[0, 0, 0, 0, 0, 0, 0, 0, 0, 1, 0, 0, 0, 0]","[""kike""]",80,14,1,True,hatespeech,"[0, 0, 0, 0, 0, 0, 0, 0, 0, 1, 0, 0, 0, 0]","[""kike""]"
1178869912728567809_twitter,train,bro i swear to god i fucking hate white girls you little ugly ass maggots,"[""bro"", ""i"", ""swear"", ""to"", ""god"", ""i"", ""fucking"", ""hate"", ""white"", ""girls"", ""you"", ""little"", ""ugly"", ""ass"", ""maggots""]",offensive,Caucasian,"[0, 0, 0, 0, 0, 0, 0, 0, 1, 1, 0, 0, 0, 0, 0]","[""white"", ""girls""]",25,15,2,True,hatespeech,"[0, 0, 0, 0, 0, 0, 1, 1, 1, 1, 0, 0, 0, 0, 0]","[""fucking"", ""hate"", ""white"", ""girls""]"
1178869912728567809_twitter,train,bro i swear to god i fucking hate white girls you little ugly ass maggots,"[""bro"", ""i"", ""swear"", ""to"", ""god"", ""i"", ""fucking"", ""hate"", ""white"", ""girls"", ""you"", ""little"", ""ugly"", ""ass"", ""maggots""]",hatespeech,Caucasian,"[0, 0, 0, 0, 0, 1, 1, 1, 1, 1, 1, 1, 1, 1, 1]","[""i"", ""fucking"", ""hate"", ""white"", ""girls"", ""you"", ""little"", ""ugly"", ""ass"", ""maggots""]",4,15,10,True,hatespeech,"[0, 0, 0, 0, 0, 0, 1, 1, 1, 1, 0, 0, 0, 0, 0]","[""fucking"", ""hate"", ""white"", ""girls""]"
1178869912728567809_twitter,train,bro i swear to god i fucking hate white girls you little ugly ass maggots,"[""bro"", ""i"", ""swear"", ""to"", ""god"", ""i"", ""fucking"", ""hate"", ""white"", ""girls"", ""you"", ""little"", ""ugly"", ""ass"", ""maggots""]",hatespeech,Caucasian,"[0, 0, 0, 0, 0, 0, 1, 1, 1, 1, 0, 0, 0, 0, 0]","[""fucking"", ""hate"", ""white"", ""girls""]",16,15,4,True,hatespeech,"[0, 0, 0, 0, 0, 0, 1, 1, 1, 1, 0, 0, 0, 0, 0]","[""fucking"", ""hate"", ""white"", ""girls""]"
1178833740413440000_twitter,train,i fucking hate white people,"[""i"", ""fucking"", ""hate"", ""white"", ""people""]",offensive,Caucasian,"[0, 0, 0, 1, 1]","[""white"", ""people""]",25,5,2,True,hatespeech,"[0, 0, 0, 1, 1]","[""white"", ""people""]"
1178833740413440000_twitter,train,i fucking hate white people,"[""i"", ""fucking"", ""hate"", ""white"", ""people""]",hatespeech,Caucasian,"[0, 0, 0, 1, 1]","[""white"", ""people""]",4,5,2,True,hatespeech,"[0, 0, 0, 1, 1]","[""white"", ""people""]"
1178833740413440000_twitter,train,i fucking hate white people,"[""i"", ""fucking"", ""hate"", ""white"", ""people""]",hatespeech,Caucasian,"[0, 1, 1, 1, 1]","[""fucking"", ""hate"", ""white"", ""people""]",16,5,4,True,hatespeech,"[0, 0, 0, 1, 1]","[""white"", ""people""]"
7364217_gab,train,the ussa illegalized local tribal white justice for two reasons <number> the kk suppressed nigger savagery making the yankee left look bad <number> but travelers will be mistreated the solution to <number> is killing the tribe of benjamin not erasing local justice for all israel abraham sojourned meekly,"[""the"", ""ussa"", ""illegalized"", ""local"", ""tribal"", ""white"", ""justice"", ""for"", ""two"", ""reasons"", ""<number>"", ""the"", ""kk"", ""suppressed"", ""nigger"", ""savagery"", ""making"", ""the"", ""yankee"", ""left"", ""look"", ""bad"", ""<number>"", ""but"", ""travelers"", ""will"", ""be"", ""mistreated"", ""the"", ""solution"", ""to"", ""<number>"", ""is"", ""killing"", ""the"", ""tribe"", ""of"", ""benjamin"", ""not"", ""erasing"", ""local"", ""justice"", ""for"", ""all"", ""israel"", ""abraham"", ""sojourned"", ""meekly""]",hatespeech,Caucasian,"[0, 0, 0, 0, 0, 0, 0, 0, 0, 0, 0, 0, 0, 0, 0, 0, 0, 0, 0, 0, 0, 0, 0, 0, 0, 0, 0, 0, 0, 0, 0, 0, 0, 1, 1, 1, 0, 0, 0, 0, 0, 0, 0, 0, 0, 0, 0, 1]","[""killing"", ""the"", ""tribe"", ""meekly""]",41,48,4,True,hatespeech,"[0, 0, 0, 0, 0, 0, 0, 0, 0, 0, 0, 0, 0, 0, 1, 0, 0, 0, 0, 0, 0, 0, 0, 0, 0, 0, 0, 0, 0, 0, 0, 0, 0, 1, 1, 1, 0, 0, 0, 0, 0, 0, 0, 0, 0, 0, 0, 0]","[""nigger"", ""killing"", ""the"", ""tribe""]"
22204700_gab,train,lol trump jr fucked around on his kike wife with mudshark aubrey o day the altright really knows how to pick em,"[""lol"", ""trump"", ""jr"", ""fucked"", ""around"", ""on"", ""his"", ""kike"", ""wife"", ""with"", ""mudshark"", ""aubrey"", ""o"", ""day"", ""the"", ""altright"", ""really"", ""knows"", ""how"", ""to"", ""pick"", ""em""]",offensive,Caucasian,"[0, 0, 0, 0, 0, 0, 0, 1, 1, 0, 1, 1, 1, 1, 0, 0, 0, 0, 0, 0, 0, 0]","[""kike"", ""wife"", ""mudshark"", ""aubrey"", ""o"", ""day""]",57,22,6,True,hatespeech,"[0, 0, 0, 0, 0, 0, 0, 1, 0, 0, 1, 0, 0, 0, 0, 0, 0, 0, 0, 0, 0, 0]","[""kike"", ""mudshark""]"
22204700_gab,train,lol trump jr fucked around on his kike wife with mudshark aubrey o day the altright really knows how to pick em,"[""lol"", ""trump"", ""jr"", ""fucked"", ""around"", ""on"", ""his"", ""kike"", ""wife"", ""with"", ""mudshark"", ""aubrey"", ""o"", ""day"", ""the"", ""altright"", ""really"", ""knows"", ""how"", ""to"", ""pick"", ""em""]",hatespeech,Caucasian,"[0, 0, 0, 0, 0, 0, 0, 1, 0, 0, 1, 0, 0, 0, 0, 0, 0, 0, 0, 0, 0, 0]","[""kike"", ""mudshark""]",4,22,2,True,hatespeech,"[0, 0, 0, 0, 0, 0, 0, 1, 0, 0, 1, 0, 0, 0, 0, 0, 0, 0, 0, 0, 0, 0]","[""kike"", ""mudshark""]"
26224458_gab,val,mgtow reeks of kike subversion if you subscribe to that idea you are playing into their hand you are rejecting natural law and giving up on the biological goal of your existence you are giving up on your race and nation sort your life out or swallow a shotgun blast,"[""mgtow"", ""reeks"", ""of"", ""kike"", ""subversion"", ""if"", ""you"", ""subscribe"", ""to"", ""that"", ""idea"", ""you"", ""are"", ""playing"", ""into"", ""their"", ""hand"", ""you"", ""are"", ""rejecting"", ""natural"", ""law"", ""and"", ""giving"", ""up"", ""on"", ""the"", ""biological"", ""goal"", ""of"", ""your"", ""existence"", ""you"", ""are"", ""giving"", ""up"", ""on"", ""your"", ""race"", ""and"", ""nation"", ""sort"", ""your"", ""life"", ""out"", ""or"", ""swallow"", ""a"", ""shotgun"", ""blast""]",hatespeech,Caucasian,"[1, 0, 0, 1, 0, 0, 0, 0, 0, 0, 0, 0, 0, 0, 0, 0, 0, 0, 0, 0, 0, 0, 0, 0, 0, 0, 0, 0, 0, 0, 0, 0, 0, 0, 0, 0, 0, 0, 0, 0, 0, 0, 0, 0, 0, 0, 0, 0, 0, 0]","[""mgtow"", ""kike""]",70,50,2,True,hatespeech,"[0, 0, 0, 1, 0, 0, 0, 0, 0, 0, 0, 0, 0, 0, 0, 0, 0, 0, 0, 0, 0, 0, 0, 0, 0, 0, 0, 0, 0, 0, 0, 0, 0, 0, 0, 0, 0, 0, 0, 0, 0, 0, 0, 0, 0, 0, 0, 0, 0, 0]","[""kike""]"
20399784_gab,train,yeah they got executed by russian kikes what kinda kike are you,"[""yeah"", ""they"", ""got"", ""executed"", ""by"", ""russian"", ""kikes"", ""what"", ""kinda"", ""kike"", ""are"", ""you""]",hatespeech,Caucasian,"[0, 0, 0, 0, 0, 0, 1, 0, 0, 1, 0, 0]","[""kikes"", ""kike""]",70,12,2,True,hatespeech,"[0, 0, 0, 0, 0, 0, 1, 0, 0, 1, 0, 0]","[""kikes"", ""kike""]"
21463925_gab,train,is that chief alinskyite chitownboystownbathhouseboi rahm emmanuel looks sounds like that kike,"[""is"", ""that"", ""chief"", ""alinskyite"", ""chitownboystownbathhouseboi"", ""rahm"", ""emmanuel"", ""looks"", ""sounds"", ""like"", ""that"", ""kike""]",hatespeech,Caucasian,"[0, 0, 0, 0, 0, 0, 0, 0, 0, 0, 0, 1]","[""kike""]",70,12,1,True,hatespeech,"[0, 0, 0, 0, 0, 0, 0, 0, 0, 0, 0, 1]","[""kike""]"
25799382_gab,train,trump containing silence on the sa genocide and his grovelling for israhell tells us who this guy really is and who he works for trump is a traitorous pig along with his filthy kike first bitch nin nuke israhell now,"[""trump"", ""containing"", ""silence"", ""on"", ""the"", ""sa"", ""genocide"", ""and"", ""his"", ""grovelling"", ""for"", ""israhell"", ""tells"", ""us"", ""who"", ""this"", ""guy"", ""really"", ""is"", ""and"", ""who"", ""he"", ""works"", ""for"", ""trump"", ""is"", ""a"", ""traitorous"", ""pig"", ""along"", ""with"", ""his"", ""filthy"", ""kike"", ""first"", ""bitch"", ""nin"", ""nuke"", ""israhell"", ""now""]",hatespeech,Caucasian,"[0, 0, 0, 0, 0, 0, 0, 0, 0, 0, 0, 0, 0, 0, 0, 0, 0, 0, 0, 0, 0, 0, 0, 0, 0, 0, 0, 0, 0, 0, 0, 0, 0, 1, 0, 0, 0, 0, 0, 0]","[""kike""]",70,40,1,True,hatespeech,"[0, 0, 0, 0, 0, 0, 0, 0, 0, 0, 0, 0, 0, 0, 0, 0, 0, 0, 0, 0, 0, 0, 0, 0, 0, 0, 0, 0, 0, 0, 0, 0, 0, 1, 0, 0, 0, 0, 0, 0]","[""kike""]"
1179051027187818498_twitter,train,filthy jet black nigga backstage full of white bitches no i do not sell like macklemore but i have got white privilege,"[""filthy"", ""jet"", ""black"", ""nigga"", ""backstage"", ""full"", ""of"", ""white"", ""bitches"", ""no"", ""i"", ""do"", ""not"", ""sell"", ""like"", ""macklemore"", ""but"", ""i"", ""have"", ""got"", ""white"", ""privilege""]",hatespeech,Caucasian,"[1, 1, 1, 1, 0, 0, 0, 1, 1, 0, 0, 0, 0, 0, 0, 0, 0, 0, 0, 0, 0, 0]","[""filthy"", ""jet"", ""black"", ""nigga"", ""white"", ""bitches""]",4,22,6,True,hatespeech,"[1, 1, 1, 1, 0, 0, 0, 0, 1, 0, 0, 0, 0, 0, 0, 0, 0, 0, 0, 0, 0, 0]","[""filthy"", ""jet"", ""black"", ""nigga"", ""bitches""]"
1178902223868370944_twitter,train,<user> i wanna get my redneck friends to jump them and run them over with our trucks,"[""<user>"", ""i"", ""wanna"", ""get"", ""my"", ""redneck"", ""friends"", ""to"", ""jump"", ""them"", ""and"", ""run"", ""them"", ""over"", ""with"", ""our"", ""trucks""]",offensive,Caucasian,"[0, 0, 0, 0, 0, 1, 1, 0, 0, 0, 0, 0, 0, 0, 0, 0, 0]","[""redneck"", ""friends""]",33,17,2,True,offensive,"[0, 0, 0, 0, 0, 1, 0, 0, 0, 0, 0, 0, 0, 0, 0, 0, 0]","[""redneck""]"
1178902223868370944_twitter,train,<user> i wanna get my redneck friends to jump them and run them over with our trucks,"[""<user>"", ""i"", ""wanna"", ""get"", ""my"", ""redneck"", ""friends"", ""to"", ""jump"", ""them"", ""and"", ""run"", ""them"", ""over"", ""with"", ""our"", ""trucks""]",offensive,Caucasian,"[0, 0, 0, 0, 0, 1, 0, 0, 0, 0, 0, 0, 0, 0, 0, 0, 0]","[""redneck""]",4,17,1,True,offensive,"[0, 0, 0, 0, 0, 1, 0, 0, 0, 0, 0, 0, 0, 0, 0, 0, 0]","[""redneck""]"
1179035803231510528_twitter,train,my brain please enjoy this dream of being stuck in a fucked up southern redneck town home to a fucked up redneck cult full of fucked up flesh monsters and watch helplessly as they massacre your entire family me upon waking up hey what the fuck,"[""my"", ""brain"", ""please"", ""enjoy"", ""this"", ""dream"", ""of"", ""being"", ""stuck"", ""in"", ""a"", ""fucked"", ""up"", ""southern"", ""redneck"", ""town"", ""home"", ""to"", ""a"", ""fucked"", ""up"", ""redneck"", ""cult"", ""full"", ""of"", ""fucked"", ""up"", ""flesh"", ""monsters"", ""and"", ""watch"", ""helplessly"", ""as"", ""they"", ""massacre"", ""your"", ""entire"", ""family"", ""me"", ""upon"", ""waking"", ""up"", ""hey"", ""what"", ""the"", ""fuck""]",offensive,Caucasian,"[0, 0, 0, 0, 0, 0, 0, 0, 0, 0, 0, 0, 0, 0, 1, 0, 0, 0, 0, 0, 0, 1, 0, 0, 0, 0, 0, 0, 0, 0, 0, 0, 0, 0, 0, 0, 0, 0, 0, 0, 0, 0, 0, 0, 0, 0]","[""redneck"", ""redneck""]",4,46,2,True,offensive,"[0, 0, 0, 0, 0, 0, 0, 0, 0, 0, 0, 0, 0, 0, 1, 0, 0, 0, 0, 0, 0, 1, 0, 0, 0, 0, 0, 0, 0, 0, 0, 0, 0, 0, 0, 0, 0, 0, 0, 0, 0, 0, 0, 0, 0, 0]","[""redneck"", ""redneck""]"
1179031715194511360_twitter,test,<user> if its not hillbilly cousin fucking town then yes for that price 🤣,"[""<user>"", ""if"", ""its"", ""not"", ""hillbilly"", ""cousin"", ""fucking"", ""town"", ""then"", ""yes"", ""for"", ""that"", ""price"", ""\ud83e\udd23""]",offensive,Caucasian,"[0, 0, 0, 0, 1, 0, 0, 0, 0, 0, 0, 0, 0, 0]","[""hillbilly""]",4,14,1,True,offensive,"[0, 0, 0, 0, 1, 1, 1, 0, 0, 0, 0, 0, 0, 0]","[""hillbilly"", ""cousin"", ""fucking""]"
1179031715194511360_twitter,test,<user> if its not hillbilly cousin fucking town then yes for that price 🤣,"[""<user>"", ""if"", ""its"", ""not"", ""hillbilly"", ""cousin"", ""fucking"", ""town"", ""then"", ""yes"", ""for"", ""that"", ""price"", ""\ud83e\udd23""]",offensive,Caucasian,"[0, 0, 0, 0, 1, 1, 1, 0, 0, 0, 0, 0, 0, 0]","[""hillbilly"", ""cousin"", ""fucking""]",110,14,3,True,offensive,"[0, 0, 0, 0, 1, 1, 1, 0, 0, 0, 0, 0, 0, 0]","[""hillbilly"", ""cousin"", ""fucking""]"
22898862_gab,train,ugly commie bull dyke cunt,"[""ugly"", ""commie"", ""bull"", ""dyke"", ""cunt""]",hatespeech,Caucasian,"[1, 1, 1, 1, 1]","[""ugly"", ""commie"", ""bull"", ""dyke"", ""cunt""]",176,5,5,True,hatespeech,"[0, 1, 1, 1, 1]","[""commie"", ""bull"", ""dyke"", ""cunt""]"
12307022_gab,train,fat inbred room temperature iq nigger bitches should not be able to vote in british elections not only should british shitlords be able to vote i as a british american with <percent> british ancestry <number> miles away should have more of a right to vote in british elections than niggers,"[""fat"", ""inbred"", ""room"", ""temperature"", ""iq"", ""nigger"", ""bitches"", ""should"", ""not"", ""be"", ""able"", ""to"", ""vote"", ""in"", ""british"", ""elections"", ""not"", ""only"", ""should"", ""british"", ""shitlords"", ""be"", ""able"", ""to"", ""vote"", ""i"", ""as"", ""a"", ""british"", ""american"", ""with"", ""<percent>"", ""british"", ""ancestry"", ""<number>"", ""miles"", ""away"", ""should"", ""have"", ""more"", ""of"", ""a"", ""right"", ""to"", ""vote"", ""in"", ""british"", ""elections"", ""than"", ""niggers""]",hatespeech,Caucasian,"[1, 1, 1, 1, 1, 1, 1, 1, 1, 1, 1, 1, 1, 1, 1, 1, 0, 0, 0, 0, 0, 0, 0, 0, 0, 0, 0, 0, 0, 0, 0, 0, 0, 0, 0, 0, 0, 1, 1, 1, 1, 1, 1, 1, 1, 1, 1, 1, 1, 1]","[""fat"", ""inbred"", ""room"", ""temperature"", ""iq"", ""nigger"", ""bitches"", ""should"", ""not"", ""be"", ""able"", ""to"", ""vote"", ""in"", ""british"", ""elections"", ""should"", ""have"", ""more"", ""of"", ""a"", ""right"", ""to"", ""vote"", ""in"", ""british"", ""elections"", ""than"", ""niggers""]",4,50,29,True,hatespeech,"[1, 1, 0, 0, 0, 1, 1, 0, 0, 0, 0, 0, 0, 0, 0, 0, 0, 0, 0, 0, 0, 0, 0, 0, 0, 0, 0, 0, 0, 0, 0, 0, 0, 0, 0, 0, 0, 0, 0, 0, 0, 0, 0, 0, 0, 0, 0, 0, 0, 1]","[""fat"", ""inbred"", ""nigger"", ""bitches"", ""niggers""]"
21446735_gab,test,i am a w.a.r. skin do you know john detuillo he doing an l bow for stabbing a lgbtqwtf in the head and a mudshark in the head i used to hang w some american front and valkyrie front almost all of them got popped by the feds on bogus trumoed up charges,"[""i"", ""am"", ""a"", ""w.a.r."", ""skin"", ""do"", ""you"", ""know"", ""john"", ""detuillo"", ""he"", ""doing"", ""an"", ""l"", ""bow"", ""for"", ""stabbing"", ""a"", ""lgbtqwtf"", ""in"", ""the"", ""head"", ""and"", ""a"", ""mudshark"", ""in"", ""the"", ""head"", ""i"", ""used"", ""to"", ""hang"", ""w"", ""some"", ""american"", ""front"", ""and"", ""valkyrie"", ""front"", ""almost"", ""all"", ""of"", ""them"", ""got"", ""popped"", ""by"", ""the"", ""feds"", ""on"", ""bogus"", ""trumoed"", ""up"", ""charges""]",hatespeech,Caucasian,"[0, 0, 0, 0, 0, 0, 0, 0, 0, 0, 0, 0, 0, 0, 0, 0, 0, 0, 1, 0, 0, 0, 0, 0, 1, 0, 0, 0, 0, 0, 0, 0, 0, 0, 0, 0, 0, 0, 0, 0, 0, 0, 0, 0, 0, 0, 0, 0, 0, 0, 0, 0, 0]","[""lgbtqwtf"", ""mudshark""]",4,53,2,True,hatespeech,"[0, 0, 0, 0, 0, 0, 0, 0, 0, 0, 0, 0, 0, 0, 0, 0, 0, 0, 1, 0, 0, 0, 0, 0, 1, 0, 0, 0, 0, 0, 0, 0, 0, 0, 0, 0, 0, 0, 0, 0, 0, 0, 0, 0, 0, 0, 0, 0, 0, 0, 0, 0, 0]","[""lgbtqwtf"", ""mudshark""]"
1178801700251021312_twitter,train,lmao some criminal white bitch gets a spot on global news for her dog shit pop corn business while still being on parole worlds fucked,"[""lmao"", ""some"", ""criminal"", ""white"", ""bitch"", ""gets"", ""a"", ""spot"", ""on"", ""global"", ""news"", ""for"", ""her"", ""dog"", ""shit"", ""pop"", ""corn"", ""business"", ""while"", ""still"", ""being"", ""on"", ""parole"", ""worlds"", ""fucked""]",offensive,Caucasian,"[0, 0, 0, 1, 1, 0, 0, 0, 0, 0, 0, 0, 0, 0, 0, 0, 0, 0, 0, 0, 0, 0, 0, 0, 0]","[""white"", ""bitch""]",4,25,2,True,offensive,"[0, 0, 0, 1, 1, 0, 0, 0, 0, 0, 0, 0, 0, 0, 0, 0, 0, 0, 0, 0, 0, 0, 0, 0, 0]","[""white"", ""bitch""]"
1178758736929869829_twitter,train,i kept tellin that bitch to clean his shit up n he kept fuckin laughing mf act like a whole <number> yr old dumb bitchass a whole hillbilly redneck w a tractor,"[""i"", ""kept"", ""tellin"", ""that"", ""bitch"", ""to"", ""clean"", ""his"", ""shit"", ""up"", ""n"", ""he"", ""kept"", ""fuckin"", ""laughing"", ""mf"", ""act"", ""like"", ""a"", ""whole"", ""<number>"", ""yr"", ""old"", ""dumb"", ""bitchass"", ""a"", ""whole"", ""hillbilly"", ""redneck"", ""w"", ""a"", ""tractor""]",offensive,Caucasian,"[0, 0, 0, 1, 1, 0, 0, 0, 0, 0, 0, 0, 0, 0, 0, 0, 0, 0, 0, 0, 0, 0, 0, 0, 0, 0, 0, 1, 1, 0, 0, 0]","[""that"", ""bitch"", ""hillbilly"", ""redneck""]",14,32,4,True,offensive,"[0, 0, 0, 0, 1, 0, 0, 0, 0, 0, 0, 0, 0, 0, 0, 0, 0, 0, 0, 0, 0, 0, 0, 0, 0, 0, 0, 1, 1, 0, 0, 0]","[""bitch"", ""hillbilly"", ""redneck""]"
1178758736929869829_twitter,train,i kept tellin that bitch to clean his shit up n he kept fuckin laughing mf act like a whole <number> yr old dumb bitchass a whole hillbilly redneck w a tractor,"[""i"", ""kept"", ""tellin"", ""that"", ""bitch"", ""to"", ""clean"", ""his"", ""shit"", ""up"", ""n"", ""he"", ""kept"", ""fuckin"", ""laughing"", ""mf"", ""act"", ""like"", ""a"", ""whole"", ""<number>"", ""yr"", ""old"", ""dumb"", ""bitchass"", ""a"", ""whole"", ""hillbilly"", ""redneck"", ""w"", ""a"", ""tractor""]",offensive,Caucasian,"[0, 0, 0, 0, 1, 0, 0, 0, 1, 0, 0, 0, 0, 1, 0, 0, 0, 0, 0, 0, 0, 0, 0, 1, 1, 0, 0, 1, 1, 0, 0, 0]","[""bitch"", ""shit"", ""fuckin"", ""dumb"", ""bitchass"", ""hillbilly"", ""redneck""]",42,32,7,True,offensive,"[0, 0, 0, 0, 1, 0, 0, 0, 0, 0, 0, 0, 0, 0, 0, 0, 0, 0, 0, 0, 0, 0, 0, 0, 0, 0, 0, 1, 1, 0, 0, 0]","[""bitch"", ""hillbilly"", ""redneck""]"
1179100421475983365_twitter,val,bro i can not stand misbehaving kids especially the ghetto ratchet white parents who do not do shit to keep them in check i am tempted to smack tf out of her kid for her,"[""bro"", ""i"", ""can"", ""not"", ""stand"", ""misbehaving"", ""kids"", ""especially"", ""the"", ""ghetto"", ""ratchet"", ""white"", ""parents"", ""who"", ""do"", ""not"", ""do"", ""shit"", ""to"", ""keep"", ""them"", ""in"", ""check"", ""i"", ""am"", ""tempted"", ""to"", ""smack"", ""tf"", ""out"", ""of"", ""her"", ""kid"", ""for"", ""her""]",offensive,Caucasian,"[0, 0, 0, 0, 0, 0, 0, 0, 0, 1, 1, 1, 1, 0, 0, 0, 0, 0, 0, 0, 0, 0, 0, 0, 0, 0, 0, 0, 0, 0, 0, 0, 0, 0, 0]","[""ghetto"", ""ratchet"", ""white"", ""parents""]",4,35,4,True,offensive,"[0, 0, 0, 0, 0, 0, 0, 0, 0, 1, 1, 1, 1, 0, 0, 0, 0, 0, 0, 0, 0, 0, 0, 0, 0, 0, 0, 0, 0, 0, 0, 0, 0, 0, 0]","[""ghetto"", ""ratchet"", ""white"", ""parents""]"
1179100421475983365_twitter,val,bro i can not stand misbehaving kids especially the ghetto ratchet white parents who do not do shit to keep them in check i am tempted to smack tf out of her kid for her,"[""bro"", ""i"", ""can"", ""not"", ""stand"", ""misbehaving"", ""kids"", ""especially"", ""the"", ""ghetto"", ""ratchet"", ""white"", ""parents"", ""who"", ""do"", ""not"", ""do"", ""shit"", ""to"", ""keep"", ""them"", ""in"", ""check"", ""i"", ""am"", ""tempted"", ""to"", ""smack"", ""tf"", ""out"", ""of"", ""her"", ""kid"", ""for"", ""her""]",offensive,Caucasian,"[0, 0, 0, 0, 0, 0, 0, 0, 0, 1, 1, 1, 1, 0, 0, 0, 0, 0, 0, 0, 0, 0, 0, 0, 0, 0, 0, 1, 1, 1, 1, 0, 0, 0, 0]","[""ghetto"", ""ratchet"", ""white"", ""parents"", ""smack"", ""tf"", ""out"", ""of""]",14,35,8,True,offensive,"[0, 0, 0, 0, 0, 0, 0, 0, 0, 1, 1, 1, 1, 0, 0, 0, 0, 0, 0, 0, 0, 0, 0, 0, 0, 0, 0, 0, 0, 0, 0, 0, 0, 0, 0]","[""ghetto"", ""ratchet"", ""white"", ""parents""]"
1179100421475983365_twitter,val,bro i can not stand misbehaving kids especially the ghetto ratchet white parents who do not do shit to keep them in check i am tempted to smack tf out of her kid for her,"[""bro"", ""i"", ""can"", ""not"", ""stand"", ""misbehaving"", ""kids"", ""especially"", ""the"", ""ghetto"", ""ratchet"", ""white"", ""parents"", ""who"", ""do"", ""not"", ""do"", ""shit"", ""to"", ""keep"", ""them"", ""in"", ""check"", ""i"", ""am"", ""tempted"", ""to"", ""smack"", ""tf"", ""out"", ""of"", ""her"", ""kid"", ""for"", ""her""]",offensive,Caucasian,"[0, 0, 0, 0, 0, 0, 0, 0, 0, 1, 1, 1, 1, 0, 0, 0, 0, 1, 0, 0, 0, 0, 0, 0, 0, 0, 0, 0, 0, 0, 0, 0, 0, 0, 0]","[""ghetto"", ""ratchet"", ""white"", ""parents"", ""shit""]",42,35,5,True,offensive,"[0, 0, 0, 0, 0, 0, 0, 0, 0, 1, 1, 1, 1, 0, 0, 0, 0, 0, 0, 0, 0, 0, 0, 0, 0, 0, 0, 0, 0, 0, 0, 0, 0, 0, 0]","[""ghetto"", ""ratchet"", ""white"", ""parents""]"
1178513271583850497_twitter,train,south african white people are some of the worst white people out there,"[""south"", ""african"", ""white"", ""people"", ""are"", ""some"", ""of"", ""the"", ""worst"", ""white"", ""people"", ""out"", ""there""]",hatespeech,Caucasian,"[0, 0, 0, 0, 0, 0, 0, 0, 1, 1, 1, 0, 0]","[""worst"", ""white"", ""people""]",39,13,3,True,hatespeech,"[0, 0, 1, 1, 0, 0, 0, 0, 1, 1, 1, 0, 0]","[""white"", ""people"", ""worst"", ""white"", ""people""]"
1178513271583850497_twitter,train,south african white people are some of the worst white people out there,"[""south"", ""african"", ""white"", ""people"", ""are"", ""some"", ""of"", ""the"", ""worst"", ""white"", ""people"", ""out"", ""there""]",hatespeech,Caucasian,"[0, 0, 1, 1, 0, 0, 0, 0, 1, 1, 1, 0, 0]","[""white"", ""people"", ""worst"", ""white"", ""people""]",4,13,5,True,hatespeech,"[0, 0, 1, 1, 0, 0, 0, 0, 1, 1, 1, 0, 0]","[""white"", ""people"", ""worst"", ""white"", ""people""]"
1178513271583850497_twitter,train,south african white people are some of the worst white people out there,"[""south"", ""african"", ""white"", ""people"", ""are"", ""some"", ""of"", ""the"", ""worst"", ""white"", ""people"", ""out"", ""there""]",offensive,Caucasian,"[0, 0, 1, 1, 0, 1, 1, 1, 1, 0, 0, 0, 0]","[""white"", ""people"", ""some"", ""of"", ""the"", ""worst""]",52,13,6,True,hatespeech,"[0, 0, 1, 1, 0, 0, 0, 0, 1, 1, 1, 0, 0]","[""white"", ""people"", ""worst"", ""white"", ""people""]"
26293817_gab,train,i am pretty sure trump has personal chefs that make nobu look like mcdonald sushi deniro is a chimpathizer mudshark cunt that washed up spaghetti nigger,"[""i"", ""am"", ""pretty"", ""sure"", ""trump"", ""has"", ""personal"", ""chefs"", ""that"", ""make"", ""nobu"", ""look"", ""like"", ""mcdonald"", ""sushi"", ""deniro"", ""is"", ""a"", ""chimpathizer"", ""mudshark"", ""cunt"", ""that"", ""washed"", ""up"", ""spaghetti"", ""nigger""]",hatespeech,Caucasian,"[0, 0, 0, 0, 0, 0, 0, 0, 0, 0, 0, 0, 0, 0, 0, 0, 0, 0, 1, 1, 1, 0, 0, 0, 1, 1]","[""chimpathizer"", ""mudshark"", ""cunt"", ""spaghetti"", ""nigger""]",4,26,5,True,hatespeech,"[0, 0, 0, 0, 0, 0, 0, 0, 0, 0, 0, 0, 0, 0, 0, 0, 0, 0, 1, 1, 1, 0, 0, 0, 1, 1]","[""chimpathizer"", ""mudshark"", ""cunt"", ""spaghetti"", ""nigger""]"
1178488318281031680_twitter,train,<user> good nite trailer trash,"[""<user>"", ""good"", ""nite"", ""trailer"", ""trash""]",offensive,Caucasian,"[0, 0, 0, 1, 1]","[""trailer"", ""trash""]",52,5,2,True,offensive,"[0, 0, 0, 1, 1]","[""trailer"", ""trash""]"
1178635840161013761_twitter,train,<user> it not even about stans you a whole ass white chicken nugget calling asians ugly 🤣,"[""<user>"", ""it"", ""not"", ""even"", ""about"", ""stans"", ""you"", ""a"", ""whole"", ""ass"", ""white"", ""chicken"", ""nugget"", ""calling"", ""asians"", ""ugly"", ""\ud83e\udd23""]",offensive,Caucasian,"[0, 0, 0, 0, 0, 0, 0, 0, 1, 1, 1, 1, 1, 0, 0, 0, 0]","[""whole"", ""ass"", ""white"", ""chicken"", ""nugget""]",3,17,5,True,offensive,"[0, 0, 0, 0, 0, 0, 0, 0, 1, 1, 1, 1, 1, 0, 0, 0, 0]","[""whole"", ""ass"", ""white"", ""chicken"", ""nugget""]"
1178635840161013761_twitter,train,<user> it not even about stans you a whole ass white chicken nugget calling asians ugly 🤣,"[""<user>"", ""it"", ""not"", ""even"", ""about"", ""stans"", ""you"", ""a"", ""whole"", ""ass"", ""white"", ""chicken"", ""nugget"", ""calling"", ""asians"", ""ugly"", ""\ud83e\udd23""]",offensive,Caucasian,"[0, 0, 0, 0, 0, 0, 0, 0, 1, 1, 1, 1, 1, 0, 0, 0, 0]","[""whole"", ""ass"", ""white"", ""chicken"", ""nugget""]",91,17,5,True,offensive,"[0, 0, 0, 0, 0, 0, 0, 0, 1, 1, 1, 1, 1, 0, 0, 0, 0]","[""whole"", ""ass"", ""white"", ""chicken"", ""nugget""]"
1178635840161013761_twitter,train,<user> it not even about stans you a whole ass white chicken nugget calling asians ugly 🤣,"[""<user>"", ""it"", ""not"", ""even"", ""about"", ""stans"", ""you"", ""a"", ""whole"", ""ass"", ""white"", ""chicken"", ""nugget"", ""calling"", ""asians"", ""ugly"", ""\ud83e\udd23""]",offensive,Caucasian,"[0, 0, 0, 0, 0, 0, 0, 0, 1, 1, 1, 1, 1, 0, 0, 0, 0]","[""whole"", ""ass"", ""white"", ""chicken"", ""nugget""]",4,17,5,True,offensive,"[0, 0, 0, 0, 0, 0, 0, 0, 1, 1, 1, 1, 1, 0, 0, 0, 0]","[""whole"", ""ass"", ""white"", ""chicken"", ""nugget""]"
1178755833359994893_twitter,val,most white people are retarded,"[""most"", ""white"", ""people"", ""are"", ""retarded""]",offensive,Caucasian,"[1, 1, 1, 0, 0]","[""most"", ""white"", ""people""]",52,5,3,True,offensive,"[0, 1, 1, 0, 1]","[""white"", ""people"", ""retarded""]"
1178894629766402049_twitter,train,coke white bitches,"[""coke"", ""white"", ""bitches""]",offensive,Caucasian,"[0, 1, 1]","[""white"", ""bitches""]",106,3,2,True,offensive,"[0, 1, 1]","[""white"", ""bitches""]"
8044542_gab,train,manchester put your mudshark and bombfugees into perspective that attack that left <number> dead is really your bomb you have fought us brining the problems to the fore you have more blood on your hands this pic upset you tho,"[""manchester"", ""put"", ""your"", ""mudshark"", ""and"", ""bombfugees"", ""into"", ""perspective"", ""that"", ""attack"", ""that"", ""left"", ""<number>"", ""dead"", ""is"", ""really"", ""your"", ""bomb"", ""you"", ""have"", ""fought"", ""us"", ""brining"", ""the"", ""problems"", ""to"", ""the"", ""fore"", ""you"", ""have"", ""more"", ""blood"", ""on"", ""your"", ""hands"", ""this"", ""pic"", ""upset"", ""you"", ""tho""]",offensive,Caucasian,"[0, 0, 0, 1, 0, 0, 0, 0, 0, 0, 0, 0, 0, 0, 0, 0, 0, 0, 0, 0, 0, 0, 0, 0, 0, 0, 0, 0, 0, 0, 0, 0, 0, 0, 0, 0, 0, 0, 0, 0]","[""mudshark""]",96,40,1,True,hatespeech,"[0, 0, 0, 1, 0, 1, 0, 0, 0, 0, 0, 0, 0, 0, 0, 0, 0, 0, 0, 0, 0, 0, 0, 0, 0, 0, 0, 0, 0, 0, 0, 0, 0, 0, 0, 0, 0, 0, 0, 0]","[""mudshark"", ""bombfugees""]"
8044542_gab,train,manchester put your mudshark and bombfugees into perspective that attack that left <number> dead is really your bomb you have fought us brining the problems to the fore you have more blood on your hands this pic upset you tho,"[""manchester"", ""put"", ""your"", ""mudshark"", ""and"", ""bombfugees"", ""into"", ""perspective"", ""that"", ""attack"", ""that"", ""left"", ""<number>"", ""dead"", ""is"", ""really"", ""your"", ""bomb"", ""you"", ""have"", ""fought"", ""us"", ""brining"", ""the"", ""problems"", ""to"", ""the"", ""fore"", ""you"", ""have"", ""more"", ""blood"", ""on"", ""your"", ""hands"", ""this"", ""pic"", ""upset"", ""you"", ""tho""]",hatespeech,Caucasian,"[0, 0, 0, 1, 0, 1, 0, 0, 0, 0, 0, 0, 0, 0, 0, 0, 0, 0, 0, 0, 0, 0, 0, 0, 0, 0, 0, 0, 0, 0, 0, 0, 0, 0, 0, 0, 0, 0, 0, 0]","[""mudshark"", ""bombfugees""]",4,40,2,True,hatespeech,"[0, 0, 0, 1, 0, 1, 0, 0, 0, 0, 0, 0, 0, 0, 0, 0, 0, 0, 0, 0, 0, 0, 0, 0, 0, 0, 0, 0, 0, 0, 0, 0, 0, 0, 0, 0, 0, 0, 0, 0]","[""mudshark"", ""bombfugees""]"
13365673_gab,train,haha the hollyweirdos can snuggle up with their mudslime heroes,"[""haha"", ""the"", ""hollyweirdos"", ""can"", ""snuggle"", ""up"", ""with"", ""their"", ""mudslime"", ""heroes""]",offensive,Caucasian,"[0, 0, 0, 0, 0, 0, 0, 0, 1, 0]","[""mudslime""]",96,10,1,True,hatespeech,"[0, 0, 0, 0, 0, 0, 0, 0, 1, 0]","[""mudslime""]"
1178679137357180928_twitter,train,so do white ppl say this that nigger shit 😂 💀,"[""so"", ""do"", ""white"", ""ppl"", ""say"", ""this"", ""that"", ""nigger"", ""shit"", ""\ud83d\ude02"", ""\ud83d\udc80""]",normal,Caucasian,"[0, 0, 0, 0, 0, 0, 0, 1, 1, 1, 1]","[""nigger"", ""shit"", ""\ud83d\ude02"", ""\ud83d\udc80""]",4,11,4,True,offensive,"[0, 0, 0, 0, 0, 0, 0, 1, 0, 0, 0]","[""nigger""]"
17991896_gab,train,pussy nigger loving loser,"[""pussy"", ""nigger"", ""loving"", ""loser""]",hatespeech,Caucasian,"[1, 1, 0, 1]","[""pussy"", ""nigger"", ""loser""]",162,4,3,True,hatespeech,"[0, 1, 0, 0]","[""nigger""]"
1179065745902202880_twitter,train,<user> imagine u in the crib eatin sum talenti n a white bitch jus come in n shoots u i d be pissed i am glad trial was that quick lmfao,"[""<user>"", ""imagine"", ""u"", ""in"", ""the"", ""crib"", ""eatin"", ""sum"", ""talenti"", ""n"", ""a"", ""white"", ""bitch"", ""jus"", ""come"", ""in"", ""n"", ""shoots"", ""u"", ""i"", ""d"", ""be"", ""pissed"", ""i"", ""am"", ""glad"", ""trial"", ""was"", ""that"", ""quick"", ""lmfao""]",offensive,Caucasian,"[0, 0, 0, 0, 0, 0, 0, 0, 0, 0, 0, 1, 1, 0, 0, 0, 0, 0, 0, 0, 0, 0, 0, 0, 0, 0, 0, 0, 0, 0, 0]","[""white"", ""bitch""]",87,31,2,True,offensive,"[0, 0, 0, 0, 0, 0, 0, 0, 0, 0, 0, 1, 1, 0, 0, 0, 0, 0, 0, 0, 0, 0, 0, 0, 0, 0, 0, 0, 0, 0, 0]","[""white"", ""bitch""]"
1179065745902202880_twitter,train,<user> imagine u in the crib eatin sum talenti n a white bitch jus come in n shoots u i d be pissed i am glad trial was that quick lmfao,"[""<user>"", ""imagine"", ""u"", ""in"", ""the"", ""crib"", ""eatin"", ""sum"", ""talenti"", ""n"", ""a"", ""white"", ""bitch"", ""jus"", ""come"", ""in"", ""n"", ""shoots"", ""u"", ""i"", ""d"", ""be"", ""pissed"", ""i"", ""am"", ""glad"", ""trial"", ""was"", ""that"", ""quick"", ""lmfao""]",offensive,Caucasian,"[0, 0, 0, 0, 0, 0, 0, 0, 0, 0, 0, 1, 1, 0, 0, 0, 0, 0, 0, 0, 0, 0, 0, 0, 0, 0, 0, 0, 0, 0, 0]","[""white"", ""bitch""]",33,31,2,True,offensive,"[0, 0, 0, 0, 0, 0, 0, 0, 0, 0, 0, 1, 1, 0, 0, 0, 0, 0, 0, 0, 0, 0, 0, 0, 0, 0, 0, 0, 0, 0, 0]","[""white"", ""bitch""]"
1179065745902202880_twitter,train,<user> imagine u in the crib eatin sum talenti n a white bitch jus come in n shoots u i d be pissed i am glad trial was that quick lmfao,"[""<user>"", ""imagine"", ""u"", ""in"", ""the"", ""crib"", ""eatin"", ""sum"", ""talenti"", ""n"", ""a"", ""white"", ""bitch"", ""jus"", ""come"", ""in"", ""n"", ""shoots"", ""u"", ""i"", ""d"", ""be"", ""pissed"", ""i"", ""am"", ""glad"", ""trial"", ""was"", ""that"", ""quick"", ""lmfao""]",offensive,Caucasian,"[0, 0, 0, 0, 0, 0, 0, 0, 0, 0, 0, 1, 1, 0, 0, 0, 0, 0, 0, 0, 0, 0, 0, 0, 0, 0, 0, 0, 0, 0, 0]","[""white"", ""bitch""]",4,31,2,True,offensive,"[0, 0, 0, 0, 0, 0, 0, 0, 0, 0, 0, 1, 1, 0, 0, 0, 0, 0, 0, 0, 0, 0, 0, 0, 0, 0, 0, 0, 0, 0, 0]","[""white"", ""bitch""]"
20310954_gab,train,i see future case of diversity with mudshark sunglasses,"[""i"", ""see"", ""future"", ""case"", ""of"", ""diversity"", ""with"", ""mudshark"", ""sunglasses""]",hatespeech,Caucasian,"[0, 0, 0, 0, 0, 0, 0, 1, 0]","[""mudshark""]",4,9,1,True,offensive,"[0, 0, 0, 0, 0, 0, 0, 1, 0]","[""mudshark""]"
20310954_gab,train,i see future case of diversity with mudshark sunglasses,"[""i"", ""see"", ""future"", ""case"", ""of"", ""diversity"", ""with"", ""mudshark"", ""sunglasses""]",offensive,Caucasian,"[0, 0, 0, 0, 0, 0, 0, 1, 0]","[""mudshark""]",33,9,1,True,offensive,"[0, 0, 0, 0, 0, 0, 0, 1, 0]","[""mudshark""]"
1178765655790755845_twitter,test,<user> why would anyone watch whigger garbage like this show in the beginning,"[""<user>"", ""why"", ""would"", ""anyone"", ""watch"", ""whigger"", ""garbage"", ""like"", ""this"", ""show"", ""in"", ""the"", ""beginning""]",offensive,Caucasian,"[0, 0, 0, 0, 0, 1, 0, 0, 0, 0, 0, 0, 0]","[""whigger""]",67,13,1,True,offensive,"[0, 0, 0, 0, 0, 1, 0, 0, 0, 0, 0, 0, 0]","[""whigger""]"
1178765655790755845_twitter,test,<user> why would anyone watch whigger garbage like this show in the beginning,"[""<user>"", ""why"", ""would"", ""anyone"", ""watch"", ""whigger"", ""garbage"", ""like"", ""this"", ""show"", ""in"", ""the"", ""beginning""]",hatespeech,Caucasian,"[0, 0, 0, 0, 0, 1, 0, 0, 0, 0, 0, 0, 0]","[""whigger""]",99,13,1,True,offensive,"[0, 0, 0, 0, 0, 1, 0, 0, 0, 0, 0, 0, 0]","[""whigger""]"
1178765655790755845_twitter,test,<user> why would anyone watch whigger garbage like this show in the beginning,"[""<user>"", ""why"", ""would"", ""anyone"", ""watch"", ""whigger"", ""garbage"", ""like"", ""this"", ""show"", ""in"", ""the"", ""beginning""]",offensive,Caucasian,"[0, 0, 0, 0, 0, 1, 0, 0, 0, 0, 0, 0, 0]","[""whigger""]",4,13,1,True,offensive,"[0, 0, 0, 0, 0, 1, 0, 0, 0, 0, 0, 0, 0]","[""whigger""]"
1179102715160326145_twitter,train,<user> <user> what a butthurt wigger,"[""<user>"", ""<user>"", ""what"", ""a"", ""butthurt"", ""wigger""]",offensive,Caucasian,"[0, 0, 0, 0, 0, 1]","[""wigger""]",67,6,1,True,hatespeech,"[0, 0, 0, 0, 0, 1]","[""wigger""]"
1179102715160326145_twitter,train,<user> <user> what a butthurt wigger,"[""<user>"", ""<user>"", ""what"", ""a"", ""butthurt"", ""wigger""]",hatespeech,Caucasian,"[0, 0, 0, 0, 0, 1]","[""wigger""]",99,6,1,True,hatespeech,"[0, 0, 0, 0, 0, 1]","[""wigger""]"
1179102715160326145_twitter,train,<user> <user> what a butthurt wigger,"[""<user>"", ""<user>"", ""what"", ""a"", ""butthurt"", ""wigger""]",hatespeech,Caucasian,"[0, 0, 0, 0, 0, 1]","[""wigger""]",4,6,1,True,hatespeech,"[0, 0, 0, 0, 0, 1]","[""wigger""]"
20472665_gab,test,is anything owned by gentiles anymore in this country the kike freaks own everything,"[""is"", ""anything"", ""owned"", ""by"", ""gentiles"", ""anymore"", ""in"", ""this"", ""country"", ""the"", ""kike"", ""freaks"", ""own"", ""everything""]",hatespeech,Caucasian,"[0, 0, 0, 0, 0, 0, 0, 0, 0, 0, 1, 1, 0, 0]","[""kike"", ""freaks""]",182,14,2,True,hatespeech,"[0, 0, 0, 0, 0, 0, 0, 0, 0, 0, 1, 1, 0, 0]","[""kike"", ""freaks""]"
1178904487978819585_twitter,train,white bitches be like blm did i tell you all black lives matter like we get it bitch you are not racist 💀,"[""white"", ""bitches"", ""be"", ""like"", ""blm"", ""did"", ""i"", ""tell"", ""you"", ""all"", ""black"", ""lives"", ""matter"", ""like"", ""we"", ""get"", ""it"", ""bitch"", ""you"", ""are"", ""not"", ""racist"", ""\ud83d\udc80""]",offensive,Caucasian,"[1, 1, 0, 0, 0, 0, 0, 0, 0, 0, 0, 0, 0, 0, 0, 0, 0, 0, 0, 0, 0, 0, 0]","[""white"", ""bitches""]",1,23,2,True,offensive,"[1, 1, 0, 0, 0, 0, 0, 0, 0, 0, 0, 0, 0, 0, 0, 0, 0, 0, 0, 0, 0, 0, 0]","[""white"", ""bitches""]"
1178904487978819585_twitter,train,white bitches be like blm did i tell you all black lives matter like we get it bitch you are not racist 💀,"[""white"", ""bitches"", ""be"", ""like"", ""blm"", ""did"", ""i"", ""tell"", ""you"", ""all"", ""black"", ""lives"", ""matter"", ""like"", ""we"", ""get"", ""it"", ""bitch"", ""you"", ""are"", ""not"", ""racist"", ""\ud83d\udc80""]",offensive,Caucasian,"[1, 1, 0, 0, 0, 0, 0, 0, 0, 0, 0, 0, 0, 0, 0, 0, 0, 1, 0, 0, 0, 0, 0]","[""white"", ""bitches"", ""bitch""]",4,23,3,True,offensive,"[1, 1, 0, 0, 0, 0, 0, 0, 0, 0, 0, 0, 0, 0, 0, 0, 0, 0, 0, 0, 0, 0, 0]","[""white"", ""bitches""]"
1178975697240498176_twitter,val,<user> but the orange pussy ain t man enough to do it alone he d get some of his hillbilly swamp base to do the dirty work,"[""<user>"", ""but"", ""the"", ""orange"", ""pussy"", ""ain"", ""t"", ""man"", ""enough"", ""to"", ""do"", ""it"", ""alone"", ""he"", ""d"", ""get"", ""some"", ""of"", ""his"", ""hillbilly"", ""swamp"", ""base"", ""to"", ""do"", ""the"", ""dirty"", ""work""]",offensive,Caucasian,"[0, 0, 0, 0, 0, 0, 0, 0, 0, 0, 0, 0, 0, 0, 0, 0, 0, 0, 0, 1, 0, 0, 0, 0, 0, 0, 0]","[""hillbilly""]",4,27,1,True,offensive,"[0, 0, 0, 0, 0, 0, 0, 0, 0, 0, 0, 0, 0, 0, 0, 0, 0, 0, 0, 1, 0, 0, 0, 0, 0, 0, 0]","[""hillbilly""]"
1179027563353645057_twitter,train,<user> error too many teeth to by redneck,"[""<user>"", ""error"", ""too"", ""many"", ""teeth"", ""to"", ""by"", ""redneck""]",offensive,Caucasian,"[0, 0, 0, 0, 0, 0, 0, 1]","[""redneck""]",58,8,1,True,offensive,"[0, 0, 0, 0, 0, 0, 0, 1]","[""redneck""]"
1179027563353645057_twitter,train,<user> error too many teeth to by redneck,"[""<user>"", ""error"", ""too"", ""many"", ""teeth"", ""to"", ""by"", ""redneck""]",offensive,Caucasian,"[0, 0, 0, 0, 0, 0, 0, 1]","[""redneck""]",4,8,1,True,offensive,"[0, 0, 0, 0, 0, 0, 0, 1]","[""redneck""]"
1179027563353645057_twitter,train,<user> error too many teeth to by redneck,"[""<user>"", ""error"", ""too"", ""many"", ""teeth"", ""to"", ""by"", ""redneck""]",offensive,Caucasian,"[0, 0, 0, 0, 0, 0, 0, 1]","[""redneck""]",60,8,1,True,offensive,"[0, 0, 0, 0, 0, 0, 0, 1]","[""redneck""]"
1178752135816724481_twitter,val,<user> right the man used proper grammar footnotes references in a specific university draft like how in tf do you assume he some dumb hillbilly jfc,"[""<user>"", ""right"", ""the"", ""man"", ""used"", ""proper"", ""grammar"", ""footnotes"", ""references"", ""in"", ""a"", ""specific"", ""university"", ""draft"", ""like"", ""how"", ""in"", ""tf"", ""do"", ""you"", ""assume"", ""he"", ""some"", ""dumb"", ""hillbilly"", ""jfc""]",offensive,Caucasian,"[0, 0, 0, 0, 0, 0, 0, 0, 0, 0, 0, 0, 0, 0, 0, 0, 0, 0, 0, 0, 0, 0, 0, 0, 1, 0]","[""hillbilly""]",58,26,1,True,offensive,"[0, 0, 0, 0, 0, 0, 0, 0, 0, 0, 0, 0, 0, 0, 0, 0, 0, 0, 0, 0, 0, 0, 0, 0, 1, 0]","[""hillbilly""]"
1178752135816724481_twitter,val,<user> right the man used proper grammar footnotes references in a specific university draft like how in tf do you assume he some dumb hillbilly jfc,"[""<user>"", ""right"", ""the"", ""man"", ""used"", ""proper"", ""grammar"", ""footnotes"", ""references"", ""in"", ""a"", ""specific"", ""university"", ""draft"", ""like"", ""how"", ""in"", ""tf"", ""do"", ""you"", ""assume"", ""he"", ""some"", ""dumb"", ""hillbilly"", ""jfc""]",offensive,Caucasian,"[0, 0, 0, 0, 0, 0, 0, 0, 0, 0, 0, 0, 0, 0, 0, 0, 0, 0, 0, 0, 0, 0, 0, 0, 1, 0]","[""hillbilly""]",4,26,1,True,offensive,"[0, 0, 0, 0, 0, 0, 0, 0, 0, 0, 0, 0, 0, 0, 0, 0, 0, 0, 0, 0, 0, 0, 0, 0, 1, 0]","[""hillbilly""]"
1178752135816724481_twitter,val,<user> right the man used proper grammar footnotes references in a specific university draft like how in tf do you assume he some dumb hillbilly jfc,"[""<user>"", ""right"", ""the"", ""man"", ""used"", ""proper"", ""grammar"", ""footnotes"", ""references"", ""in"", ""a"", ""specific"", ""university"", ""draft"", ""like"", ""how"", ""in"", ""tf"", ""do"", ""you"", ""assume"", ""he"", ""some"", ""dumb"", ""hillbilly"", ""jfc""]",offensive,Caucasian,"[0, 0, 0, 0, 0, 0, 0, 0, 0, 0, 0, 0, 0, 0, 0, 0, 0, 0, 0, 0, 0, 0, 0, 1, 1, 0]","[""dumb"", ""hillbilly""]",60,26,2,True,offensive,"[0, 0, 0, 0, 0, 0, 0, 0, 0, 0, 0, 0, 0, 0, 0, 0, 0, 0, 0, 0, 0, 0, 0, 0, 1, 0]","[""hillbilly""]"
26165493_gab,test,its just how it is baby there must be a balance too much crazy fools and we up shit creek so we got a big ass iron hammer to crack all yall queers open wit,"[""its"", ""just"", ""how"", ""it"", ""is"", ""baby"", ""there"", ""must"", ""be"", ""a"", ""balance"", ""too"", ""much"", ""crazy"", ""fools"", ""and"", ""we"", ""up"", ""shit"", ""creek"", ""so"", ""we"", ""got"", ""a"", ""big"", ""ass"", ""iron"", ""hammer"", ""to"", ""crack"", ""all"", ""yall"", ""queers"", ""open"", ""wit""]",hatespeech,Caucasian,"[0, 0, 0, 0, 0, 0, 0, 0, 0, 0, 0, 0, 0, 0, 0, 0, 0, 0, 0, 0, 0, 0, 0, 0, 0, 0, 0, 0, 0, 0, 0, 0, 1, 0, 0]","[""queers""]",108,35,1,True,hatespeech,"[0, 0, 0, 0, 0, 0, 0, 0, 0, 0, 0, 0, 0, 0, 0, 0, 0, 0, 0, 0, 0, 0, 0, 0, 0, 0, 0, 0, 0, 1, 1, 1, 1, 1, 0]","[""crack"", ""all"", ""yall"", ""queers"", ""open""]"
18974594_gab,train,i may be worthless but you are an honor stealing faggot bc if you were kurdistan you would not be sucking jew dick the way u do you are a liberal american kike most likely,"[""i"", ""may"", ""be"", ""worthless"", ""but"", ""you"", ""are"", ""an"", ""honor"", ""stealing"", ""faggot"", ""bc"", ""if"", ""you"", ""were"", ""kurdistan"", ""you"", ""would"", ""not"", ""be"", ""sucking"", ""jew"", ""dick"", ""the"", ""way"", ""u"", ""do"", ""you"", ""are"", ""a"", ""liberal"", ""american"", ""kike"", ""most"", ""likely""]",hatespeech,Caucasian,"[0, 0, 0, 0, 0, 0, 0, 0, 0, 0, 1, 0, 0, 0, 0, 0, 0, 0, 0, 0, 1, 1, 1, 0, 0, 0, 0, 0, 0, 0, 0, 0, 0, 0, 0]","[""faggot"", ""sucking"", ""jew"", ""dick""]",108,35,4,True,hatespeech,"[0, 0, 0, 0, 0, 0, 0, 0, 0, 0, 1, 0, 0, 0, 0, 0, 0, 0, 0, 0, 1, 1, 1, 0, 0, 0, 0, 0, 0, 0, 0, 0, 1, 0, 0]","[""faggot"", ""sucking"", ""jew"", ""dick"", ""kike""]"
23788375_gab,train,before we blame dykes kikes spics niggas whit trash redneck honky trailer trash why do not we look at what part we played in a situation why do not e ask ourselves what could i have done to prevent it did i even try,"[""before"", ""we"", ""blame"", ""dykes"", ""kikes"", ""spics"", ""niggas"", ""whit"", ""trash"", ""redneck"", ""honky"", ""trailer"", ""trash"", ""why"", ""do"", ""not"", ""we"", ""look"", ""at"", ""what"", ""part"", ""we"", ""played"", ""in"", ""a"", ""situation"", ""why"", ""do"", ""not"", ""e"", ""ask"", ""ourselves"", ""what"", ""could"", ""i"", ""have"", ""done"", ""to"", ""prevent"", ""it"", ""did"", ""i"", ""even"", ""try""]",hatespeech,Caucasian,"[0, 0, 0, 1, 1, 1, 1, 1, 1, 1, 1, 1, 1, 0, 0, 0, 0, 0, 0, 0, 0, 0, 0, 0, 0, 0, 0, 0, 0, 0, 0, 0, 0, 0, 0, 0, 0, 0, 0, 0, 0, 0, 0, 0]","[""dykes"", ""kikes"", ""spics"", ""niggas"", ""whit"", ""trash"", ""redneck"", ""honky"", ""trailer"", ""trash""]",4,44,10,True,offensive,"[0, 0, 0, 1, 1, 1, 1, 1, 1, 1, 1, 1, 1, 0, 0, 0, 0, 0, 0, 0, 0, 0, 0, 0, 0, 0, 0, 0, 0, 0, 0, 0, 0, 0, 0, 0, 0, 0, 0, 0, 0, 0, 0, 0]","[""dykes"", ""kikes"", ""spics"", ""niggas"", ""whit"", ""trash"", ""redneck"", ""honky"", ""trailer"", ""trash""]"
25630649_gab,train,snow nigger albino chimping out,"[""snow"", ""nigger"", ""albino"", ""chimping"", ""out""]",offensive,Caucasian,"[1, 1, 1, 0, 0]","[""snow"", ""nigger"", ""albino""]",6,5,3,True,offensive,"[1, 1, 1, 1, 1]","[""snow"", ""nigger"", ""albino"", ""chimping"", ""out""]"
25630649_gab,train,snow nigger albino chimping out,"[""snow"", ""nigger"", ""albino"", ""chimping"", ""out""]",hatespeech,Caucasian,"[1, 1, 1, 1, 1]","[""snow"", ""nigger"", ""albino"", ""chimping"", ""out""]",4,5,5,True,offensive,"[1, 1, 1, 1, 1]","[""snow"", ""nigger"", ""albino"", ""chimping"", ""out""]"
13979339_gab,train,what space nigger bangs a white girl jew show are the normie roomates watching today black mirror,"[""what"", ""space"", ""nigger"", ""bangs"", ""a"", ""white"", ""girl"", ""jew"", ""show"", ""are"", ""the"", ""normie"", ""roomates"", ""watching"", ""today"", ""black"", ""mirror""]",hatespeech,Caucasian,"[1, 1, 1, 1, 1, 1, 1, 1, 0, 0, 0, 0, 0, 0, 0, 0, 0]","[""what"", ""space"", ""nigger"", ""bangs"", ""a"", ""white"", ""girl"", ""jew""]",4,17,8,True,hatespeech,"[0, 0, 1, 0, 0, 0, 0, 1, 0, 0, 0, 0, 0, 0, 0, 0, 0]","[""nigger"", ""jew""]"
15897060_gab,val,she a mudshark that explains everything i had a feeling she was a nigger lover,"[""she"", ""a"", ""mudshark"", ""that"", ""explains"", ""everything"", ""i"", ""had"", ""a"", ""feeling"", ""she"", ""was"", ""a"", ""nigger"", ""lover""]",hatespeech,Caucasian,"[0, 0, 1, 0, 0, 0, 0, 0, 0, 0, 0, 0, 0, 1, 1]","[""mudshark"", ""nigger"", ""lover""]",4,15,3,True,hatespeech,"[0, 0, 1, 0, 0, 0, 0, 0, 0, 0, 0, 0, 0, 1, 0]","[""mudshark"", ""nigger""]"
1179063615468576768_twitter,train,<user> <user> this song by amy winehouse i am telling you go to karaoke anywhere and the white bitches will all unanimously sigh when it comes on because they mad they wanted to sing it 😂,"[""<user>"", ""<user>"", ""this"", ""song"", ""by"", ""amy"", ""winehouse"", ""i"", ""am"", ""telling"", ""you"", ""go"", ""to"", ""karaoke"", ""anywhere"", ""and"", ""the"", ""white"", ""bitches"", ""will"", ""all"", ""unanimously"", ""sigh"", ""when"", ""it"", ""comes"", ""on"", ""because"", ""they"", ""mad"", ""they"", ""wanted"", ""to"", ""sing"", ""it"", ""\ud83d\ude02""]",offensive,Caucasian,"[0, 0, 0, 0, 0, 0, 0, 0, 0, 0, 0, 0, 0, 0, 0, 0, 1, 1, 1, 0, 0, 0, 0, 0, 0, 0, 0, 0, 0, 0, 0, 0, 0, 0, 0, 0]","[""the"", ""white"", ""bitches""]",1,36,3,True,offensive,"[0, 0, 0, 0, 0, 0, 0, 0, 0, 0, 0, 0, 0, 0, 0, 0, 0, 1, 1, 0, 0, 0, 0, 0, 0, 0, 0, 0, 0, 0, 0, 0, 0, 0, 0, 0]","[""white"", ""bitches""]"
1179063615468576768_twitter,train,<user> <user> this song by amy winehouse i am telling you go to karaoke anywhere and the white bitches will all unanimously sigh when it comes on because they mad they wanted to sing it 😂,"[""<user>"", ""<user>"", ""this"", ""song"", ""by"", ""amy"", ""winehouse"", ""i"", ""am"", ""telling"", ""you"", ""go"", ""to"", ""karaoke"", ""anywhere"", ""and"", ""the"", ""white"", ""bitches"", ""will"", ""all"", ""unanimously"", ""sigh"", ""when"", ""it"", ""comes"", ""on"", ""because"", ""they"", ""mad"", ""they"", ""wanted"", ""to"", ""sing"", ""it"", ""\ud83d\ude02""]",offensive,Caucasian,"[0, 0, 0, 0, 0, 0, 0, 0, 0, 0, 0, 0, 0, 0, 0, 0, 0, 1, 1, 0, 0, 0, 0, 0, 0, 0, 0, 0, 0, 0, 0, 0, 0, 0, 0, 0]","[""white"", ""bitches""]",51,36,2,True,offensive,"[0, 0, 0, 0, 0, 0, 0, 0, 0, 0, 0, 0, 0, 0, 0, 0, 0, 1, 1, 0, 0, 0, 0, 0, 0, 0, 0, 0, 0, 0, 0, 0, 0, 0, 0, 0]","[""white"", ""bitches""]"
1179063615468576768_twitter,train,<user> <user> this song by amy winehouse i am telling you go to karaoke anywhere and the white bitches will all unanimously sigh when it comes on because they mad they wanted to sing it 😂,"[""<user>"", ""<user>"", ""this"", ""song"", ""by"", ""amy"", ""winehouse"", ""i"", ""am"", ""telling"", ""you"", ""go"", ""to"", ""karaoke"", ""anywhere"", ""and"", ""the"", ""white"", ""bitches"", ""will"", ""all"", ""unanimously"", ""sigh"", ""when"", ""it"", ""comes"", ""on"", ""because"", ""they"", ""mad"", ""they"", ""wanted"", ""to"", ""sing"", ""it"", ""\ud83d\ude02""]",offensive,Caucasian,"[0, 0, 0, 0, 0, 0, 0, 0, 0, 0, 0, 0, 0, 0, 0, 0, 0, 1, 1, 0, 0, 0, 0, 0, 0, 0, 0, 0, 0, 0, 0, 0, 0, 0, 0, 0]","[""white"", ""bitches""]",4,36,2,True,offensive,"[0, 0, 0, 0, 0, 0, 0, 0, 0, 0, 0, 0, 0, 0, 0, 0, 0, 1, 1, 0, 0, 0, 0, 0, 0, 0, 0, 0, 0, 0, 0, 0, 0, 0, 0, 0]","[""white"", ""bitches""]"
1178990825679839235_twitter,train,<user> that some hillbilly talk right there,"[""<user>"", ""that"", ""some"", ""hillbilly"", ""talk"", ""right"", ""there""]",offensive,Caucasian,"[0, 0, 0, 1, 0, 0, 0]","[""hillbilly""]",4,7,1,True,offensive,"[0, 0, 0, 1, 0, 0, 0]","[""hillbilly""]"
1178194517368938499_twitter,train,watching this anal rape episode pretty funny but the one thing that annoys me about an otherwise fine episode is the use of sam jackson and charlie murphy as the voice of the wiggers i think it done to give ppl license to laugh at white people dropping n bombs freely,"[""watching"", ""this"", ""anal"", ""rape"", ""episode"", ""pretty"", ""funny"", ""but"", ""the"", ""one"", ""thing"", ""that"", ""annoys"", ""me"", ""about"", ""an"", ""otherwise"", ""fine"", ""episode"", ""is"", ""the"", ""use"", ""of"", ""sam"", ""jackson"", ""and"", ""charlie"", ""murphy"", ""as"", ""the"", ""voice"", ""of"", ""the"", ""wiggers"", ""i"", ""think"", ""it"", ""done"", ""to"", ""give"", ""ppl"", ""license"", ""to"", ""laugh"", ""at"", ""white"", ""people"", ""dropping"", ""n"", ""bombs"", ""freely""]",offensive,Caucasian,"[0, 0, 0, 0, 0, 0, 0, 0, 0, 0, 0, 0, 0, 0, 0, 0, 0, 0, 0, 0, 0, 0, 0, 0, 0, 0, 0, 0, 0, 0, 0, 0, 0, 1, 0, 0, 0, 0, 0, 0, 0, 0, 0, 0, 0, 1, 1, 1, 1, 1, 0]","[""wiggers"", ""white"", ""people"", ""dropping"", ""n"", ""bombs""]",15,51,6,True,offensive,"[0, 0, 0, 0, 0, 0, 0, 0, 0, 0, 0, 0, 0, 0, 0, 0, 0, 0, 0, 0, 0, 0, 0, 0, 0, 0, 0, 0, 0, 0, 0, 0, 0, 1, 0, 0, 0, 0, 0, 0, 0, 0, 0, 0, 0, 0, 0, 0, 0, 0, 0]","[""wiggers""]"
25661371_gab,train,any last words before you join your fellow kike trolls on my mutes list go ahead rube now your chance make it count post something really smart mouth this time,"[""any"", ""last"", ""words"", ""before"", ""you"", ""join"", ""your"", ""fellow"", ""kike"", ""trolls"", ""on"", ""my"", ""mutes"", ""list"", ""go"", ""ahead"", ""rube"", ""now"", ""your"", ""chance"", ""make"", ""it"", ""count"", ""post"", ""something"", ""really"", ""smart"", ""mouth"", ""this"", ""time""]",hatespeech,Caucasian,"[0, 0, 0, 0, 0, 0, 0, 0, 1, 0, 0, 0, 0, 0, 0, 0, 1, 0, 0, 0, 0, 0, 0, 0, 0, 0, 0, 0, 0, 0]","[""kike"", ""rube""]",4,30,2,True,hatespeech,"[0, 0, 0, 0, 0, 0, 0, 0, 1, 0, 0, 0, 0, 0, 0, 0, 0, 0, 0, 0, 0, 0, 0, 0, 0, 0, 0, 0, 0, 0]","[""kike""]"
1179100967981244418_twitter,train,the weirdest moment in house of <number> corpses is when the old rob zombie ass redneck grandpa name drops jimmy olsen aka the superman character no one cares about,"[""the"", ""weirdest"", ""moment"", ""in"", ""house"", ""of"", ""<number>"", ""corpses"", ""is"", ""when"", ""the"", ""old"", ""rob"", ""zombie"", ""ass"", ""redneck"", ""grandpa"", ""name"", ""drops"", ""jimmy"", ""olsen"", ""aka"", ""the"", ""superman"", ""character"", ""no"", ""one"", ""cares"", ""about""]",offensive,Caucasian,"[0, 0, 0, 0, 0, 0, 0, 0, 0, 0, 0, 0, 0, 0, 0, 1, 0, 0, 0, 0, 0, 0, 0, 0, 0, 0, 0, 0, 0]","[""redneck""]",4,29,1,True,offensive,"[0, 0, 0, 0, 0, 0, 0, 0, 0, 0, 0, 0, 0, 0, 0, 1, 0, 0, 0, 0, 0, 0, 0, 0, 0, 0, 0, 0, 0]","[""redneck""]"
1179098334100938752_twitter,train,i be bathing in hunneds white bitch with a onion,"[""i"", ""be"", ""bathing"", ""in"", ""hunneds"", ""white"", ""bitch"", ""with"", ""a"", ""onion""]",offensive,Caucasian,"[0, 0, 0, 0, 0, 1, 1, 0, 0, 0]","[""white"", ""bitch""]",4,10,2,True,offensive,"[0, 0, 0, 0, 0, 1, 1, 0, 0, 0]","[""white"", ""bitch""]"
1179098334100938752_twitter,train,i be bathing in hunneds white bitch with a onion,"[""i"", ""be"", ""bathing"", ""in"", ""hunneds"", ""white"", ""bitch"", ""with"", ""a"", ""onion""]",hatespeech,Caucasian,"[0, 0, 0, 0, 0, 1, 1, 0, 0, 0]","[""white"", ""bitch""]",32,10,2,True,offensive,"[0, 0, 0, 0, 0, 1, 1, 0, 0, 0]","[""white"", ""bitch""]"
1174042585356218373_twitter,train,<user> the amount of virgin rednecks complaining about the video is insane have a wank while you are crying,"[""<user>"", ""the"", ""amount"", ""of"", ""virgin"", ""rednecks"", ""complaining"", ""about"", ""the"", ""video"", ""is"", ""insane"", ""have"", ""a"", ""wank"", ""while"", ""you"", ""are"", ""crying""]",offensive,Caucasian,"[0, 0, 0, 0, 0, 1, 0, 0, 0, 0, 0, 0, 0, 0, 0, 0, 0, 0, 0]","[""rednecks""]",25,19,1,True,offensive,"[0, 0, 0, 0, 1, 1, 0, 0, 0, 0, 0, 0, 0, 0, 0, 0, 0, 0, 0]","[""virgin"", ""rednecks""]"
1174042585356218373_twitter,train,<user> the amount of virgin rednecks complaining about the video is insane have a wank while you are crying,"[""<user>"", ""the"", ""amount"", ""of"", ""virgin"", ""rednecks"", ""complaining"", ""about"", ""the"", ""video"", ""is"", ""insane"", ""have"", ""a"", ""wank"", ""while"", ""you"", ""are"", ""crying""]",offensive,Caucasian,"[0, 0, 0, 0, 1, 1, 0, 0, 0, 0, 0, 0, 0, 0, 0, 0, 0, 0, 0]","[""virgin"", ""rednecks""]",6,19,2,True,offensive,"[0, 0, 0, 0, 1, 1, 0, 0, 0, 0, 0, 0, 0, 0, 0, 0, 0, 0, 0]","[""virgin"", ""rednecks""]"
15479076_gab,train,bigger digger figger gigger jigger nigger pigger rigger tigger vigger wigger zigger,"[""bigger"", ""digger"", ""figger"", ""gigger"", ""jigger"", ""nigger"", ""pigger"", ""rigger"", ""tigger"", ""vigger"", ""wigger"", ""zigger""]",hatespeech,Caucasian,"[0, 0, 0, 0, 0, 1, 0, 0, 0, 0, 1, 0]","[""nigger"", ""wigger""]",4,12,2,True,hatespeech,"[0, 0, 0, 0, 0, 1, 0, 0, 0, 0, 0, 0]","[""nigger""]"
1178713835211022336_twitter,train,no joke the only thing i really hate about pittsburgh is the presence of white trash country bumpkin dipshits in their oversized trucks other than that it ok,"[""no"", ""joke"", ""the"", ""only"", ""thing"", ""i"", ""really"", ""hate"", ""about"", ""pittsburgh"", ""is"", ""the"", ""presence"", ""of"", ""white"", ""trash"", ""country"", ""bumpkin"", ""dipshits"", ""in"", ""their"", ""oversized"", ""trucks"", ""other"", ""than"", ""that"", ""it"", ""ok""]",offensive,Caucasian,"[0, 0, 0, 0, 0, 0, 0, 0, 0, 0, 0, 0, 0, 0, 1, 1, 0, 0, 0, 0, 0, 0, 0, 0, 0, 0, 0, 0]","[""white"", ""trash""]",1,28,2,True,offensive,"[0, 0, 0, 0, 0, 0, 0, 0, 0, 0, 0, 0, 0, 0, 1, 1, 0, 0, 0, 0, 0, 0, 0, 0, 0, 0, 0, 0]","[""white"", ""trash""]"
1178713835211022336_twitter,train,no joke the only thing i really hate about pittsburgh is the presence of white trash country bumpkin dipshits in their oversized trucks other than that it ok,"[""no"", ""joke"", ""the"", ""only"", ""thing"", ""i"", ""really"", ""hate"", ""about"", ""pittsburgh"", ""is"", ""the"", ""presence"", ""of"", ""white"", ""trash"", ""country"", ""bumpkin"", ""dipshits"", ""in"", ""their"", ""oversized"", ""trucks"", ""other"", ""than"", ""that"", ""it"", ""ok""]",hatespeech,Caucasian,"[0, 0, 0, 0, 0, 0, 0, 0, 0, 0, 0, 0, 0, 0, 1, 1, 0, 0, 0, 0, 0, 0, 0, 0, 0, 0, 0, 0]","[""white"", ""trash""]",10,28,2,True,offensive,"[0, 0, 0, 0, 0, 0, 0, 0, 0, 0, 0, 0, 0, 0, 1, 1, 0, 0, 0, 0, 0, 0, 0, 0, 0, 0, 0, 0]","[""white"", ""trash""]"
1178713835211022336_twitter,train,no joke the only thing i really hate about pittsburgh is the presence of white trash country bumpkin dipshits in their oversized trucks other than that it ok,"[""no"", ""joke"", ""the"", ""only"", ""thing"", ""i"", ""really"", ""hate"", ""about"", ""pittsburgh"", ""is"", ""the"", ""presence"", ""of"", ""white"", ""trash"", ""country"", ""bumpkin"", ""dipshits"", ""in"", ""their"", ""oversized"", ""trucks"", ""other"", ""than"", ""that"", ""it"", ""ok""]",offensive,Caucasian,"[0, 0, 0, 0, 0, 0, 0, 0, 0, 0, 0, 0, 0, 0, 1, 1, 1, 1, 1, 0, 0, 0, 0, 0, 0, 0, 0, 0]","[""white"", ""trash"", ""country"", ""bumpkin"", ""dipshits""]",4,28,5,True,offensive,"[0, 0, 0, 0, 0, 0, 0, 0, 0, 0, 0, 0, 0, 0, 1, 1, 0, 0, 0, 0, 0, 0, 0, 0, 0, 0, 0, 0]","[""white"", ""trash""]"
20768601_gab,train,i heard that sargon is crying like a white nigger about losing his channel,"[""i"", ""heard"", ""that"", ""sargon"", ""is"", ""crying"", ""like"", ""a"", ""white"", ""nigger"", ""about"", ""losing"", ""his"", ""channel""]",offensive,Caucasian,"[0, 0, 0, 0, 0, 1, 1, 0, 1, 1, 0, 0, 0, 0]","[""crying"", ""like"", ""white"", ""nigger""]",19,14,4,True,hatespeech,"[0, 0, 0, 0, 0, 0, 0, 0, 1, 1, 0, 0, 0, 0]","[""white"", ""nigger""]"
20768601_gab,train,i heard that sargon is crying like a white nigger about losing his channel,"[""i"", ""heard"", ""that"", ""sargon"", ""is"", ""crying"", ""like"", ""a"", ""white"", ""nigger"", ""about"", ""losing"", ""his"", ""channel""]",hatespeech,Caucasian,"[0, 0, 0, 0, 0, 0, 0, 0, 1, 1, 0, 0, 0, 0]","[""white"", ""nigger""]",4,14,2,True,hatespeech,"[0, 0, 0, 0, 0, 0, 0, 0, 1, 1, 0, 0, 0, 0]","[""white"", ""nigger""]"
1179057662165684224_twitter,train,nothing worse than a ghetto white bitch that says the n word,"[""nothing"", ""worse"", ""than"", ""a"", ""ghetto"", ""white"", ""bitch"", ""that"", ""says"", ""the"", ""n"", ""word""]",offensive,Caucasian,"[0, 0, 0, 0, 1, 1, 1, 0, 0, 0, 0, 0]","[""ghetto"", ""white"", ""bitch""]",1,12,3,True,offensive,"[0, 0, 0, 0, 1, 1, 1, 0, 0, 0, 0, 0]","[""ghetto"", ""white"", ""bitch""]"
1179057662165684224_twitter,train,nothing worse than a ghetto white bitch that says the n word,"[""nothing"", ""worse"", ""than"", ""a"", ""ghetto"", ""white"", ""bitch"", ""that"", ""says"", ""the"", ""n"", ""word""]",hatespeech,Caucasian,"[0, 0, 0, 0, 1, 1, 1, 0, 0, 0, 0, 0]","[""ghetto"", ""white"", ""bitch""]",10,12,3,True,offensive,"[0, 0, 0, 0, 1, 1, 1, 0, 0, 0, 0, 0]","[""ghetto"", ""white"", ""bitch""]"
1179057662165684224_twitter,train,nothing worse than a ghetto white bitch that says the n word,"[""nothing"", ""worse"", ""than"", ""a"", ""ghetto"", ""white"", ""bitch"", ""that"", ""says"", ""the"", ""n"", ""word""]",offensive,Caucasian,"[0, 0, 0, 0, 1, 1, 1, 0, 0, 0, 0, 0]","[""ghetto"", ""white"", ""bitch""]",4,12,3,True,offensive,"[0, 0, 0, 0, 1, 1, 1, 0, 0, 0, 0, 0]","[""ghetto"", ""white"", ""bitch""]"
12705077_gab,val,congratulations welcome to the white honky cracker club,"[""congratulations"", ""welcome"", ""to"", ""the"", ""white"", ""honky"", ""cracker"", ""club""]",hatespeech,Caucasian,"[0, 0, 0, 0, 1, 1, 1, 0]","[""white"", ""honky"", ""cracker""]",4,8,3,True,hatespeech,"[0, 0, 0, 0, 1, 1, 1, 0]","[""white"", ""honky"", ""cracker""]"
12705077_gab,val,congratulations welcome to the white honky cracker club,"[""congratulations"", ""welcome"", ""to"", ""the"", ""white"", ""honky"", ""cracker"", ""club""]",offensive,Caucasian,"[0, 0, 0, 0, 1, 1, 1, 0]","[""white"", ""honky"", ""cracker""]",3,8,3,True,hatespeech,"[0, 0, 0, 0, 1, 1, 1, 0]","[""white"", ""honky"", ""cracker""]"
12705077_gab,val,congratulations welcome to the white honky cracker club,"[""congratulations"", ""welcome"", ""to"", ""the"", ""white"", ""honky"", ""cracker"", ""club""]",hatespeech,Caucasian,"[0, 0, 0, 0, 0, 1, 0, 0]","[""honky""]",39,8,1,True,hatespeech,"[0, 0, 0, 0, 1, 1, 1, 0]","[""white"", ""honky"", ""cracker""]"
15718894_gab,train,mudsharks set the movement back more than anything just having female leaders sets us back let alone being both female and a nigger lover wn is diametrically opposed to race mixing richard spencer is way better than her she wallows in the mud,"[""mudsharks"", ""set"", ""the"", ""movement"", ""back"", ""more"", ""than"", ""anything"", ""just"", ""having"", ""female"", ""leaders"", ""sets"", ""us"", ""back"", ""let"", ""alone"", ""being"", ""both"", ""female"", ""and"", ""a"", ""nigger"", ""lover"", ""wn"", ""is"", ""diametrically"", ""opposed"", ""to"", ""race"", ""mixing"", ""richard"", ""spencer"", ""is"", ""way"", ""better"", ""than"", ""her"", ""she"", ""wallows"", ""in"", ""the"", ""mud""]",hatespeech,Caucasian,"[1, 0, 0, 0, 0, 0, 0, 0, 1, 1, 1, 1, 1, 1, 1, 1, 1, 1, 1, 1, 1, 1, 1, 1, 0, 0, 0, 1, 1, 1, 1, 0, 0, 0, 0, 0, 0, 0, 1, 1, 1, 1, 1]","[""mudsharks"", ""just"", ""having"", ""female"", ""leaders"", ""sets"", ""us"", ""back"", ""let"", ""alone"", ""being"", ""both"", ""female"", ""and"", ""a"", ""nigger"", ""lover"", ""opposed"", ""to"", ""race"", ""mixing"", ""she"", ""wallows"", ""in"", ""the"", ""mud""]",4,43,26,True,hatespeech,"[1, 0, 0, 0, 0, 0, 0, 0, 0, 0, 0, 0, 0, 0, 0, 0, 0, 0, 0, 0, 0, 0, 1, 0, 0, 0, 0, 0, 0, 1, 1, 0, 0, 0, 0, 0, 0, 0, 0, 1, 1, 1, 1]","[""mudsharks"", ""nigger"", ""race"", ""mixing"", ""wallows"", ""in"", ""the"", ""mud""]"
1179100365209227264_twitter,train,i feel like me saying i wanna be a teacher and then in the same breath being like grammar is a fucking joke gives a lot of white boomers whiplash,"[""i"", ""feel"", ""like"", ""me"", ""saying"", ""i"", ""wanna"", ""be"", ""a"", ""teacher"", ""and"", ""then"", ""in"", ""the"", ""same"", ""breath"", ""being"", ""like"", ""grammar"", ""is"", ""a"", ""fucking"", ""joke"", ""gives"", ""a"", ""lot"", ""of"", ""white"", ""boomers"", ""whiplash""]",offensive,Caucasian,"[0, 0, 0, 0, 0, 0, 0, 0, 0, 0, 0, 0, 0, 0, 0, 0, 0, 0, 0, 0, 0, 0, 0, 0, 0, 0, 0, 1, 1, 0]","[""white"", ""boomers""]",101,30,2,True,offensive,"[0, 0, 0, 0, 0, 0, 0, 0, 0, 0, 0, 0, 0, 0, 0, 0, 0, 0, 0, 0, 0, 0, 0, 0, 0, 0, 0, 1, 1, 0]","[""white"", ""boomers""]"
6893433_gab,train,it sad when innocent whites die it not sad when subversive self hating whites die she was helping nonwhite moslem illegals stay in the country thereby acting against white interests she was killed by an illegal nonwhite moslem migrant it poetic,"[""it"", ""sad"", ""when"", ""innocent"", ""whites"", ""die"", ""it"", ""not"", ""sad"", ""when"", ""subversive"", ""self"", ""hating"", ""whites"", ""die"", ""she"", ""was"", ""helping"", ""nonwhite"", ""moslem"", ""illegals"", ""stay"", ""in"", ""the"", ""country"", ""thereby"", ""acting"", ""against"", ""white"", ""interests"", ""she"", ""was"", ""killed"", ""by"", ""an"", ""illegal"", ""nonwhite"", ""moslem"", ""migrant"", ""it"", ""poetic""]",hatespeech,Caucasian,"[0, 0, 0, 0, 0, 0, 0, 0, 0, 0, 1, 1, 1, 1, 1, 0, 0, 0, 1, 1, 1, 1, 0, 0, 0, 0, 0, 0, 1, 1, 0, 0, 0, 0, 0, 1, 1, 1, 1, 0, 0]","[""subversive"", ""self"", ""hating"", ""whites"", ""die"", ""nonwhite"", ""moslem"", ""illegals"", ""stay"", ""white"", ""interests"", ""illegal"", ""nonwhite"", ""moslem"", ""migrant""]",90,41,15,True,hatespeech,"[0, 0, 0, 0, 0, 0, 0, 0, 0, 0, 0, 0, 0, 0, 0, 0, 0, 0, 0, 1, 1, 0, 0, 0, 0, 0, 0, 0, 0, 0, 0, 0, 0, 0, 0, 1, 1, 1, 1, 0, 0]","[""moslem"", ""illegals"", ""illegal"", ""nonwhite"", ""moslem"", ""migrant""]"
16199191_gab,train,they are called liberals and we are called nazis by the msm mediacrats misapplication of terms began in 1 9 6 0 during vnw weathermen underground communists bill ayers and his bitch bernadine dohrn who schooled frank marshall davis son obama fathered with a mudshark porn hoe,"[""they"", ""are"", ""called"", ""liberals"", ""and"", ""we"", ""are"", ""called"", ""nazis"", ""by"", ""the"", ""msm"", ""mediacrats"", ""misapplication"", ""of"", ""terms"", ""began"", ""in"", ""1"", ""9"", ""6"", ""0"", ""during"", ""vnw"", ""weathermen"", ""underground"", ""communists"", ""bill"", ""ayers"", ""and"", ""his"", ""bitch"", ""bernadine"", ""dohrn"", ""who"", ""schooled"", ""frank"", ""marshall"", ""davis"", ""son"", ""obama"", ""fathered"", ""with"", ""a"", ""mudshark"", ""porn"", ""hoe""]",hatespeech,Caucasian,"[0, 0, 0, 0, 0, 0, 0, 0, 0, 0, 0, 0, 0, 0, 0, 0, 0, 0, 0, 0, 0, 0, 0, 0, 0, 0, 0, 0, 0, 0, 0, 1, 0, 0, 0, 0, 0, 0, 0, 0, 0, 0, 0, 0, 1, 1, 1]","[""bitch"", ""mudshark"", ""porn"", ""hoe""]",4,47,4,True,hatespeech,"[0, 0, 0, 0, 0, 0, 0, 0, 0, 0, 0, 0, 0, 0, 0, 0, 0, 0, 0, 0, 0, 0, 0, 0, 0, 0, 0, 0, 0, 0, 0, 0, 0, 0, 0, 0, 0, 0, 0, 0, 0, 0, 0, 0, 1, 1, 1]","[""mudshark"", ""porn"", ""hoe""]"
1178649070388367361_twitter,val,not even in an ironic way yall are not funny bro stop exposing me to these weird white people who overexpose themselves to <number> forms of media and come out retarded because of it,"[""not"", ""even"", ""in"", ""an"", ""ironic"", ""way"", ""yall"", ""are"", ""not"", ""funny"", ""bro"", ""stop"", ""exposing"", ""me"", ""to"", ""these"", ""weird"", ""white"", ""people"", ""who"", ""overexpose"", ""themselves"", ""to"", ""<number>"", ""forms"", ""of"", ""media"", ""and"", ""come"", ""out"", ""retarded"", ""because"", ""of"", ""it""]",offensive,Caucasian,"[0, 0, 0, 0, 0, 0, 0, 0, 0, 0, 0, 0, 0, 0, 0, 1, 1, 1, 1, 0, 0, 0, 0, 0, 0, 0, 0, 0, 0, 0, 0, 0, 0, 0]","[""these"", ""weird"", ""white"", ""people""]",2,34,4,True,offensive,"[0, 0, 0, 0, 0, 0, 0, 0, 0, 0, 0, 0, 0, 0, 0, 0, 0, 0, 0, 0, 0, 0, 0, 0, 0, 0, 0, 0, 0, 0, 1, 0, 0, 0]","[""retarded""]"
1178712263105974275_twitter,train,white boys and ghetto white girls make me sick i can not stand you all,"[""white"", ""boys"", ""and"", ""ghetto"", ""white"", ""girls"", ""make"", ""me"", ""sick"", ""i"", ""can"", ""not"", ""stand"", ""you"", ""all""]",offensive,Caucasian,"[1, 1, 0, 1, 1, 1, 0, 0, 0, 0, 0, 0, 0, 0, 0]","[""white"", ""boys"", ""ghetto"", ""white"", ""girls""]",156,15,5,True,hatespeech,"[1, 1, 0, 1, 1, 1, 0, 0, 0, 0, 0, 0, 0, 0, 0]","[""white"", ""boys"", ""ghetto"", ""white"", ""girls""]"
1178712263105974275_twitter,train,white boys and ghetto white girls make me sick i can not stand you all,"[""white"", ""boys"", ""and"", ""ghetto"", ""white"", ""girls"", ""make"", ""me"", ""sick"", ""i"", ""can"", ""not"", ""stand"", ""you"", ""all""]",hatespeech,Caucasian,"[1, 1, 0, 1, 1, 1, 0, 0, 0, 0, 0, 0, 0, 0, 0]","[""white"", ""boys"", ""ghetto"", ""white"", ""girls""]",128,15,5,True,hatespeech,"[1, 1, 0, 1, 1, 1, 0, 0, 0, 0, 0, 0, 0, 0, 0]","[""white"", ""boys"", ""ghetto"", ""white"", ""girls""]"
1178712263105974275_twitter,train,white boys and ghetto white girls make me sick i can not stand you all,"[""white"", ""boys"", ""and"", ""ghetto"", ""white"", ""girls"", ""make"", ""me"", ""sick"", ""i"", ""can"", ""not"", ""stand"", ""you"", ""all""]",hatespeech,Caucasian,"[1, 1, 1, 1, 1, 1, 1, 1, 1, 1, 1, 1, 1, 1, 1]","[""white"", ""boys"", ""and"", ""ghetto"", ""white"", ""girls"", ""make"", ""me"", ""sick"", ""i"", ""can"", ""not"", ""stand"", ""you"", ""all""]",4,15,15,True,hatespeech,"[1, 1, 0, 1, 1, 1, 0, 0, 0, 0, 0, 0, 0, 0, 0]","[""white"", ""boys"", ""ghetto"", ""white"", ""girls""]"
18869501_gab,test,what the fuck is a snow nigger,"[""what"", ""the"", ""fuck"", ""is"", ""a"", ""snow"", ""nigger""]",hatespeech,Caucasian,"[0, 0, 0, 0, 0, 1, 1]","[""snow"", ""nigger""]",4,7,2,True,hatespeech,"[0, 0, 0, 0, 0, 0, 1]","[""nigger""]"
1178270987797848064_twitter,train,<user> marrying a white devil just did not change your color and you will still be black when she divorces 🤷 🏽 ‍ ♀️,"[""<user>"", ""marrying"", ""a"", ""white"", ""devil"", ""just"", ""did"", ""not"", ""change"", ""your"", ""color"", ""and"", ""you"", ""will"", ""still"", ""be"", ""black"", ""when"", ""she"", ""divorces"", ""\ud83e\udd37"", ""\ud83c\udffd"", ""\u200d"", ""\u2640\ufe0f""]",hatespeech,Caucasian,"[0, 0, 0, 1, 1, 0, 0, 0, 0, 0, 0, 0, 0, 0, 0, 0, 0, 0, 0, 0, 0, 0, 0, 0]","[""white"", ""devil""]",4,24,2,True,hatespeech,"[0, 0, 0, 1, 1, 0, 0, 0, 0, 0, 0, 0, 0, 0, 0, 0, 0, 0, 0, 0, 0, 0, 0, 0]","[""white"", ""devil""]"
1179068092086984704_twitter,train,that white devil ain t low 😒,"[""that"", ""white"", ""devil"", ""ain"", ""t"", ""low"", ""\ud83d\ude12""]",offensive,Caucasian,"[0, 1, 1, 0, 0, 0, 0]","[""white"", ""devil""]",46,7,2,True,offensive,"[0, 1, 1, 0, 0, 0, 0]","[""white"", ""devil""]"
1179068092086984704_twitter,train,that white devil ain t low 😒,"[""that"", ""white"", ""devil"", ""ain"", ""t"", ""low"", ""\ud83d\ude12""]",offensive,Caucasian,"[0, 1, 1, 0, 0, 0, 0]","[""white"", ""devil""]",4,7,2,True,offensive,"[0, 1, 1, 0, 0, 0, 0]","[""white"", ""devil""]"
1179068092086984704_twitter,train,that white devil ain t low 😒,"[""that"", ""white"", ""devil"", ""ain"", ""t"", ""low"", ""\ud83d\ude12""]",offensive,Caucasian,"[0, 1, 1, 0, 0, 0, 0]","[""white"", ""devil""]",3,7,2,True,offensive,"[0, 1, 1, 0, 0, 0, 0]","[""white"", ""devil""]"
8213875_gab,train,you forgot the part where a faggot zero fucked some nignog from africa who had fucked some other nignog who fucked a monkey b then american women started fucking these faggots and then fucked normal men and smuggled the virus from fags and junkies to regular people,"[""you"", ""forgot"", ""the"", ""part"", ""where"", ""a"", ""faggot"", ""zero"", ""fucked"", ""some"", ""nignog"", ""from"", ""africa"", ""who"", ""had"", ""fucked"", ""some"", ""other"", ""nignog"", ""who"", ""fucked"", ""a"", ""monkey"", ""b"", ""then"", ""american"", ""women"", ""started"", ""fucking"", ""these"", ""faggots"", ""and"", ""then"", ""fucked"", ""normal"", ""men"", ""and"", ""smuggled"", ""the"", ""virus"", ""from"", ""fags"", ""and"", ""junkies"", ""to"", ""regular"", ""people""]",hatespeech,Caucasian,"[0, 0, 0, 0, 0, 0, 1, 1, 1, 1, 1, 1, 1, 1, 1, 1, 1, 1, 1, 1, 1, 1, 1, 0, 1, 1, 1, 1, 1, 1, 1, 1, 1, 1, 1, 1, 1, 1, 1, 1, 1, 1, 1, 1, 1, 1, 1]","[""faggot"", ""zero"", ""fucked"", ""some"", ""nignog"", ""from"", ""africa"", ""who"", ""had"", ""fucked"", ""some"", ""other"", ""nignog"", ""who"", ""fucked"", ""a"", ""monkey"", ""then"", ""american"", ""women"", ""started"", ""fucking"", ""these"", ""faggots"", ""and"", ""then"", ""fucked"", ""normal"", ""men"", ""and"", ""smuggled"", ""the"", ""virus"", ""from"", ""fags"", ""and"", ""junkies"", ""to"", ""regular"", ""people""]",4,47,40,True,hatespeech,"[0, 0, 0, 0, 0, 0, 1, 0, 0, 0, 1, 0, 0, 0, 0, 0, 0, 0, 1, 0, 1, 1, 1, 0, 0, 0, 0, 0, 0, 0, 1, 0, 0, 0, 0, 0, 0, 0, 0, 0, 0, 1, 0, 0, 0, 0, 0]","[""faggot"", ""nignog"", ""nignog"", ""fucked"", ""a"", ""monkey"", ""faggots"", ""fags""]"
1178918826253045762_twitter,train,seen hustlers today n i just wanna say that white bitch was annoying throwing up every <number> seconds 😴 🙄 if u can not deal get out the game biitch ‼️,"[""seen"", ""hustlers"", ""today"", ""n"", ""i"", ""just"", ""wanna"", ""say"", ""that"", ""white"", ""bitch"", ""was"", ""annoying"", ""throwing"", ""up"", ""every"", ""<number>"", ""seconds"", ""\ud83d\ude34"", ""\ud83d\ude44"", ""if"", ""u"", ""can"", ""not"", ""deal"", ""get"", ""out"", ""the"", ""game"", ""biitch"", ""\u203c\ufe0f""]",offensive,Caucasian,"[0, 0, 0, 0, 0, 0, 0, 0, 0, 1, 1, 0, 0, 0, 0, 0, 0, 0, 0, 0, 0, 0, 0, 0, 0, 0, 0, 0, 0, 1, 0]","[""white"", ""bitch"", ""biitch""]",46,31,3,True,offensive,"[0, 0, 0, 0, 0, 0, 0, 0, 0, 1, 1, 0, 0, 0, 0, 0, 0, 0, 0, 0, 0, 0, 0, 0, 0, 0, 0, 0, 0, 0, 0]","[""white"", ""bitch""]"
1178918826253045762_twitter,train,seen hustlers today n i just wanna say that white bitch was annoying throwing up every <number> seconds 😴 🙄 if u can not deal get out the game biitch ‼️,"[""seen"", ""hustlers"", ""today"", ""n"", ""i"", ""just"", ""wanna"", ""say"", ""that"", ""white"", ""bitch"", ""was"", ""annoying"", ""throwing"", ""up"", ""every"", ""<number>"", ""seconds"", ""\ud83d\ude34"", ""\ud83d\ude44"", ""if"", ""u"", ""can"", ""not"", ""deal"", ""get"", ""out"", ""the"", ""game"", ""biitch"", ""\u203c\ufe0f""]",offensive,Caucasian,"[0, 0, 0, 0, 0, 0, 0, 0, 0, 1, 1, 1, 1, 0, 0, 0, 0, 0, 0, 0, 0, 0, 0, 0, 0, 0, 0, 0, 0, 0, 0]","[""white"", ""bitch"", ""was"", ""annoying""]",53,31,4,True,offensive,"[0, 0, 0, 0, 0, 0, 0, 0, 0, 1, 1, 0, 0, 0, 0, 0, 0, 0, 0, 0, 0, 0, 0, 0, 0, 0, 0, 0, 0, 0, 0]","[""white"", ""bitch""]"
1178918826253045762_twitter,train,seen hustlers today n i just wanna say that white bitch was annoying throwing up every <number> seconds 😴 🙄 if u can not deal get out the game biitch ‼️,"[""seen"", ""hustlers"", ""today"", ""n"", ""i"", ""just"", ""wanna"", ""say"", ""that"", ""white"", ""bitch"", ""was"", ""annoying"", ""throwing"", ""up"", ""every"", ""<number>"", ""seconds"", ""\ud83d\ude34"", ""\ud83d\ude44"", ""if"", ""u"", ""can"", ""not"", ""deal"", ""get"", ""out"", ""the"", ""game"", ""biitch"", ""\u203c\ufe0f""]",offensive,Caucasian,"[0, 0, 0, 0, 0, 0, 0, 0, 0, 1, 1, 0, 0, 0, 0, 0, 0, 0, 0, 0, 0, 0, 0, 0, 0, 0, 0, 0, 0, 0, 0]","[""white"", ""bitch""]",4,31,2,True,offensive,"[0, 0, 0, 0, 0, 0, 0, 0, 0, 1, 1, 0, 0, 0, 0, 0, 0, 0, 0, 0, 0, 0, 0, 0, 0, 0, 0, 0, 0, 0, 0]","[""white"", ""bitch""]"
1178804375424249862_twitter,train,<user> <user> <user> if the firefighters were as white and useless as zaid in seeing the situation in front of them yes i d tell them not to fuck with my house because they d probably help burn it down,"[""<user>"", ""<user>"", ""<user>"", ""if"", ""the"", ""firefighters"", ""were"", ""as"", ""white"", ""and"", ""useless"", ""as"", ""zaid"", ""in"", ""seeing"", ""the"", ""situation"", ""in"", ""front"", ""of"", ""them"", ""yes"", ""i"", ""d"", ""tell"", ""them"", ""not"", ""to"", ""fuck"", ""with"", ""my"", ""house"", ""because"", ""they"", ""d"", ""probably"", ""help"", ""burn"", ""it"", ""down""]",offensive,Caucasian,"[0, 0, 0, 0, 0, 0, 0, 0, 1, 1, 1, 0, 0, 0, 0, 0, 0, 0, 0, 0, 0, 0, 0, 0, 0, 0, 0, 0, 0, 0, 0, 0, 0, 0, 0, 0, 0, 0, 0, 0]","[""white"", ""and"", ""useless""]",46,40,3,True,offensive,"[0, 0, 0, 0, 0, 0, 0, 0, 1, 1, 1, 0, 0, 0, 0, 0, 0, 0, 0, 0, 0, 0, 0, 0, 0, 0, 0, 0, 0, 0, 0, 0, 0, 0, 0, 0, 0, 0, 0, 0]","[""white"", ""and"", ""useless""]"
1178804375424249862_twitter,train,<user> <user> <user> if the firefighters were as white and useless as zaid in seeing the situation in front of them yes i d tell them not to fuck with my house because they d probably help burn it down,"[""<user>"", ""<user>"", ""<user>"", ""if"", ""the"", ""firefighters"", ""were"", ""as"", ""white"", ""and"", ""useless"", ""as"", ""zaid"", ""in"", ""seeing"", ""the"", ""situation"", ""in"", ""front"", ""of"", ""them"", ""yes"", ""i"", ""d"", ""tell"", ""them"", ""not"", ""to"", ""fuck"", ""with"", ""my"", ""house"", ""because"", ""they"", ""d"", ""probably"", ""help"", ""burn"", ""it"", ""down""]",offensive,Caucasian,"[0, 0, 0, 0, 0, 0, 0, 0, 1, 1, 1, 1, 1, 0, 0, 0, 0, 0, 0, 0, 0, 0, 0, 0, 0, 0, 0, 0, 0, 0, 0, 0, 0, 0, 0, 0, 0, 0, 0, 0]","[""white"", ""and"", ""useless"", ""as"", ""zaid""]",53,40,5,True,offensive,"[0, 0, 0, 0, 0, 0, 0, 0, 1, 1, 1, 0, 0, 0, 0, 0, 0, 0, 0, 0, 0, 0, 0, 0, 0, 0, 0, 0, 0, 0, 0, 0, 0, 0, 0, 0, 0, 0, 0, 0]","[""white"", ""and"", ""useless""]"
1178804375424249862_twitter,train,<user> <user> <user> if the firefighters were as white and useless as zaid in seeing the situation in front of them yes i d tell them not to fuck with my house because they d probably help burn it down,"[""<user>"", ""<user>"", ""<user>"", ""if"", ""the"", ""firefighters"", ""were"", ""as"", ""white"", ""and"", ""useless"", ""as"", ""zaid"", ""in"", ""seeing"", ""the"", ""situation"", ""in"", ""front"", ""of"", ""them"", ""yes"", ""i"", ""d"", ""tell"", ""them"", ""not"", ""to"", ""fuck"", ""with"", ""my"", ""house"", ""because"", ""they"", ""d"", ""probably"", ""help"", ""burn"", ""it"", ""down""]",offensive,Caucasian,"[0, 0, 0, 0, 0, 0, 0, 0, 1, 1, 1, 0, 0, 0, 0, 0, 0, 0, 0, 0, 0, 0, 0, 0, 0, 0, 0, 0, 0, 0, 0, 0, 0, 0, 0, 0, 0, 0, 0, 0]","[""white"", ""and"", ""useless""]",1,40,3,True,offensive,"[0, 0, 0, 0, 0, 0, 0, 0, 1, 1, 1, 0, 0, 0, 0, 0, 0, 0, 0, 0, 0, 0, 0, 0, 0, 0, 0, 0, 0, 0, 0, 0, 0, 0, 0, 0, 0, 0, 0, 0]","[""white"", ""and"", ""useless""]"
19679152_gab,train,be good for you to knock off promoting the fictional kike faggot jesus christ insanity perversion in general,"[""be"", ""good"", ""for"", ""you"", ""to"", ""knock"", ""off"", ""promoting"", ""the"", ""fictional"", ""kike"", ""faggot"", ""jesus"", ""christ"", ""insanity"", ""perversion"", ""in"", ""general""]",hatespeech,Caucasian,"[0, 0, 0, 0, 0, 0, 0, 0, 0, 0, 1, 1, 0, 0, 0, 0, 0, 0]","[""kike"", ""faggot""]",108,18,2,True,hatespeech,"[0, 0, 0, 0, 0, 0, 0, 0, 0, 0, 1, 1, 0, 0, 0, 0, 0, 0]","[""kike"", ""faggot""]"
1179072630718115843_twitter,train,the white bitch got found guilty yes lord,"[""the"", ""white"", ""bitch"", ""got"", ""found"", ""guilty"", ""yes"", ""lord""]",offensive,Caucasian,"[0, 1, 1, 0, 0, 0, 0, 0]","[""white"", ""bitch""]",3,8,2,True,offensive,"[0, 1, 1, 0, 0, 0, 0, 0]","[""white"", ""bitch""]"
1179072630718115843_twitter,train,the white bitch got found guilty yes lord,"[""the"", ""white"", ""bitch"", ""got"", ""found"", ""guilty"", ""yes"", ""lord""]",offensive,Caucasian,"[0, 1, 1, 0, 0, 0, 0, 0]","[""white"", ""bitch""]",4,8,2,True,offensive,"[0, 1, 1, 0, 0, 0, 0, 0]","[""white"", ""bitch""]"
1178748502849052672_twitter,test,you know those women you see around that have that trailer trash made up look with the bad eye makeup messy bun padded bra and super skinny meth body yeah they are probably meth addicts — author unknown,"[""you"", ""know"", ""those"", ""women"", ""you"", ""see"", ""around"", ""that"", ""have"", ""that"", ""trailer"", ""trash"", ""made"", ""up"", ""look"", ""with"", ""the"", ""bad"", ""eye"", ""makeup"", ""messy"", ""bun"", ""padded"", ""bra"", ""and"", ""super"", ""skinny"", ""meth"", ""body"", ""yeah"", ""they"", ""are"", ""probably"", ""meth"", ""addicts"", ""\u2014"", ""author"", ""unknown""]",offensive,Caucasian,"[0, 0, 0, 0, 0, 0, 0, 0, 0, 0, 1, 1, 0, 0, 0, 0, 0, 0, 0, 0, 0, 0, 0, 0, 0, 0, 0, 0, 0, 0, 0, 0, 0, 0, 0, 0, 0, 0]","[""trailer"", ""trash""]",4,38,2,True,offensive,"[0, 0, 0, 0, 0, 0, 0, 0, 0, 0, 1, 1, 0, 0, 0, 0, 0, 0, 0, 0, 0, 0, 0, 0, 0, 0, 0, 0, 0, 0, 0, 0, 0, 0, 0, 0, 0, 0]","[""trailer"", ""trash""]"
1179059868784844800_twitter,train,guilty white hoe ass retarded bad female cops,"[""guilty"", ""white"", ""hoe"", ""ass"", ""retarded"", ""bad"", ""female"", ""cops""]",offensive,Caucasian,"[0, 1, 1, 1, 1, 0, 0, 0]","[""white"", ""hoe"", ""ass"", ""retarded""]",4,8,4,True,offensive,"[0, 1, 1, 0, 1, 0, 0, 0]","[""white"", ""hoe"", ""retarded""]"
1179047042242535425_twitter,train,if the jury is fucked up over that white whore retarded cop in texas then they need to get common sense they are spending too much time on the life of a worthless hoe that did not give a damn about jean life fuck that hoe to death hell,"[""if"", ""the"", ""jury"", ""is"", ""fucked"", ""up"", ""over"", ""that"", ""white"", ""whore"", ""retarded"", ""cop"", ""in"", ""texas"", ""then"", ""they"", ""need"", ""to"", ""get"", ""common"", ""sense"", ""they"", ""are"", ""spending"", ""too"", ""much"", ""time"", ""on"", ""the"", ""life"", ""of"", ""a"", ""worthless"", ""hoe"", ""that"", ""did"", ""not"", ""give"", ""a"", ""damn"", ""about"", ""jean"", ""life"", ""fuck"", ""that"", ""hoe"", ""to"", ""death"", ""hell""]",offensive,Caucasian,"[0, 0, 0, 0, 0, 0, 0, 0, 1, 1, 0, 0, 0, 0, 0, 0, 0, 0, 0, 0, 0, 0, 0, 0, 0, 0, 0, 0, 0, 0, 0, 0, 0, 1, 0, 0, 0, 0, 0, 0, 0, 0, 0, 0, 0, 1, 0, 0, 0]","[""white"", ""whore"", ""hoe"", ""hoe""]",4,49,4,True,offensive,"[0, 0, 0, 0, 0, 0, 0, 0, 1, 1, 1, 0, 0, 0, 0, 0, 0, 0, 0, 0, 0, 0, 0, 0, 0, 0, 0, 0, 0, 0, 0, 0, 0, 1, 0, 0, 0, 0, 0, 0, 0, 0, 0, 0, 0, 1, 0, 0, 0]","[""white"", ""whore"", ""retarded"", ""hoe"", ""hoe""]"
1178986984930455553_twitter,train,you all i got thrown in twitter jail for replying to <user> tweet about ivanka my reply was this utter white trash wtf,"[""you"", ""all"", ""i"", ""got"", ""thrown"", ""in"", ""twitter"", ""jail"", ""for"", ""replying"", ""to"", ""<user>"", ""tweet"", ""about"", ""ivanka"", ""my"", ""reply"", ""was"", ""this"", ""utter"", ""white"", ""trash"", ""wtf""]",hatespeech,Caucasian,"[0, 0, 0, 0, 0, 0, 0, 0, 0, 0, 0, 0, 0, 0, 0, 0, 0, 0, 0, 1, 1, 1, 0]","[""utter"", ""white"", ""trash""]",4,23,3,True,hatespeech,"[0, 0, 0, 0, 0, 0, 0, 0, 0, 0, 0, 0, 0, 0, 0, 0, 0, 0, 0, 1, 1, 1, 0]","[""utter"", ""white"", ""trash""]"
1178986984930455553_twitter,train,you all i got thrown in twitter jail for replying to <user> tweet about ivanka my reply was this utter white trash wtf,"[""you"", ""all"", ""i"", ""got"", ""thrown"", ""in"", ""twitter"", ""jail"", ""for"", ""replying"", ""to"", ""<user>"", ""tweet"", ""about"", ""ivanka"", ""my"", ""reply"", ""was"", ""this"", ""utter"", ""white"", ""trash"", ""wtf""]",hatespeech,Caucasian,"[0, 0, 0, 0, 0, 0, 0, 0, 0, 0, 0, 0, 0, 0, 0, 0, 0, 0, 0, 1, 1, 1, 0]","[""utter"", ""white"", ""trash""]",60,23,3,True,hatespeech,"[0, 0, 0, 0, 0, 0, 0, 0, 0, 0, 0, 0, 0, 0, 0, 0, 0, 0, 0, 1, 1, 1, 0]","[""utter"", ""white"", ""trash""]"
1178600318482997248_twitter,train,<user> <user> you have completely halted trying to fight what we are saying because its true all you have left is these haha look at these guys replies left you stupid poor white trash wigger fuck,"[""<user>"", ""<user>"", ""you"", ""have"", ""completely"", ""halted"", ""trying"", ""to"", ""fight"", ""what"", ""we"", ""are"", ""saying"", ""because"", ""its"", ""true"", ""all"", ""you"", ""have"", ""left"", ""is"", ""these"", ""haha"", ""look"", ""at"", ""these"", ""guys"", ""replies"", ""left"", ""you"", ""stupid"", ""poor"", ""white"", ""trash"", ""wigger"", ""fuck""]",offensive,Caucasian,"[0, 0, 0, 0, 0, 0, 0, 0, 0, 0, 0, 0, 0, 0, 0, 0, 0, 0, 0, 0, 0, 0, 0, 0, 0, 0, 0, 0, 0, 0, 1, 1, 1, 1, 1, 1]","[""stupid"", ""poor"", ""white"", ""trash"", ""wigger"", ""fuck""]",2,36,6,True,offensive,"[0, 0, 0, 0, 0, 0, 0, 0, 0, 0, 0, 0, 0, 0, 0, 0, 0, 0, 0, 0, 0, 0, 0, 0, 0, 0, 0, 0, 0, 0, 0, 0, 1, 1, 1, 1]","[""white"", ""trash"", ""wigger"", ""fuck""]"
1178600318482997248_twitter,train,<user> <user> you have completely halted trying to fight what we are saying because its true all you have left is these haha look at these guys replies left you stupid poor white trash wigger fuck,"[""<user>"", ""<user>"", ""you"", ""have"", ""completely"", ""halted"", ""trying"", ""to"", ""fight"", ""what"", ""we"", ""are"", ""saying"", ""because"", ""its"", ""true"", ""all"", ""you"", ""have"", ""left"", ""is"", ""these"", ""haha"", ""look"", ""at"", ""these"", ""guys"", ""replies"", ""left"", ""you"", ""stupid"", ""poor"", ""white"", ""trash"", ""wigger"", ""fuck""]",offensive,Caucasian,"[0, 0, 0, 0, 0, 0, 0, 0, 0, 0, 0, 0, 0, 0, 0, 0, 0, 0, 0, 0, 0, 0, 0, 0, 0, 0, 0, 0, 0, 0, 0, 0, 1, 1, 1, 0]","[""white"", ""trash"", ""wigger""]",1,36,3,True,offensive,"[0, 0, 0, 0, 0, 0, 0, 0, 0, 0, 0, 0, 0, 0, 0, 0, 0, 0, 0, 0, 0, 0, 0, 0, 0, 0, 0, 0, 0, 0, 0, 0, 1, 1, 1, 1]","[""white"", ""trash"", ""wigger"", ""fuck""]"
1178600318482997248_twitter,train,<user> <user> you have completely halted trying to fight what we are saying because its true all you have left is these haha look at these guys replies left you stupid poor white trash wigger fuck,"[""<user>"", ""<user>"", ""you"", ""have"", ""completely"", ""halted"", ""trying"", ""to"", ""fight"", ""what"", ""we"", ""are"", ""saying"", ""because"", ""its"", ""true"", ""all"", ""you"", ""have"", ""left"", ""is"", ""these"", ""haha"", ""look"", ""at"", ""these"", ""guys"", ""replies"", ""left"", ""you"", ""stupid"", ""poor"", ""white"", ""trash"", ""wigger"", ""fuck""]",offensive,Caucasian,"[0, 0, 0, 0, 0, 0, 0, 0, 0, 0, 0, 0, 0, 0, 0, 0, 0, 0, 0, 0, 0, 0, 0, 0, 0, 0, 0, 0, 0, 0, 0, 0, 1, 1, 1, 1]","[""white"", ""trash"", ""wigger"", ""fuck""]",3,36,4,True,offensive,"[0, 0, 0, 0, 0, 0, 0, 0, 0, 0, 0, 0, 0, 0, 0, 0, 0, 0, 0, 0, 0, 0, 0, 0, 0, 0, 0, 0, 0, 0, 0, 0, 1, 1, 1, 1]","[""white"", ""trash"", ""wigger"", ""fuck""]"
22582153_gab,val,it ll work as long as you only arm the whites the niglets would just shoot all the white kids if they had guns,"[""it"", ""ll"", ""work"", ""as"", ""long"", ""as"", ""you"", ""only"", ""arm"", ""the"", ""whites"", ""the"", ""niglets"", ""would"", ""just"", ""shoot"", ""all"", ""the"", ""white"", ""kids"", ""if"", ""they"", ""had"", ""guns""]",hatespeech,Caucasian,"[1, 1, 1, 1, 1, 1, 1, 1, 1, 1, 1, 1, 1, 1, 1, 1, 1, 1, 1, 1, 1, 1, 1, 1]","[""it"", ""ll"", ""work"", ""as"", ""long"", ""as"", ""you"", ""only"", ""arm"", ""the"", ""whites"", ""the"", ""niglets"", ""would"", ""just"", ""shoot"", ""all"", ""the"", ""white"", ""kids"", ""if"", ""they"", ""had"", ""guns""]",4,24,24,True,hatespeech,"[0, 0, 0, 0, 0, 0, 0, 0, 0, 0, 0, 0, 1, 0, 0, 0, 0, 0, 0, 0, 0, 0, 0, 0]","[""niglets""]"
15638271_gab,val,we have another one white knighting for a cam whore mudshark,"[""we"", ""have"", ""another"", ""one"", ""white"", ""knighting"", ""for"", ""a"", ""cam"", ""whore"", ""mudshark""]",hatespeech,Caucasian,"[0, 0, 0, 0, 0, 0, 0, 0, 0, 1, 1]","[""whore"", ""mudshark""]",4,11,2,True,hatespeech,"[0, 0, 0, 0, 0, 0, 0, 0, 0, 1, 1]","[""whore"", ""mudshark""]"
1178655780029042688_twitter,train,<user> <user> <user> what mother fucker your white ass think his black ass playing with your white asses wigger please he dead ass that a no go my ass would cancel that show just to be safe and protect everyone asses in that town <user> out here saving lives,"[""<user>"", ""<user>"", ""<user>"", ""what"", ""mother"", ""fucker"", ""your"", ""white"", ""ass"", ""think"", ""his"", ""black"", ""ass"", ""playing"", ""with"", ""your"", ""white"", ""asses"", ""wigger"", ""please"", ""he"", ""dead"", ""ass"", ""that"", ""a"", ""no"", ""go"", ""my"", ""ass"", ""would"", ""cancel"", ""that"", ""show"", ""just"", ""to"", ""be"", ""safe"", ""and"", ""protect"", ""everyone"", ""asses"", ""in"", ""that"", ""town"", ""<user>"", ""out"", ""here"", ""saving"", ""lives""]",offensive,Caucasian,"[0, 0, 0, 0, 0, 0, 0, 1, 1, 0, 0, 1, 1, 0, 0, 0, 1, 1, 0, 0, 0, 0, 0, 0, 0, 0, 0, 0, 0, 0, 0, 0, 0, 0, 0, 0, 0, 0, 0, 0, 0, 0, 0, 0, 0, 0, 0, 0, 0]","[""white"", ""ass"", ""black"", ""ass"", ""white"", ""asses""]",97,49,6,True,offensive,"[0, 0, 0, 0, 0, 0, 0, 1, 1, 0, 0, 1, 1, 0, 0, 0, 1, 1, 1, 0, 0, 0, 0, 0, 0, 0, 0, 0, 0, 0, 0, 0, 0, 0, 0, 0, 0, 0, 0, 0, 0, 0, 0, 0, 0, 0, 0, 0, 0]","[""white"", ""ass"", ""black"", ""ass"", ""white"", ""asses"", ""wigger""]"
1178655780029042688_twitter,train,<user> <user> <user> what mother fucker your white ass think his black ass playing with your white asses wigger please he dead ass that a no go my ass would cancel that show just to be safe and protect everyone asses in that town <user> out here saving lives,"[""<user>"", ""<user>"", ""<user>"", ""what"", ""mother"", ""fucker"", ""your"", ""white"", ""ass"", ""think"", ""his"", ""black"", ""ass"", ""playing"", ""with"", ""your"", ""white"", ""asses"", ""wigger"", ""please"", ""he"", ""dead"", ""ass"", ""that"", ""a"", ""no"", ""go"", ""my"", ""ass"", ""would"", ""cancel"", ""that"", ""show"", ""just"", ""to"", ""be"", ""safe"", ""and"", ""protect"", ""everyone"", ""asses"", ""in"", ""that"", ""town"", ""<user>"", ""out"", ""here"", ""saving"", ""lives""]",offensive,Caucasian,"[0, 0, 0, 0, 0, 0, 1, 1, 1, 0, 0, 0, 0, 0, 0, 0, 0, 0, 1, 0, 0, 0, 0, 0, 0, 0, 0, 0, 0, 0, 0, 0, 0, 0, 0, 0, 0, 0, 0, 0, 0, 0, 0, 0, 0, 0, 0, 0, 0]","[""your"", ""white"", ""ass"", ""wigger""]",1,49,4,True,offensive,"[0, 0, 0, 0, 0, 0, 0, 1, 1, 0, 0, 1, 1, 0, 0, 0, 1, 1, 1, 0, 0, 0, 0, 0, 0, 0, 0, 0, 0, 0, 0, 0, 0, 0, 0, 0, 0, 0, 0, 0, 0, 0, 0, 0, 0, 0, 0, 0, 0]","[""white"", ""ass"", ""black"", ""ass"", ""white"", ""asses"", ""wigger""]"
1178655780029042688_twitter,train,<user> <user> <user> what mother fucker your white ass think his black ass playing with your white asses wigger please he dead ass that a no go my ass would cancel that show just to be safe and protect everyone asses in that town <user> out here saving lives,"[""<user>"", ""<user>"", ""<user>"", ""what"", ""mother"", ""fucker"", ""your"", ""white"", ""ass"", ""think"", ""his"", ""black"", ""ass"", ""playing"", ""with"", ""your"", ""white"", ""asses"", ""wigger"", ""please"", ""he"", ""dead"", ""ass"", ""that"", ""a"", ""no"", ""go"", ""my"", ""ass"", ""would"", ""cancel"", ""that"", ""show"", ""just"", ""to"", ""be"", ""safe"", ""and"", ""protect"", ""everyone"", ""asses"", ""in"", ""that"", ""town"", ""<user>"", ""out"", ""here"", ""saving"", ""lives""]",offensive,Caucasian,"[0, 0, 0, 0, 0, 0, 0, 1, 1, 0, 0, 1, 1, 0, 0, 0, 1, 1, 1, 0, 0, 0, 0, 0, 0, 0, 0, 0, 0, 0, 0, 0, 0, 0, 0, 0, 0, 0, 0, 0, 0, 0, 0, 0, 0, 0, 0, 0, 0]","[""white"", ""ass"", ""black"", ""ass"", ""white"", ""asses"", ""wigger""]",52,49,7,True,offensive,"[0, 0, 0, 0, 0, 0, 0, 1, 1, 0, 0, 1, 1, 0, 0, 0, 1, 1, 1, 0, 0, 0, 0, 0, 0, 0, 0, 0, 0, 0, 0, 0, 0, 0, 0, 0, 0, 0, 0, 0, 0, 0, 0, 0, 0, 0, 0, 0, 0]","[""white"", ""ass"", ""black"", ""ass"", ""white"", ""asses"", ""wigger""]"
1178837824625401856_twitter,train,hogan is the definition of white trash,"[""hogan"", ""is"", ""the"", ""definition"", ""of"", ""white"", ""trash""]",offensive,Caucasian,"[0, 0, 0, 0, 0, 1, 1]","[""white"", ""trash""]",4,7,2,True,offensive,"[0, 0, 0, 0, 0, 1, 1]","[""white"", ""trash""]"
1178837824625401856_twitter,train,hogan is the definition of white trash,"[""hogan"", ""is"", ""the"", ""definition"", ""of"", ""white"", ""trash""]",offensive,Caucasian,"[0, 0, 0, 0, 0, 1, 1]","[""white"", ""trash""]",1,7,2,True,offensive,"[0, 0, 0, 0, 0, 1, 1]","[""white"", ""trash""]"
1178837824625401856_twitter,train,hogan is the definition of white trash,"[""hogan"", ""is"", ""the"", ""definition"", ""of"", ""white"", ""trash""]",offensive,Caucasian,"[0, 0, 0, 0, 0, 1, 1]","[""white"", ""trash""]",52,7,2,True,offensive,"[0, 0, 0, 0, 0, 1, 1]","[""white"", ""trash""]"
1178827797525078021_twitter,train,<user> <user> do not think she fetishizing she from toledo nuthin but meth addict white trailer trash there,"[""<user>"", ""<user>"", ""do"", ""not"", ""think"", ""she"", ""fetishizing"", ""she"", ""from"", ""toledo"", ""nuthin"", ""but"", ""meth"", ""addict"", ""white"", ""trailer"", ""trash"", ""there""]",offensive,Caucasian,"[0, 0, 0, 0, 0, 0, 0, 0, 0, 0, 0, 0, 1, 1, 1, 1, 1, 0]","[""meth"", ""addict"", ""white"", ""trailer"", ""trash""]",91,18,5,True,offensive,"[0, 0, 0, 0, 0, 0, 0, 0, 0, 0, 0, 0, 1, 1, 1, 1, 1, 0]","[""meth"", ""addict"", ""white"", ""trailer"", ""trash""]"
1178827797525078021_twitter,train,<user> <user> do not think she fetishizing she from toledo nuthin but meth addict white trailer trash there,"[""<user>"", ""<user>"", ""do"", ""not"", ""think"", ""she"", ""fetishizing"", ""she"", ""from"", ""toledo"", ""nuthin"", ""but"", ""meth"", ""addict"", ""white"", ""trailer"", ""trash"", ""there""]",offensive,Caucasian,"[0, 0, 0, 0, 0, 0, 0, 0, 0, 0, 0, 0, 1, 1, 1, 1, 1, 0]","[""meth"", ""addict"", ""white"", ""trailer"", ""trash""]",66,18,5,True,offensive,"[0, 0, 0, 0, 0, 0, 0, 0, 0, 0, 0, 0, 1, 1, 1, 1, 1, 0]","[""meth"", ""addict"", ""white"", ""trailer"", ""trash""]"
1178827797525078021_twitter,train,<user> <user> do not think she fetishizing she from toledo nuthin but meth addict white trailer trash there,"[""<user>"", ""<user>"", ""do"", ""not"", ""think"", ""she"", ""fetishizing"", ""she"", ""from"", ""toledo"", ""nuthin"", ""but"", ""meth"", ""addict"", ""white"", ""trailer"", ""trash"", ""there""]",offensive,Caucasian,"[0, 0, 0, 0, 0, 0, 0, 0, 0, 0, 0, 0, 0, 0, 1, 1, 1, 0]","[""white"", ""trailer"", ""trash""]",4,18,3,True,offensive,"[0, 0, 0, 0, 0, 0, 0, 0, 0, 0, 0, 0, 1, 1, 1, 1, 1, 0]","[""meth"", ""addict"", ""white"", ""trailer"", ""trash""]"
1178747946998874114_twitter,train,<user> can you imagine the media and public outrage if that had instead been some white trailer trash harassing people going to a pride parade or to a climate change strike i guess the alt left only believes in diversity and tolerance when it comes to their causes,"[""<user>"", ""can"", ""you"", ""imagine"", ""the"", ""media"", ""and"", ""public"", ""outrage"", ""if"", ""that"", ""had"", ""instead"", ""been"", ""some"", ""white"", ""trailer"", ""trash"", ""harassing"", ""people"", ""going"", ""to"", ""a"", ""pride"", ""parade"", ""or"", ""to"", ""a"", ""climate"", ""change"", ""strike"", ""i"", ""guess"", ""the"", ""alt"", ""left"", ""only"", ""believes"", ""in"", ""diversity"", ""and"", ""tolerance"", ""when"", ""it"", ""comes"", ""to"", ""their"", ""causes""]",offensive,Caucasian,"[0, 0, 0, 0, 0, 0, 0, 0, 0, 0, 0, 0, 0, 0, 0, 1, 1, 1, 0, 0, 0, 0, 0, 0, 0, 0, 0, 0, 0, 0, 0, 0, 0, 0, 0, 0, 0, 0, 0, 0, 0, 0, 0, 0, 0, 0, 0, 0]","[""white"", ""trailer"", ""trash""]",91,48,3,True,offensive,"[0, 0, 0, 0, 0, 0, 0, 0, 0, 0, 0, 0, 0, 0, 0, 1, 1, 1, 0, 0, 0, 0, 0, 0, 0, 0, 0, 0, 0, 0, 0, 0, 0, 0, 0, 0, 0, 0, 0, 0, 0, 0, 0, 0, 0, 0, 0, 0]","[""white"", ""trailer"", ""trash""]"
1178747946998874114_twitter,train,<user> can you imagine the media and public outrage if that had instead been some white trailer trash harassing people going to a pride parade or to a climate change strike i guess the alt left only believes in diversity and tolerance when it comes to their causes,"[""<user>"", ""can"", ""you"", ""imagine"", ""the"", ""media"", ""and"", ""public"", ""outrage"", ""if"", ""that"", ""had"", ""instead"", ""been"", ""some"", ""white"", ""trailer"", ""trash"", ""harassing"", ""people"", ""going"", ""to"", ""a"", ""pride"", ""parade"", ""or"", ""to"", ""a"", ""climate"", ""change"", ""strike"", ""i"", ""guess"", ""the"", ""alt"", ""left"", ""only"", ""believes"", ""in"", ""diversity"", ""and"", ""tolerance"", ""when"", ""it"", ""comes"", ""to"", ""their"", ""causes""]",offensive,Caucasian,"[0, 0, 0, 0, 0, 0, 0, 0, 0, 0, 0, 0, 0, 0, 0, 1, 1, 1, 0, 0, 0, 0, 0, 0, 0, 0, 0, 0, 0, 0, 0, 0, 0, 0, 0, 0, 0, 0, 0, 0, 0, 0, 0, 0, 0, 0, 0, 0]","[""white"", ""trailer"", ""trash""]",66,48,3,True,offensive,"[0, 0, 0, 0, 0, 0, 0, 0, 0, 0, 0, 0, 0, 0, 0, 1, 1, 1, 0, 0, 0, 0, 0, 0, 0, 0, 0, 0, 0, 0, 0, 0, 0, 0, 0, 0, 0, 0, 0, 0, 0, 0, 0, 0, 0, 0, 0, 0]","[""white"", ""trailer"", ""trash""]"
1178747946998874114_twitter,train,<user> can you imagine the media and public outrage if that had instead been some white trailer trash harassing people going to a pride parade or to a climate change strike i guess the alt left only believes in diversity and tolerance when it comes to their causes,"[""<user>"", ""can"", ""you"", ""imagine"", ""the"", ""media"", ""and"", ""public"", ""outrage"", ""if"", ""that"", ""had"", ""instead"", ""been"", ""some"", ""white"", ""trailer"", ""trash"", ""harassing"", ""people"", ""going"", ""to"", ""a"", ""pride"", ""parade"", ""or"", ""to"", ""a"", ""climate"", ""change"", ""strike"", ""i"", ""guess"", ""the"", ""alt"", ""left"", ""only"", ""believes"", ""in"", ""diversity"", ""and"", ""tolerance"", ""when"", ""it"", ""comes"", ""to"", ""their"", ""causes""]",offensive,Caucasian,"[0, 0, 0, 0, 0, 0, 0, 0, 0, 0, 0, 0, 0, 0, 0, 1, 1, 1, 0, 0, 0, 0, 0, 0, 0, 0, 0, 0, 0, 0, 0, 0, 0, 0, 0, 0, 0, 0, 0, 0, 0, 0, 0, 0, 0, 0, 0, 0]","[""white"", ""trailer"", ""trash""]",4,48,3,True,offensive,"[0, 0, 0, 0, 0, 0, 0, 0, 0, 0, 0, 0, 0, 0, 0, 1, 1, 1, 0, 0, 0, 0, 0, 0, 0, 0, 0, 0, 0, 0, 0, 0, 0, 0, 0, 0, 0, 0, 0, 0, 0, 0, 0, 0, 0, 0, 0, 0]","[""white"", ""trailer"", ""trash""]"
12103098_gab,train,trump should pardon shekreli and deport the gook judge,"[""trump"", ""should"", ""pardon"", ""shekreli"", ""and"", ""deport"", ""the"", ""gook"", ""judge""]",hatespeech,Caucasian,"[0, 0, 0, 0, 0, 1, 1, 1, 0]","[""deport"", ""the"", ""gook""]",4,9,3,True,hatespeech,"[0, 0, 0, 0, 0, 0, 0, 1, 0]","[""gook""]"
1178773740252995586_twitter,train,white bitches can not tell the difference between cornrows and braids,"[""white"", ""bitches"", ""can"", ""not"", ""tell"", ""the"", ""difference"", ""between"", ""cornrows"", ""and"", ""braids""]",offensive,Caucasian,"[1, 1, 1, 1, 1, 0, 0, 0, 0, 0, 0]","[""white"", ""bitches"", ""can"", ""not"", ""tell""]",125,11,5,True,offensive,"[1, 1, 0, 0, 0, 0, 0, 0, 0, 0, 0]","[""white"", ""bitches""]"
1178773740252995586_twitter,train,white bitches can not tell the difference between cornrows and braids,"[""white"", ""bitches"", ""can"", ""not"", ""tell"", ""the"", ""difference"", ""between"", ""cornrows"", ""and"", ""braids""]",offensive,Caucasian,"[1, 1, 0, 0, 0, 0, 0, 0, 0, 0, 0]","[""white"", ""bitches""]",30,11,2,True,offensive,"[1, 1, 0, 0, 0, 0, 0, 0, 0, 0, 0]","[""white"", ""bitches""]"
1178773740252995586_twitter,train,white bitches can not tell the difference between cornrows and braids,"[""white"", ""bitches"", ""can"", ""not"", ""tell"", ""the"", ""difference"", ""between"", ""cornrows"", ""and"", ""braids""]",offensive,Caucasian,"[1, 1, 0, 0, 0, 0, 0, 0, 0, 0, 0]","[""white"", ""bitches""]",70,11,2,True,offensive,"[1, 1, 0, 0, 0, 0, 0, 0, 0, 0, 0]","[""white"", ""bitches""]"
1179062376588627968_twitter,val,<user> i remember when it was great country cooking and a hillbilly country store now its just another commercial shops,"[""<user>"", ""i"", ""remember"", ""when"", ""it"", ""was"", ""great"", ""country"", ""cooking"", ""and"", ""a"", ""hillbilly"", ""country"", ""store"", ""now"", ""its"", ""just"", ""another"", ""commercial"", ""shops""]",offensive,Caucasian,"[0, 0, 0, 0, 0, 0, 0, 0, 0, 0, 0, 1, 0, 0, 0, 0, 0, 0, 0, 0]","[""hillbilly""]",4,20,1,True,offensive,"[0, 0, 0, 0, 0, 0, 0, 0, 0, 0, 0, 1, 0, 0, 0, 0, 0, 0, 0, 0]","[""hillbilly""]"
1179095064762617858_twitter,train,bill the redneck sold a cow and then fell asleep before waking up to rumble of a diesel engine,"[""bill"", ""the"", ""redneck"", ""sold"", ""a"", ""cow"", ""and"", ""then"", ""fell"", ""asleep"", ""before"", ""waking"", ""up"", ""to"", ""rumble"", ""of"", ""a"", ""diesel"", ""engine""]",offensive,Caucasian,"[0, 0, 1, 0, 0, 0, 0, 0, 0, 0, 0, 0, 0, 0, 0, 0, 0, 0, 0]","[""redneck""]",39,19,1,True,offensive,"[0, 0, 1, 0, 0, 0, 0, 0, 0, 0, 0, 0, 0, 0, 0, 0, 0, 0, 0]","[""redneck""]"
1178561770430095360_twitter,train,<user> <user> figures but i will use that whenever i have to listen to one of my hillbilly redneck customers go on about fox news,"[""<user>"", ""<user>"", ""figures"", ""but"", ""i"", ""will"", ""use"", ""that"", ""whenever"", ""i"", ""have"", ""to"", ""listen"", ""to"", ""one"", ""of"", ""my"", ""hillbilly"", ""redneck"", ""customers"", ""go"", ""on"", ""about"", ""fox"", ""news""]",offensive,Caucasian,"[0, 0, 0, 0, 0, 0, 0, 0, 0, 0, 0, 0, 0, 0, 0, 0, 0, 1, 1, 0, 0, 0, 0, 0, 0]","[""hillbilly"", ""redneck""]",10,25,2,True,offensive,"[0, 0, 0, 0, 0, 0, 0, 0, 0, 0, 0, 0, 0, 0, 0, 0, 0, 1, 1, 0, 0, 0, 0, 0, 0]","[""hillbilly"", ""redneck""]"
1178561770430095360_twitter,train,<user> <user> figures but i will use that whenever i have to listen to one of my hillbilly redneck customers go on about fox news,"[""<user>"", ""<user>"", ""figures"", ""but"", ""i"", ""will"", ""use"", ""that"", ""whenever"", ""i"", ""have"", ""to"", ""listen"", ""to"", ""one"", ""of"", ""my"", ""hillbilly"", ""redneck"", ""customers"", ""go"", ""on"", ""about"", ""fox"", ""news""]",offensive,Caucasian,"[0, 0, 0, 0, 0, 0, 0, 0, 0, 0, 0, 0, 0, 0, 0, 0, 0, 1, 1, 0, 0, 0, 0, 0, 0]","[""hillbilly"", ""redneck""]",39,25,2,True,offensive,"[0, 0, 0, 0, 0, 0, 0, 0, 0, 0, 0, 0, 0, 0, 0, 0, 0, 1, 1, 0, 0, 0, 0, 0, 0]","[""hillbilly"", ""redneck""]"
1178561770430095360_twitter,train,<user> <user> figures but i will use that whenever i have to listen to one of my hillbilly redneck customers go on about fox news,"[""<user>"", ""<user>"", ""figures"", ""but"", ""i"", ""will"", ""use"", ""that"", ""whenever"", ""i"", ""have"", ""to"", ""listen"", ""to"", ""one"", ""of"", ""my"", ""hillbilly"", ""redneck"", ""customers"", ""go"", ""on"", ""about"", ""fox"", ""news""]",offensive,Caucasian,"[0, 0, 0, 0, 0, 0, 0, 0, 0, 0, 0, 0, 0, 0, 0, 0, 0, 1, 1, 0, 0, 0, 0, 0, 0]","[""hillbilly"", ""redneck""]",4,25,2,True,offensive,"[0, 0, 0, 0, 0, 0, 0, 0, 0, 0, 0, 0, 0, 0, 0, 0, 0, 1, 1, 0, 0, 0, 0, 0, 0]","[""hillbilly"", ""redneck""]"
1178744957915586565_twitter,train,<user> if you are then i am too she is a hood rat trailer trash person anyone who thinks she is not is also a hood rat trailer trash person michelle is no racist,"[""<user>"", ""if"", ""you"", ""are"", ""then"", ""i"", ""am"", ""too"", ""she"", ""is"", ""a"", ""hood"", ""rat"", ""trailer"", ""trash"", ""person"", ""anyone"", ""who"", ""thinks"", ""she"", ""is"", ""not"", ""is"", ""also"", ""a"", ""hood"", ""rat"", ""trailer"", ""trash"", ""person"", ""michelle"", ""is"", ""no"", ""racist""]",offensive,Caucasian,"[0, 0, 0, 0, 0, 0, 0, 0, 0, 0, 0, 1, 1, 1, 1, 0, 0, 0, 0, 0, 0, 0, 0, 0, 0, 1, 1, 1, 1, 0, 0, 0, 0, 0]","[""hood"", ""rat"", ""trailer"", ""trash"", ""hood"", ""rat"", ""trailer"", ""trash""]",4,34,8,True,offensive,"[0, 0, 0, 0, 0, 0, 0, 0, 0, 0, 0, 1, 1, 1, 1, 0, 0, 0, 0, 0, 0, 0, 0, 0, 0, 1, 1, 1, 1, 0, 0, 0, 0, 0]","[""hood"", ""rat"", ""trailer"", ""trash"", ""hood"", ""rat"", ""trailer"", ""trash""]"
1178906101707939840_twitter,train,i redownloading tinder which is a mistake in itself and litterally no one on there is cute i hate this redneck state,"[""i"", ""redownloading"", ""tinder"", ""which"", ""is"", ""a"", ""mistake"", ""in"", ""itself"", ""and"", ""litterally"", ""no"", ""one"", ""on"", ""there"", ""is"", ""cute"", ""i"", ""hate"", ""this"", ""redneck"", ""state""]",offensive,Caucasian,"[0, 0, 0, 0, 0, 0, 0, 0, 0, 0, 0, 0, 0, 0, 0, 0, 0, 0, 0, 0, 1, 1]","[""redneck"", ""state""]",4,22,2,True,offensive,"[0, 0, 0, 0, 0, 0, 0, 0, 0, 0, 0, 0, 0, 0, 0, 0, 0, 0, 0, 0, 1, 0]","[""redneck""]"
1178820704562630656_twitter,train,<user> i wish that i felt that way you are a better person i am so angry that he is in that historic place and what it means to most americans i will i can think of is white trash does not belong there,"[""<user>"", ""i"", ""wish"", ""that"", ""i"", ""felt"", ""that"", ""way"", ""you"", ""are"", ""a"", ""better"", ""person"", ""i"", ""am"", ""so"", ""angry"", ""that"", ""he"", ""is"", ""in"", ""that"", ""historic"", ""place"", ""and"", ""what"", ""it"", ""means"", ""to"", ""most"", ""americans"", ""i"", ""will"", ""i"", ""can"", ""think"", ""of"", ""is"", ""white"", ""trash"", ""does"", ""not"", ""belong"", ""there""]",offensive,Caucasian,"[0, 0, 0, 0, 0, 0, 0, 0, 0, 0, 0, 0, 0, 0, 0, 0, 0, 0, 0, 0, 0, 0, 0, 0, 0, 0, 0, 0, 0, 0, 0, 0, 0, 0, 0, 0, 0, 0, 1, 1, 0, 0, 0, 0]","[""white"", ""trash""]",52,44,2,True,offensive,"[0, 0, 0, 0, 0, 0, 0, 0, 0, 0, 0, 0, 0, 0, 0, 0, 0, 0, 0, 0, 0, 0, 0, 0, 0, 0, 0, 0, 0, 0, 0, 0, 0, 0, 0, 0, 0, 0, 1, 1, 0, 0, 0, 0]","[""white"", ""trash""]"
1178820704562630656_twitter,train,<user> i wish that i felt that way you are a better person i am so angry that he is in that historic place and what it means to most americans i will i can think of is white trash does not belong there,"[""<user>"", ""i"", ""wish"", ""that"", ""i"", ""felt"", ""that"", ""way"", ""you"", ""are"", ""a"", ""better"", ""person"", ""i"", ""am"", ""so"", ""angry"", ""that"", ""he"", ""is"", ""in"", ""that"", ""historic"", ""place"", ""and"", ""what"", ""it"", ""means"", ""to"", ""most"", ""americans"", ""i"", ""will"", ""i"", ""can"", ""think"", ""of"", ""is"", ""white"", ""trash"", ""does"", ""not"", ""belong"", ""there""]",offensive,Caucasian,"[0, 0, 0, 0, 0, 0, 0, 0, 0, 0, 0, 0, 0, 0, 0, 0, 0, 0, 0, 0, 0, 0, 0, 0, 0, 0, 0, 0, 0, 0, 0, 0, 0, 0, 0, 0, 0, 0, 1, 1, 0, 0, 0, 0]","[""white"", ""trash""]",4,44,2,True,offensive,"[0, 0, 0, 0, 0, 0, 0, 0, 0, 0, 0, 0, 0, 0, 0, 0, 0, 0, 0, 0, 0, 0, 0, 0, 0, 0, 0, 0, 0, 0, 0, 0, 0, 0, 0, 0, 0, 0, 1, 1, 0, 0, 0, 0]","[""white"", ""trash""]"
16385708_gab,val,of course he is a fraud lol he belongs to a group of e celebs that leech off of any popular movement to enrich themselves it called the merchant right and most of them are jews or mudshark feminists in disguise,"[""of"", ""course"", ""he"", ""is"", ""a"", ""fraud"", ""lol"", ""he"", ""belongs"", ""to"", ""a"", ""group"", ""of"", ""e"", ""celebs"", ""that"", ""leech"", ""off"", ""of"", ""any"", ""popular"", ""movement"", ""to"", ""enrich"", ""themselves"", ""it"", ""called"", ""the"", ""merchant"", ""right"", ""and"", ""most"", ""of"", ""them"", ""are"", ""jews"", ""or"", ""mudshark"", ""feminists"", ""in"", ""disguise""]",hatespeech,Caucasian,"[0, 0, 0, 0, 0, 0, 0, 0, 0, 0, 0, 0, 0, 0, 0, 0, 0, 0, 0, 0, 0, 0, 0, 0, 0, 0, 0, 0, 0, 0, 0, 1, 1, 1, 1, 1, 1, 1, 1, 1, 1]","[""most"", ""of"", ""them"", ""are"", ""jews"", ""or"", ""mudshark"", ""feminists"", ""in"", ""disguise""]",4,41,10,True,offensive,"[0, 0, 0, 0, 0, 0, 0, 0, 0, 0, 0, 0, 0, 0, 0, 0, 0, 0, 0, 0, 0, 0, 0, 0, 0, 0, 0, 0, 0, 0, 0, 0, 0, 0, 0, 1, 1, 1, 1, 0, 0]","[""jews"", ""or"", ""mudshark"", ""feminists""]"
17635506_gab,train,lol <user> the protagonist from hulu handmaid tale is a mudshark and played by a scientologist the evil infertile wife is played by a beautiful polish girl i think i will like this show for all the wrong reasons it like seeing inside the head of a hollywood executive,"[""lol"", ""<user>"", ""the"", ""protagonist"", ""from"", ""hulu"", ""handmaid"", ""tale"", ""is"", ""a"", ""mudshark"", ""and"", ""played"", ""by"", ""a"", ""scientologist"", ""the"", ""evil"", ""infertile"", ""wife"", ""is"", ""played"", ""by"", ""a"", ""beautiful"", ""polish"", ""girl"", ""i"", ""think"", ""i"", ""will"", ""like"", ""this"", ""show"", ""for"", ""all"", ""the"", ""wrong"", ""reasons"", ""it"", ""like"", ""seeing"", ""inside"", ""the"", ""head"", ""of"", ""a"", ""hollywood"", ""executive""]",hatespeech,Caucasian,"[0, 0, 0, 0, 0, 0, 0, 0, 0, 0, 1, 0, 0, 0, 0, 0, 0, 0, 0, 0, 0, 0, 0, 0, 0, 0, 0, 0, 0, 0, 0, 0, 0, 0, 0, 0, 0, 0, 0, 0, 0, 0, 0, 0, 0, 0, 0, 0, 0]","[""mudshark""]",4,49,1,True,hatespeech,"[0, 0, 0, 0, 0, 0, 0, 0, 0, 0, 1, 0, 0, 0, 0, 0, 0, 0, 0, 0, 0, 0, 0, 0, 0, 0, 0, 0, 0, 0, 0, 0, 0, 0, 0, 0, 0, 0, 0, 0, 0, 0, 0, 0, 0, 0, 0, 0, 0]","[""mudshark""]"
1179101931991633926_twitter,train,<user> please beat these white bitches up,"[""<user>"", ""please"", ""beat"", ""these"", ""white"", ""bitches"", ""up""]",hatespeech,Caucasian,"[0, 0, 0, 0, 1, 1, 0]","[""white"", ""bitches""]",111,7,2,True,hatespeech,"[0, 0, 0, 0, 1, 1, 0]","[""white"", ""bitches""]"
1179101931991633926_twitter,train,<user> please beat these white bitches up,"[""<user>"", ""please"", ""beat"", ""these"", ""white"", ""bitches"", ""up""]",offensive,Caucasian,"[0, 0, 1, 1, 1, 1, 1]","[""beat"", ""these"", ""white"", ""bitches"", ""up""]",4,7,5,True,hatespeech,"[0, 0, 0, 0, 1, 1, 0]","[""white"", ""bitches""]"
1179101931991633926_twitter,train,<user> please beat these white bitches up,"[""<user>"", ""please"", ""beat"", ""these"", ""white"", ""bitches"", ""up""]",hatespeech,Caucasian,"[0, 0, 0, 0, 1, 1, 0]","[""white"", ""bitches""]",25,7,2,True,hatespeech,"[0, 0, 0, 0, 1, 1, 0]","[""white"", ""bitches""]"
1179092848924336128_twitter,train,i have not said it enough but fuck white bitches,"[""i"", ""have"", ""not"", ""said"", ""it"", ""enough"", ""but"", ""fuck"", ""white"", ""bitches""]",hatespeech,Caucasian,"[0, 0, 0, 0, 0, 0, 0, 1, 1, 1]","[""fuck"", ""white"", ""bitches""]",111,10,3,True,hatespeech,"[0, 0, 0, 0, 0, 0, 0, 1, 1, 1]","[""fuck"", ""white"", ""bitches""]"
1179092848924336128_twitter,train,i have not said it enough but fuck white bitches,"[""i"", ""have"", ""not"", ""said"", ""it"", ""enough"", ""but"", ""fuck"", ""white"", ""bitches""]",offensive,Caucasian,"[1, 1, 1, 1, 1, 1, 1, 1, 1, 1]","[""i"", ""have"", ""not"", ""said"", ""it"", ""enough"", ""but"", ""fuck"", ""white"", ""bitches""]",4,10,10,True,hatespeech,"[0, 0, 0, 0, 0, 0, 0, 1, 1, 1]","[""fuck"", ""white"", ""bitches""]"
1179092848924336128_twitter,train,i have not said it enough but fuck white bitches,"[""i"", ""have"", ""not"", ""said"", ""it"", ""enough"", ""but"", ""fuck"", ""white"", ""bitches""]",hatespeech,Caucasian,"[0, 0, 0, 0, 0, 0, 0, 0, 1, 1]","[""white"", ""bitches""]",25,10,2,True,hatespeech,"[0, 0, 0, 0, 0, 0, 0, 1, 1, 1]","[""fuck"", ""white"", ""bitches""]"
1179089731075923968_twitter,train,benji was the most basic white bitch but jorge changed him into a white bitch who can at least be creative with his insta pics thank you jorge,"[""benji"", ""was"", ""the"", ""most"", ""basic"", ""white"", ""bitch"", ""but"", ""jorge"", ""changed"", ""him"", ""into"", ""a"", ""white"", ""bitch"", ""who"", ""can"", ""at"", ""least"", ""be"", ""creative"", ""with"", ""his"", ""insta"", ""pics"", ""thank"", ""you"", ""jorge""]",hatespeech,Caucasian,"[0, 0, 0, 0, 1, 1, 1, 0, 0, 0, 0, 0, 0, 1, 1, 0, 0, 0, 0, 0, 0, 0, 0, 0, 0, 0, 0, 0]","[""basic"", ""white"", ""bitch"", ""white"", ""bitch""]",111,28,5,True,offensive,"[0, 0, 0, 0, 1, 1, 1, 0, 0, 0, 0, 0, 0, 1, 1, 0, 0, 0, 0, 0, 0, 0, 0, 0, 0, 0, 0, 0]","[""basic"", ""white"", ""bitch"", ""white"", ""bitch""]"
1179089731075923968_twitter,train,benji was the most basic white bitch but jorge changed him into a white bitch who can at least be creative with his insta pics thank you jorge,"[""benji"", ""was"", ""the"", ""most"", ""basic"", ""white"", ""bitch"", ""but"", ""jorge"", ""changed"", ""him"", ""into"", ""a"", ""white"", ""bitch"", ""who"", ""can"", ""at"", ""least"", ""be"", ""creative"", ""with"", ""his"", ""insta"", ""pics"", ""thank"", ""you"", ""jorge""]",offensive,Caucasian,"[0, 0, 0, 0, 1, 1, 1, 0, 0, 0, 0, 0, 0, 1, 1, 0, 0, 0, 0, 0, 0, 0, 0, 0, 0, 0, 0, 0]","[""basic"", ""white"", ""bitch"", ""white"", ""bitch""]",4,28,5,True,offensive,"[0, 0, 0, 0, 1, 1, 1, 0, 0, 0, 0, 0, 0, 1, 1, 0, 0, 0, 0, 0, 0, 0, 0, 0, 0, 0, 0, 0]","[""basic"", ""white"", ""bitch"", ""white"", ""bitch""]"
1179089731075923968_twitter,train,benji was the most basic white bitch but jorge changed him into a white bitch who can at least be creative with his insta pics thank you jorge,"[""benji"", ""was"", ""the"", ""most"", ""basic"", ""white"", ""bitch"", ""but"", ""jorge"", ""changed"", ""him"", ""into"", ""a"", ""white"", ""bitch"", ""who"", ""can"", ""at"", ""least"", ""be"", ""creative"", ""with"", ""his"", ""insta"", ""pics"", ""thank"", ""you"", ""jorge""]",offensive,Caucasian,"[0, 0, 0, 0, 0, 1, 1, 0, 0, 0, 0, 0, 0, 1, 1, 0, 0, 0, 0, 0, 0, 0, 0, 0, 0, 0, 0, 0]","[""white"", ""bitch"", ""white"", ""bitch""]",25,28,4,True,offensive,"[0, 0, 0, 0, 1, 1, 1, 0, 0, 0, 0, 0, 0, 1, 1, 0, 0, 0, 0, 0, 0, 0, 0, 0, 0, 0, 0, 0]","[""basic"", ""white"", ""bitch"", ""white"", ""bitch""]"
1178191545511661569_twitter,train,<user> <user> hot when the white sluts obey the black and serve them,"[""<user>"", ""<user>"", ""hot"", ""when"", ""the"", ""white"", ""sluts"", ""obey"", ""the"", ""black"", ""and"", ""serve"", ""them""]",hatespeech,Caucasian,"[0, 0, 1, 1, 1, 1, 1, 1, 1, 1, 1, 1, 1]","[""hot"", ""when"", ""the"", ""white"", ""sluts"", ""obey"", ""the"", ""black"", ""and"", ""serve"", ""them""]",4,13,11,True,hatespeech,"[0, 0, 0, 0, 0, 1, 1, 0, 0, 0, 0, 0, 0]","[""white"", ""sluts""]"
21871789_gab,train,says mehhir as he sucks off a spic larping as a white boy,"[""says"", ""mehhir"", ""as"", ""he"", ""sucks"", ""off"", ""a"", ""spic"", ""larping"", ""as"", ""a"", ""white"", ""boy""]",offensive,Caucasian,"[0, 0, 0, 0, 0, 0, 0, 0, 1, 1, 1, 1, 1]","[""larping"", ""as"", ""a"", ""white"", ""boy""]",2,13,5,True,hatespeech,"[0, 0, 0, 0, 0, 0, 0, 1, 1, 0, 0, 0, 0]","[""spic"", ""larping""]"
1179014508305670147_twitter,train,it always the white bitches that can not sing 😩 😂,"[""it"", ""always"", ""the"", ""white"", ""bitches"", ""that"", ""can"", ""not"", ""sing"", ""\ud83d\ude29"", ""\ud83d\ude02""]",offensive,Caucasian,"[0, 0, 0, 1, 1, 0, 0, 0, 0, 0, 0]","[""white"", ""bitches""]",2,11,2,True,offensive,"[0, 0, 0, 1, 1, 0, 0, 0, 0, 0, 0]","[""white"", ""bitches""]"
1179014508305670147_twitter,train,it always the white bitches that can not sing 😩 😂,"[""it"", ""always"", ""the"", ""white"", ""bitches"", ""that"", ""can"", ""not"", ""sing"", ""\ud83d\ude29"", ""\ud83d\ude02""]",offensive,Caucasian,"[0, 0, 0, 1, 1, 0, 0, 0, 0, 0, 0]","[""white"", ""bitches""]",4,11,2,True,offensive,"[0, 0, 0, 1, 1, 0, 0, 0, 0, 0, 0]","[""white"", ""bitches""]"
25944151_gab,train,prince harry got dam mother wuz a filthy mudshark too i can not expect her garbage libtard son to be any better werd is born,"[""prince"", ""harry"", ""got"", ""dam"", ""mother"", ""wuz"", ""a"", ""filthy"", ""mudshark"", ""too"", ""i"", ""can"", ""not"", ""expect"", ""her"", ""garbage"", ""libtard"", ""son"", ""to"", ""be"", ""any"", ""better"", ""werd"", ""is"", ""born""]",hatespeech,Caucasian,"[0, 0, 0, 0, 0, 0, 0, 1, 1, 0, 0, 0, 0, 0, 0, 0, 0, 0, 0, 0, 0, 0, 0, 0, 0]","[""filthy"", ""mudshark""]",4,25,2,True,hatespeech,"[0, 0, 0, 0, 0, 0, 0, 0, 1, 0, 0, 0, 0, 0, 0, 0, 0, 0, 0, 0, 0, 0, 0, 0, 0]","[""mudshark""]"
1179074290752397315_twitter,train,<user> ah the redneck revolt kids aka communists,"[""<user>"", ""ah"", ""the"", ""redneck"", ""revolt"", ""kids"", ""aka"", ""communists""]",offensive,Caucasian,"[0, 0, 0, 1, 0, 0, 0, 0]","[""redneck""]",39,8,1,True,offensive,"[0, 0, 0, 1, 0, 0, 0, 0]","[""redneck""]"
1179074290752397315_twitter,train,<user> ah the redneck revolt kids aka communists,"[""<user>"", ""ah"", ""the"", ""redneck"", ""revolt"", ""kids"", ""aka"", ""communists""]",offensive,Caucasian,"[0, 0, 0, 1, 0, 0, 0, 0]","[""redneck""]",4,8,1,True,offensive,"[0, 0, 0, 1, 0, 0, 0, 0]","[""redneck""]"
1178562088740036608_twitter,train,the house negroes of the county considered themselves superior to white trash and their unconcealed scorn stung him while their more secure position in life stirred his envy <number> <number> gwt wquote,"[""the"", ""house"", ""negroes"", ""of"", ""the"", ""county"", ""considered"", ""themselves"", ""superior"", ""to"", ""white"", ""trash"", ""and"", ""their"", ""unconcealed"", ""scorn"", ""stung"", ""him"", ""while"", ""their"", ""more"", ""secure"", ""position"", ""in"", ""life"", ""stirred"", ""his"", ""envy"", ""<number>"", ""<number>"", ""gwt"", ""wquote""]",hatespeech,Caucasian,"[0, 0, 1, 0, 0, 0, 0, 0, 0, 0, 1, 1, 0, 0, 0, 0, 0, 0, 0, 0, 0, 0, 0, 0, 0, 0, 0, 0, 0, 0, 0, 0]","[""negroes"", ""white"", ""trash""]",4,32,3,True,hatespeech,"[0, 0, 1, 0, 0, 0, 0, 0, 0, 0, 0, 0, 0, 0, 0, 0, 0, 0, 0, 0, 0, 0, 0, 0, 0, 0, 0, 0, 0, 0, 0, 0]","[""negroes""]"
1178759746683146240_twitter,test,<user> alot of people just dont say it but she is not the only white nigger to think this way she is just another white nigger impowerd by trump to show her stupid way of thinking white niggers are the worst,"[""<user>"", ""alot"", ""of"", ""people"", ""just"", ""dont"", ""say"", ""it"", ""but"", ""she"", ""is"", ""not"", ""the"", ""only"", ""white"", ""nigger"", ""to"", ""think"", ""this"", ""way"", ""she"", ""is"", ""just"", ""another"", ""white"", ""nigger"", ""impowerd"", ""by"", ""trump"", ""to"", ""show"", ""her"", ""stupid"", ""way"", ""of"", ""thinking"", ""white"", ""niggers"", ""are"", ""the"", ""worst""]",hatespeech,Caucasian,"[0, 0, 0, 0, 0, 0, 0, 0, 0, 0, 0, 0, 0, 0, 0, 0, 0, 0, 0, 0, 0, 0, 0, 0, 1, 1, 0, 0, 0, 0, 0, 0, 0, 0, 0, 0, 0, 0, 0, 0, 0]","[""white"", ""nigger""]",25,41,2,True,hatespeech,"[0, 0, 0, 0, 0, 0, 0, 0, 0, 0, 0, 0, 0, 0, 0, 0, 0, 0, 0, 0, 0, 0, 0, 0, 1, 1, 0, 0, 0, 0, 0, 0, 0, 0, 0, 0, 0, 0, 0, 0, 0]","[""white"", ""nigger""]"
1178759746683146240_twitter,test,<user> alot of people just dont say it but she is not the only white nigger to think this way she is just another white nigger impowerd by trump to show her stupid way of thinking white niggers are the worst,"[""<user>"", ""alot"", ""of"", ""people"", ""just"", ""dont"", ""say"", ""it"", ""but"", ""she"", ""is"", ""not"", ""the"", ""only"", ""white"", ""nigger"", ""to"", ""think"", ""this"", ""way"", ""she"", ""is"", ""just"", ""another"", ""white"", ""nigger"", ""impowerd"", ""by"", ""trump"", ""to"", ""show"", ""her"", ""stupid"", ""way"", ""of"", ""thinking"", ""white"", ""niggers"", ""are"", ""the"", ""worst""]",hatespeech,Caucasian,"[0, 0, 0, 0, 0, 0, 0, 0, 0, 0, 0, 0, 0, 0, 1, 1, 0, 0, 0, 0, 0, 0, 0, 0, 1, 1, 0, 0, 0, 0, 0, 0, 0, 0, 0, 0, 1, 1, 1, 1, 1]","[""white"", ""nigger"", ""white"", ""nigger"", ""white"", ""niggers"", ""are"", ""the"", ""worst""]",4,41,9,True,hatespeech,"[0, 0, 0, 0, 0, 0, 0, 0, 0, 0, 0, 0, 0, 0, 0, 0, 0, 0, 0, 0, 0, 0, 0, 0, 1, 1, 0, 0, 0, 0, 0, 0, 0, 0, 0, 0, 0, 0, 0, 0, 0]","[""white"", ""nigger""]"
1179089355039596544_twitter,train,glad that white bitch got what she deserved killing that innocent black boy for no reason,"[""glad"", ""that"", ""white"", ""bitch"", ""got"", ""what"", ""she"", ""deserved"", ""killing"", ""that"", ""innocent"", ""black"", ""boy"", ""for"", ""no"", ""reason""]",offensive,Caucasian,"[0, 0, 1, 1, 0, 0, 0, 0, 0, 0, 0, 0, 0, 0, 0, 0]","[""white"", ""bitch""]",25,16,2,True,offensive,"[0, 0, 1, 1, 0, 0, 0, 0, 0, 0, 0, 0, 0, 0, 0, 0]","[""white"", ""bitch""]"
1179089355039596544_twitter,train,glad that white bitch got what she deserved killing that innocent black boy for no reason,"[""glad"", ""that"", ""white"", ""bitch"", ""got"", ""what"", ""she"", ""deserved"", ""killing"", ""that"", ""innocent"", ""black"", ""boy"", ""for"", ""no"", ""reason""]",offensive,Caucasian,"[0, 0, 1, 1, 0, 0, 0, 0, 0, 0, 0, 0, 0, 0, 0, 0]","[""white"", ""bitch""]",4,16,2,True,offensive,"[0, 0, 1, 1, 0, 0, 0, 0, 0, 0, 0, 0, 0, 0, 0, 0]","[""white"", ""bitch""]"
1179089355039596544_twitter,train,glad that white bitch got what she deserved killing that innocent black boy for no reason,"[""glad"", ""that"", ""white"", ""bitch"", ""got"", ""what"", ""she"", ""deserved"", ""killing"", ""that"", ""innocent"", ""black"", ""boy"", ""for"", ""no"", ""reason""]",offensive,Caucasian,"[0, 0, 1, 1, 0, 0, 0, 0, 0, 0, 0, 0, 0, 0, 0, 0]","[""white"", ""bitch""]",39,16,2,True,offensive,"[0, 0, 1, 1, 0, 0, 0, 0, 0, 0, 0, 0, 0, 0, 0, 0]","[""white"", ""bitch""]"
1179069130126827521_twitter,train,oh they found the white bitch guilty surprise surprise,"[""oh"", ""they"", ""found"", ""the"", ""white"", ""bitch"", ""guilty"", ""surprise"", ""surprise""]",offensive,Caucasian,"[0, 0, 0, 0, 1, 1, 0, 0, 0]","[""white"", ""bitch""]",3,9,2,True,offensive,"[0, 0, 0, 0, 1, 1, 0, 0, 0]","[""white"", ""bitch""]"
1179069130126827521_twitter,train,oh they found the white bitch guilty surprise surprise,"[""oh"", ""they"", ""found"", ""the"", ""white"", ""bitch"", ""guilty"", ""surprise"", ""surprise""]",offensive,Caucasian,"[0, 0, 0, 0, 1, 1, 0, 0, 0]","[""white"", ""bitch""]",1,9,2,True,offensive,"[0, 0, 0, 0, 1, 1, 0, 0, 0]","[""white"", ""bitch""]"
1179069130126827521_twitter,train,oh they found the white bitch guilty surprise surprise,"[""oh"", ""they"", ""found"", ""the"", ""white"", ""bitch"", ""guilty"", ""surprise"", ""surprise""]",offensive,Caucasian,"[0, 0, 0, 0, 1, 1, 0, 0, 0]","[""white"", ""bitch""]",4,9,2,True,offensive,"[0, 0, 0, 0, 1, 1, 0, 0, 0]","[""white"", ""bitch""]"
9353459_gab,train,you r encouraging miscegenation that is an aspect of white genocide so if you are white you are a mudshark skank traitor if you are any other race then you are cheering for white genocide all the facts i stated about black crime your poor writing skills r true no assumptions here,"[""you"", ""r"", ""encouraging"", ""miscegenation"", ""that"", ""is"", ""an"", ""aspect"", ""of"", ""white"", ""genocide"", ""so"", ""if"", ""you"", ""are"", ""white"", ""you"", ""are"", ""a"", ""mudshark"", ""skank"", ""traitor"", ""if"", ""you"", ""are"", ""any"", ""other"", ""race"", ""then"", ""you"", ""are"", ""cheering"", ""for"", ""white"", ""genocide"", ""all"", ""the"", ""facts"", ""i"", ""stated"", ""about"", ""black"", ""crime"", ""your"", ""poor"", ""writing"", ""skills"", ""r"", ""true"", ""no"", ""assumptions"", ""here""]",hatespeech,Caucasian,"[0, 0, 0, 0, 0, 0, 0, 0, 0, 1, 1, 0, 0, 0, 0, 0, 0, 0, 1, 1, 1, 1, 0, 0, 0, 0, 0, 0, 0, 0, 0, 0, 0, 1, 1, 0, 0, 0, 0, 0, 0, 0, 0, 0, 0, 0, 0, 0, 0, 0, 0, 0]","[""white"", ""genocide"", ""a"", ""mudshark"", ""skank"", ""traitor"", ""white"", ""genocide""]",4,52,8,True,hatespeech,"[0, 0, 0, 0, 0, 0, 0, 0, 0, 1, 1, 0, 0, 0, 0, 0, 0, 0, 0, 1, 1, 0, 0, 0, 0, 0, 0, 0, 0, 0, 0, 0, 0, 0, 0, 0, 0, 0, 0, 0, 0, 0, 0, 0, 0, 0, 0, 0, 0, 0, 0, 0]","[""white"", ""genocide"", ""mudshark"", ""skank""]"
21889545_gab,train,this sappy little white nigger is about as creepy as they come,"[""this"", ""sappy"", ""little"", ""white"", ""nigger"", ""is"", ""about"", ""as"", ""creepy"", ""as"", ""they"", ""come""]",hatespeech,Caucasian,"[0, 0, 0, 1, 1, 0, 0, 0, 0, 0, 0, 0]","[""white"", ""nigger""]",44,12,2,True,hatespeech,"[0, 0, 0, 1, 1, 0, 0, 0, 0, 0, 0, 0]","[""white"", ""nigger""]"
21889545_gab,train,this sappy little white nigger is about as creepy as they come,"[""this"", ""sappy"", ""little"", ""white"", ""nigger"", ""is"", ""about"", ""as"", ""creepy"", ""as"", ""they"", ""come""]",hatespeech,Caucasian,"[0, 0, 0, 1, 1, 0, 0, 0, 0, 0, 0, 0]","[""white"", ""nigger""]",4,12,2,True,hatespeech,"[0, 0, 0, 1, 1, 0, 0, 0, 0, 0, 0, 0]","[""white"", ""nigger""]"
21889545_gab,train,this sappy little white nigger is about as creepy as they come,"[""this"", ""sappy"", ""little"", ""white"", ""nigger"", ""is"", ""about"", ""as"", ""creepy"", ""as"", ""they"", ""come""]",hatespeech,Caucasian,"[0, 0, 0, 1, 1, 0, 0, 0, 0, 0, 0, 0]","[""white"", ""nigger""]",21,12,2,True,hatespeech,"[0, 0, 0, 1, 1, 0, 0, 0, 0, 0, 0, 0]","[""white"", ""nigger""]"
14841966_gab,train,the moslem is not the terrorist having a caucasian or some other race member as the terrorist in order to reaffirm msm narrative that terrorism has nothing to do with islam and all whites are bad,"[""the"", ""moslem"", ""is"", ""not"", ""the"", ""terrorist"", ""having"", ""a"", ""caucasian"", ""or"", ""some"", ""other"", ""race"", ""member"", ""as"", ""the"", ""terrorist"", ""in"", ""order"", ""to"", ""reaffirm"", ""msm"", ""narrative"", ""that"", ""terrorism"", ""has"", ""nothing"", ""to"", ""do"", ""with"", ""islam"", ""and"", ""all"", ""whites"", ""are"", ""bad""]",hatespeech,Caucasian,"[0, 0, 0, 0, 0, 0, 0, 0, 0, 0, 0, 0, 0, 0, 0, 0, 0, 0, 0, 0, 0, 0, 0, 0, 0, 0, 0, 0, 0, 0, 0, 0, 1, 1, 1, 1]","[""all"", ""whites"", ""are"", ""bad""]",146,36,4,True,hatespeech,"[0, 0, 0, 0, 0, 0, 0, 0, 0, 0, 0, 0, 0, 0, 0, 0, 0, 0, 0, 0, 0, 0, 0, 0, 0, 0, 0, 0, 0, 0, 0, 0, 1, 1, 1, 1]","[""all"", ""whites"", ""are"", ""bad""]"
27438791_gab,train,i do not think i am prettier i know it and you know it too and it drives you nuts so you post about me being an animal killing me you want the beautiful white women gone you are just the darker side of shitskin beautiful white people something you will never be,"[""i"", ""do"", ""not"", ""think"", ""i"", ""am"", ""prettier"", ""i"", ""know"", ""it"", ""and"", ""you"", ""know"", ""it"", ""too"", ""and"", ""it"", ""drives"", ""you"", ""nuts"", ""so"", ""you"", ""post"", ""about"", ""me"", ""being"", ""an"", ""animal"", ""killing"", ""me"", ""you"", ""want"", ""the"", ""beautiful"", ""white"", ""women"", ""gone"", ""you"", ""are"", ""just"", ""the"", ""darker"", ""side"", ""of"", ""shitskin"", ""beautiful"", ""white"", ""people"", ""something"", ""you"", ""will"", ""never"", ""be""]",hatespeech,Caucasian,"[0, 0, 0, 0, 0, 0, 0, 0, 0, 0, 0, 0, 0, 0, 0, 0, 0, 0, 0, 0, 0, 0, 0, 0, 0, 0, 0, 0, 0, 0, 0, 0, 0, 0, 0, 0, 0, 0, 0, 0, 0, 0, 0, 0, 1, 0, 0, 0, 0, 0, 0, 0, 0]","[""shitskin""]",4,53,1,True,hatespeech,"[0, 0, 0, 0, 0, 0, 0, 0, 0, 0, 0, 0, 0, 0, 0, 0, 0, 0, 0, 0, 0, 0, 0, 0, 0, 0, 0, 0, 0, 0, 0, 0, 0, 0, 0, 0, 0, 0, 0, 0, 0, 0, 0, 0, 1, 0, 0, 0, 0, 0, 0, 0, 0]","[""shitskin""]"
16414545_gab,train,another muslim man phones katie hopkins this one is pakistani and he tells her his parents told him to go with white girls as they are scum i believe police ignored the raped girls because police hated pakis and any white girl seen with them,"[""another"", ""muslim"", ""man"", ""phones"", ""katie"", ""hopkins"", ""this"", ""one"", ""is"", ""pakistani"", ""and"", ""he"", ""tells"", ""her"", ""his"", ""parents"", ""told"", ""him"", ""to"", ""go"", ""with"", ""white"", ""girls"", ""as"", ""they"", ""are"", ""scum"", ""i"", ""believe"", ""police"", ""ignored"", ""the"", ""raped"", ""girls"", ""because"", ""police"", ""hated"", ""pakis"", ""and"", ""any"", ""white"", ""girl"", ""seen"", ""with"", ""them""]",offensive,Caucasian,"[0, 0, 0, 0, 0, 0, 0, 0, 0, 0, 0, 0, 0, 0, 0, 0, 0, 0, 0, 0, 0, 1, 1, 1, 1, 1, 1, 0, 0, 0, 0, 0, 0, 0, 0, 1, 1, 1, 0, 0, 0, 0, 0, 0, 0]","[""white"", ""girls"", ""as"", ""they"", ""are"", ""scum"", ""police"", ""hated"", ""pakis""]",4,45,9,True,offensive,"[0, 0, 0, 0, 0, 0, 0, 0, 0, 0, 0, 0, 0, 0, 0, 0, 0, 0, 0, 0, 0, 0, 0, 0, 0, 0, 1, 0, 0, 0, 0, 0, 0, 0, 0, 0, 0, 1, 0, 0, 0, 0, 0, 0, 0]","[""scum"", ""pakis""]"
17707630_gab,train,another boycott action for you all if i have not already mentioned it sofi com online finance company they have put out at least <number> ads showing a white whore her mystery meat buck and their quadro on pickaninny kid made me sick to my stomach take your business elsewhere i implore all whites,"[""another"", ""boycott"", ""action"", ""for"", ""you"", ""all"", ""if"", ""i"", ""have"", ""not"", ""already"", ""mentioned"", ""it"", ""sofi"", ""com"", ""online"", ""finance"", ""company"", ""they"", ""have"", ""put"", ""out"", ""at"", ""least"", ""<number>"", ""ads"", ""showing"", ""a"", ""white"", ""whore"", ""her"", ""mystery"", ""meat"", ""buck"", ""and"", ""their"", ""quadro"", ""on"", ""pickaninny"", ""kid"", ""made"", ""me"", ""sick"", ""to"", ""my"", ""stomach"", ""take"", ""your"", ""business"", ""elsewhere"", ""i"", ""implore"", ""all"", ""whites""]",hatespeech,Caucasian,"[0, 0, 0, 0, 0, 0, 0, 0, 0, 0, 0, 0, 0, 0, 0, 0, 0, 0, 0, 0, 0, 0, 0, 0, 0, 0, 0, 0, 1, 1, 0, 0, 0, 0, 0, 1, 1, 1, 1, 1, 1, 1, 1, 1, 1, 1, 0, 0, 0, 0, 0, 0, 0, 0]","[""white"", ""whore"", ""their"", ""quadro"", ""on"", ""pickaninny"", ""kid"", ""made"", ""me"", ""sick"", ""to"", ""my"", ""stomach""]",4,54,13,True,hatespeech,"[0, 0, 0, 0, 0, 0, 0, 0, 0, 0, 0, 0, 0, 0, 0, 0, 0, 0, 0, 0, 0, 0, 0, 0, 0, 0, 0, 0, 1, 1, 0, 0, 0, 0, 0, 0, 1, 1, 1, 0, 0, 0, 0, 0, 0, 0, 0, 0, 0, 0, 0, 0, 0, 0]","[""white"", ""whore"", ""quadro"", ""on"", ""pickaninny""]"
1178741019447308291_twitter,test,faggots still stan the fuck out of kim petras and it so fucking disgusting what worse is they use her as an excuse to love the trans community she a demon and the white devil if you still like her fuck off,"[""faggots"", ""still"", ""stan"", ""the"", ""fuck"", ""out"", ""of"", ""kim"", ""petras"", ""and"", ""it"", ""so"", ""fucking"", ""disgusting"", ""what"", ""worse"", ""is"", ""they"", ""use"", ""her"", ""as"", ""an"", ""excuse"", ""to"", ""love"", ""the"", ""trans"", ""community"", ""she"", ""a"", ""demon"", ""and"", ""the"", ""white"", ""devil"", ""if"", ""you"", ""still"", ""like"", ""her"", ""fuck"", ""off""]",offensive,Caucasian,"[1, 0, 0, 0, 0, 0, 0, 0, 0, 0, 0, 0, 0, 0, 0, 0, 0, 0, 0, 0, 0, 0, 0, 0, 0, 0, 0, 0, 0, 0, 0, 0, 0, 1, 1, 0, 0, 0, 0, 0, 0, 0]","[""faggots"", ""white"", ""devil""]",4,42,3,True,offensive,"[1, 0, 0, 0, 0, 0, 0, 0, 0, 0, 0, 0, 0, 0, 0, 0, 0, 0, 0, 0, 0, 0, 0, 0, 0, 0, 0, 0, 0, 0, 0, 0, 0, 1, 1, 0, 0, 0, 0, 0, 0, 0]","[""faggots"", ""white"", ""devil""]"
1179096065993302017_twitter,train,u white devil,"[""u"", ""white"", ""devil""]",hatespeech,Caucasian,"[0, 1, 0]","[""white""]",82,3,1,True,offensive,"[0, 1, 1]","[""white"", ""devil""]"
1179096065993302017_twitter,train,u white devil,"[""u"", ""white"", ""devil""]",offensive,Caucasian,"[0, 1, 1]","[""white"", ""devil""]",6,3,2,True,offensive,"[0, 1, 1]","[""white"", ""devil""]"
1179096065993302017_twitter,train,u white devil,"[""u"", ""white"", ""devil""]",offensive,Caucasian,"[0, 1, 1]","[""white"", ""devil""]",4,3,2,True,offensive,"[0, 1, 1]","[""white"", ""devil""]"
1179091423087316992_twitter,train,the white devil knows no meaning of the word chil 🤣 🤣 🤣 🤣,"[""the"", ""white"", ""devil"", ""knows"", ""no"", ""meaning"", ""of"", ""the"", ""word"", ""chil"", ""\ud83e\udd23"", ""\ud83e\udd23"", ""\ud83e\udd23"", ""\ud83e\udd23""]",hatespeech,Caucasian,"[0, 1, 1, 0, 0, 0, 0, 0, 0, 0, 0, 0, 0, 0]","[""white"", ""devil""]",82,14,2,True,hatespeech,"[0, 1, 1, 0, 0, 0, 0, 0, 0, 0, 0, 0, 0, 0]","[""white"", ""devil""]"
1179091423087316992_twitter,train,the white devil knows no meaning of the word chil 🤣 🤣 🤣 🤣,"[""the"", ""white"", ""devil"", ""knows"", ""no"", ""meaning"", ""of"", ""the"", ""word"", ""chil"", ""\ud83e\udd23"", ""\ud83e\udd23"", ""\ud83e\udd23"", ""\ud83e\udd23""]",offensive,Caucasian,"[0, 1, 1, 0, 0, 0, 0, 0, 0, 0, 0, 0, 0, 0]","[""white"", ""devil""]",6,14,2,True,hatespeech,"[0, 1, 1, 0, 0, 0, 0, 0, 0, 0, 0, 0, 0, 0]","[""white"", ""devil""]"
1179091423087316992_twitter,train,the white devil knows no meaning of the word chil 🤣 🤣 🤣 🤣,"[""the"", ""white"", ""devil"", ""knows"", ""no"", ""meaning"", ""of"", ""the"", ""word"", ""chil"", ""\ud83e\udd23"", ""\ud83e\udd23"", ""\ud83e\udd23"", ""\ud83e\udd23""]",hatespeech,Caucasian,"[0, 1, 1, 0, 0, 0, 0, 0, 0, 0, 0, 0, 0, 0]","[""white"", ""devil""]",4,14,2,True,hatespeech,"[0, 1, 1, 0, 0, 0, 0, 0, 0, 0, 0, 0, 0, 0]","[""white"", ""devil""]"
1179070232016482304_twitter,train,omg i am also seeing the white devil herself lana next week i am,"[""omg"", ""i"", ""am"", ""also"", ""seeing"", ""the"", ""white"", ""devil"", ""herself"", ""lana"", ""next"", ""week"", ""i"", ""am""]",hatespeech,Caucasian,"[0, 0, 0, 0, 0, 0, 1, 1, 0, 0, 0, 0, 0, 0]","[""white"", ""devil""]",82,14,2,True,hatespeech,"[0, 0, 0, 0, 0, 0, 1, 1, 0, 0, 0, 0, 0, 0]","[""white"", ""devil""]"
1179070232016482304_twitter,train,omg i am also seeing the white devil herself lana next week i am,"[""omg"", ""i"", ""am"", ""also"", ""seeing"", ""the"", ""white"", ""devil"", ""herself"", ""lana"", ""next"", ""week"", ""i"", ""am""]",offensive,Caucasian,"[0, 0, 0, 0, 0, 0, 1, 1, 0, 0, 0, 0, 0, 0]","[""white"", ""devil""]",6,14,2,True,hatespeech,"[0, 0, 0, 0, 0, 0, 1, 1, 0, 0, 0, 0, 0, 0]","[""white"", ""devil""]"
1179070232016482304_twitter,train,omg i am also seeing the white devil herself lana next week i am,"[""omg"", ""i"", ""am"", ""also"", ""seeing"", ""the"", ""white"", ""devil"", ""herself"", ""lana"", ""next"", ""week"", ""i"", ""am""]",hatespeech,Caucasian,"[0, 0, 0, 0, 0, 0, 1, 1, 0, 0, 0, 0, 0, 0]","[""white"", ""devil""]",4,14,2,True,hatespeech,"[0, 0, 0, 0, 0, 0, 1, 1, 0, 0, 0, 0, 0, 0]","[""white"", ""devil""]"
1178906018572578816_twitter,test,barn full of white bitches,"[""barn"", ""full"", ""of"", ""white"", ""bitches""]",offensive,Caucasian,"[0, 0, 0, 1, 1]","[""white"", ""bitches""]",4,5,2,True,offensive,"[0, 0, 0, 1, 1]","[""white"", ""bitches""]"
1179082218809024512_twitter,train,dreading working with that white bitch tonight 🙄 gotta get higher than normal,"[""dreading"", ""working"", ""with"", ""that"", ""white"", ""bitch"", ""tonight"", ""\ud83d\ude44"", ""gotta"", ""get"", ""higher"", ""than"", ""normal""]",offensive,Caucasian,"[0, 0, 0, 0, 1, 1, 0, 0, 0, 0, 0, 0, 0]","[""white"", ""bitch""]",3,13,2,True,offensive,"[0, 0, 0, 0, 1, 1, 0, 0, 0, 0, 0, 0, 0]","[""white"", ""bitch""]"
1179082218809024512_twitter,train,dreading working with that white bitch tonight 🙄 gotta get higher than normal,"[""dreading"", ""working"", ""with"", ""that"", ""white"", ""bitch"", ""tonight"", ""\ud83d\ude44"", ""gotta"", ""get"", ""higher"", ""than"", ""normal""]",offensive,Caucasian,"[0, 0, 0, 0, 1, 1, 0, 0, 0, 0, 0, 0, 0]","[""white"", ""bitch""]",1,13,2,True,offensive,"[0, 0, 0, 0, 1, 1, 0, 0, 0, 0, 0, 0, 0]","[""white"", ""bitch""]"
1179082218809024512_twitter,train,dreading working with that white bitch tonight 🙄 gotta get higher than normal,"[""dreading"", ""working"", ""with"", ""that"", ""white"", ""bitch"", ""tonight"", ""\ud83d\ude44"", ""gotta"", ""get"", ""higher"", ""than"", ""normal""]",offensive,Caucasian,"[0, 0, 0, 0, 1, 1, 0, 0, 0, 0, 0, 0, 0]","[""white"", ""bitch""]",4,13,2,True,offensive,"[0, 0, 0, 0, 1, 1, 0, 0, 0, 0, 0, 0, 0]","[""white"", ""bitch""]"
1179085877546496001_twitter,train,<user> literally the entire south calls it that its not a racial thing its the same as redneck engineering,"[""<user>"", ""literally"", ""the"", ""entire"", ""south"", ""calls"", ""it"", ""that"", ""its"", ""not"", ""a"", ""racial"", ""thing"", ""its"", ""the"", ""same"", ""as"", ""redneck"", ""engineering""]",offensive,Caucasian,"[0, 0, 0, 0, 0, 0, 0, 0, 0, 0, 0, 0, 0, 0, 0, 0, 0, 1, 0]","[""redneck""]",4,19,1,True,offensive,"[0, 0, 0, 0, 0, 0, 0, 0, 0, 0, 0, 0, 0, 0, 0, 0, 0, 1, 0]","[""redneck""]"
1178490316212654085_twitter,train,<user> actually white people are dating back to <number> shit probably even before that you all feel so entitled to everything when you all literally just bring disease and attitude with you everywhere you do white people have been annoying since the beginning of time,"[""<user>"", ""actually"", ""white"", ""people"", ""are"", ""dating"", ""back"", ""to"", ""<number>"", ""shit"", ""probably"", ""even"", ""before"", ""that"", ""you"", ""all"", ""feel"", ""so"", ""entitled"", ""to"", ""everything"", ""when"", ""you"", ""all"", ""literally"", ""just"", ""bring"", ""disease"", ""and"", ""attitude"", ""with"", ""you"", ""everywhere"", ""you"", ""do"", ""white"", ""people"", ""have"", ""been"", ""annoying"", ""since"", ""the"", ""beginning"", ""of"", ""time""]",offensive,Caucasian,"[0, 0, 0, 0, 0, 0, 0, 0, 0, 0, 0, 0, 0, 0, 0, 0, 0, 0, 0, 0, 0, 0, 0, 0, 0, 0, 0, 0, 0, 0, 0, 0, 0, 0, 0, 1, 1, 1, 1, 1, 0, 0, 0, 0, 0]","[""white"", ""people"", ""have"", ""been"", ""annoying""]",5,45,5,True,offensive,"[0, 0, 0, 0, 0, 0, 0, 0, 0, 0, 0, 0, 0, 0, 0, 0, 0, 0, 0, 0, 0, 0, 0, 0, 0, 0, 0, 0, 0, 0, 0, 0, 0, 0, 0, 1, 1, 0, 0, 0, 0, 0, 0, 0, 0]","[""white"", ""people""]"
1178490316212654085_twitter,train,<user> actually white people are dating back to <number> shit probably even before that you all feel so entitled to everything when you all literally just bring disease and attitude with you everywhere you do white people have been annoying since the beginning of time,"[""<user>"", ""actually"", ""white"", ""people"", ""are"", ""dating"", ""back"", ""to"", ""<number>"", ""shit"", ""probably"", ""even"", ""before"", ""that"", ""you"", ""all"", ""feel"", ""so"", ""entitled"", ""to"", ""everything"", ""when"", ""you"", ""all"", ""literally"", ""just"", ""bring"", ""disease"", ""and"", ""attitude"", ""with"", ""you"", ""everywhere"", ""you"", ""do"", ""white"", ""people"", ""have"", ""been"", ""annoying"", ""since"", ""the"", ""beginning"", ""of"", ""time""]",hatespeech,Caucasian,"[0, 0, 1, 1, 0, 0, 0, 0, 0, 0, 0, 0, 0, 0, 0, 0, 0, 0, 0, 0, 0, 0, 0, 0, 0, 0, 0, 0, 0, 0, 0, 0, 0, 0, 0, 1, 1, 0, 0, 0, 0, 0, 0, 0, 0]","[""white"", ""people"", ""white"", ""people""]",67,45,4,True,offensive,"[0, 0, 0, 0, 0, 0, 0, 0, 0, 0, 0, 0, 0, 0, 0, 0, 0, 0, 0, 0, 0, 0, 0, 0, 0, 0, 0, 0, 0, 0, 0, 0, 0, 0, 0, 1, 1, 0, 0, 0, 0, 0, 0, 0, 0]","[""white"", ""people""]"
13133876_gab,train,well that mudshark whore in the middle is used to taking jamie foxx ghetto schlong in her not that surprising,"[""well"", ""that"", ""mudshark"", ""whore"", ""in"", ""the"", ""middle"", ""is"", ""used"", ""to"", ""taking"", ""jamie"", ""foxx"", ""ghetto"", ""schlong"", ""in"", ""her"", ""not"", ""that"", ""surprising""]",hatespeech,Caucasian,"[0, 0, 1, 1, 0, 0, 0, 0, 0, 0, 0, 0, 0, 1, 1, 0, 0, 0, 0, 0]","[""mudshark"", ""whore"", ""ghetto"", ""schlong""]",4,20,4,True,hatespeech,"[0, 0, 1, 1, 0, 0, 0, 0, 0, 0, 0, 0, 0, 1, 1, 0, 0, 0, 0, 0]","[""mudshark"", ""whore"", ""ghetto"", ""schlong""]"
25016495_gab,train,i got in a argument with that mudshark after her redice interview she is not a nationalist nor altright an egalitarian sjw is closer to her beliefs her comment about nationalism being superior to others is a lie,"[""i"", ""got"", ""in"", ""a"", ""argument"", ""with"", ""that"", ""mudshark"", ""after"", ""her"", ""redice"", ""interview"", ""she"", ""is"", ""not"", ""a"", ""nationalist"", ""nor"", ""altright"", ""an"", ""egalitarian"", ""sjw"", ""is"", ""closer"", ""to"", ""her"", ""beliefs"", ""her"", ""comment"", ""about"", ""nationalism"", ""being"", ""superior"", ""to"", ""others"", ""is"", ""a"", ""lie""]",hatespeech,Caucasian,"[0, 0, 0, 0, 0, 0, 0, 1, 0, 0, 0, 0, 0, 0, 0, 0, 0, 0, 0, 0, 0, 0, 0, 0, 0, 0, 0, 0, 0, 0, 0, 0, 0, 0, 0, 0, 0, 0]","[""mudshark""]",4,38,1,True,hatespeech,"[0, 0, 0, 0, 0, 0, 0, 1, 0, 0, 0, 0, 0, 0, 0, 0, 0, 0, 0, 0, 0, 0, 0, 0, 0, 0, 0, 0, 0, 0, 0, 0, 0, 0, 0, 0, 0, 0]","[""mudshark""]"
23331753_gab,train,do you think admitted mudshark and slit licker <user> looks like,"[""do"", ""you"", ""think"", ""admitted"", ""mudshark"", ""and"", ""slit"", ""licker"", ""<user>"", ""looks"", ""like""]",hatespeech,Caucasian,"[0, 0, 0, 0, 1, 0, 0, 0, 0, 0, 0]","[""mudshark""]",4,11,1,True,hatespeech,"[0, 0, 0, 0, 1, 0, 1, 1, 1, 0, 0]","[""mudshark"", ""slit"", ""licker"", ""<user>""]"
1178637505710583810_twitter,train,stoked for civil war part deux redneck revenge this week,"[""stoked"", ""for"", ""civil"", ""war"", ""part"", ""deux"", ""redneck"", ""revenge"", ""this"", ""week""]",offensive,Caucasian,"[0, 0, 0, 0, 0, 0, 1, 0, 0, 0]","[""redneck""]",4,10,1,True,offensive,"[0, 0, 0, 0, 0, 0, 1, 0, 0, 0]","[""redneck""]"
1178778213348237312_twitter,train,<user> <user> <user> you call me names and then you follow me i am sorry i am not that desperate to settle for trailer trash like you,"[""<user>"", ""<user>"", ""<user>"", ""you"", ""call"", ""me"", ""names"", ""and"", ""then"", ""you"", ""follow"", ""me"", ""i"", ""am"", ""sorry"", ""i"", ""am"", ""not"", ""that"", ""desperate"", ""to"", ""settle"", ""for"", ""trailer"", ""trash"", ""like"", ""you""]",offensive,Caucasian,"[0, 0, 0, 0, 0, 0, 0, 0, 0, 0, 0, 0, 0, 0, 0, 0, 0, 0, 0, 0, 0, 0, 0, 1, 1, 0, 0]","[""trailer"", ""trash""]",52,27,2,True,offensive,"[0, 0, 0, 0, 0, 0, 0, 0, 0, 0, 0, 0, 0, 0, 0, 0, 0, 0, 0, 0, 0, 0, 0, 1, 1, 0, 0]","[""trailer"", ""trash""]"
1178778213348237312_twitter,train,<user> <user> <user> you call me names and then you follow me i am sorry i am not that desperate to settle for trailer trash like you,"[""<user>"", ""<user>"", ""<user>"", ""you"", ""call"", ""me"", ""names"", ""and"", ""then"", ""you"", ""follow"", ""me"", ""i"", ""am"", ""sorry"", ""i"", ""am"", ""not"", ""that"", ""desperate"", ""to"", ""settle"", ""for"", ""trailer"", ""trash"", ""like"", ""you""]",hatespeech,Caucasian,"[0, 0, 0, 0, 0, 0, 0, 0, 0, 0, 0, 0, 0, 0, 0, 0, 0, 0, 0, 0, 0, 0, 0, 1, 1, 0, 0]","[""trailer"", ""trash""]",44,27,2,True,offensive,"[0, 0, 0, 0, 0, 0, 0, 0, 0, 0, 0, 0, 0, 0, 0, 0, 0, 0, 0, 0, 0, 0, 0, 1, 1, 0, 0]","[""trailer"", ""trash""]"
11947712_gab,train,i see you are hanging on my every word nigger loving whore sorry i do not date mudsharks though,"[""i"", ""see"", ""you"", ""are"", ""hanging"", ""on"", ""my"", ""every"", ""word"", ""nigger"", ""loving"", ""whore"", ""sorry"", ""i"", ""do"", ""not"", ""date"", ""mudsharks"", ""though""]",hatespeech,Caucasian,"[0, 0, 0, 0, 0, 0, 0, 0, 0, 1, 1, 1, 0, 0, 0, 0, 0, 1, 0]","[""nigger"", ""loving"", ""whore"", ""mudsharks""]",4,19,4,True,hatespeech,"[0, 0, 0, 0, 0, 0, 0, 0, 0, 1, 1, 1, 0, 0, 0, 0, 0, 1, 0]","[""nigger"", ""loving"", ""whore"", ""mudsharks""]"
1178518576283545602_twitter,train,what wrong with these crazy dumb white maggots why can not they take responsibility for what they say and do they are obviously fucking crazy and retarded,"[""what"", ""wrong"", ""with"", ""these"", ""crazy"", ""dumb"", ""white"", ""maggots"", ""why"", ""can"", ""not"", ""they"", ""take"", ""responsibility"", ""for"", ""what"", ""they"", ""say"", ""and"", ""do"", ""they"", ""are"", ""obviously"", ""fucking"", ""crazy"", ""and"", ""retarded""]",offensive,Caucasian,"[0, 0, 0, 0, 1, 1, 1, 1, 0, 0, 0, 0, 0, 0, 0, 0, 0, 0, 0, 0, 0, 0, 0, 0, 0, 0, 1]","[""crazy"", ""dumb"", ""white"", ""maggots"", ""retarded""]",91,27,5,True,hatespeech,"[0, 0, 0, 0, 0, 0, 1, 1, 0, 0, 0, 0, 0, 0, 0, 0, 0, 0, 0, 0, 0, 0, 0, 0, 0, 0, 1]","[""white"", ""maggots"", ""retarded""]"
1178518576283545602_twitter,train,what wrong with these crazy dumb white maggots why can not they take responsibility for what they say and do they are obviously fucking crazy and retarded,"[""what"", ""wrong"", ""with"", ""these"", ""crazy"", ""dumb"", ""white"", ""maggots"", ""why"", ""can"", ""not"", ""they"", ""take"", ""responsibility"", ""for"", ""what"", ""they"", ""say"", ""and"", ""do"", ""they"", ""are"", ""obviously"", ""fucking"", ""crazy"", ""and"", ""retarded""]",hatespeech,Caucasian,"[0, 0, 0, 0, 0, 0, 1, 1, 0, 0, 0, 0, 0, 0, 0, 0, 0, 0, 0, 0, 0, 0, 0, 0, 0, 0, 1]","[""white"", ""maggots"", ""retarded""]",4,27,3,True,hatespeech,"[0, 0, 0, 0, 0, 0, 1, 1, 0, 0, 0, 0, 0, 0, 0, 0, 0, 0, 0, 0, 0, 0, 0, 0, 0, 0, 1]","[""white"", ""maggots"", ""retarded""]"
1178784129867010049_twitter,train,<user> it ain t over until the white house hillbilly calls out a feud,"[""<user>"", ""it"", ""ain"", ""t"", ""over"", ""until"", ""the"", ""white"", ""house"", ""hillbilly"", ""calls"", ""out"", ""a"", ""feud""]",offensive,Caucasian,"[0, 0, 0, 0, 0, 0, 0, 0, 0, 1, 0, 0, 0, 0]","[""hillbilly""]",4,14,1,True,offensive,"[0, 0, 0, 0, 0, 0, 0, 0, 0, 1, 0, 0, 0, 0]","[""hillbilly""]"
18875062_gab,train,yeah try bitch and i will shove an ar15 up your snow nigger ass,"[""yeah"", ""try"", ""bitch"", ""and"", ""i"", ""will"", ""shove"", ""an"", ""ar15"", ""up"", ""your"", ""snow"", ""nigger"", ""ass""]",hatespeech,Caucasian,"[0, 0, 0, 0, 0, 0, 0, 0, 0, 0, 0, 1, 1, 0]","[""snow"", ""nigger""]",45,14,2,True,hatespeech,"[0, 0, 0, 0, 0, 0, 0, 0, 0, 0, 0, 0, 1, 0]","[""nigger""]"
23996510_gab,train,all good reasons with all this evidence my wife and i cannot figure out why white girls hook up with the nigger,"[""all"", ""good"", ""reasons"", ""with"", ""all"", ""this"", ""evidence"", ""my"", ""wife"", ""and"", ""i"", ""cannot"", ""figure"", ""out"", ""why"", ""white"", ""girls"", ""hook"", ""up"", ""with"", ""the"", ""nigger""]",hatespeech,Caucasian,"[0, 0, 0, 0, 0, 0, 0, 0, 0, 0, 1, 1, 1, 1, 1, 1, 1, 1, 1, 1, 1, 1]","[""i"", ""cannot"", ""figure"", ""out"", ""why"", ""white"", ""girls"", ""hook"", ""up"", ""with"", ""the"", ""nigger""]",4,22,12,True,hatespeech,"[0, 0, 0, 0, 0, 0, 0, 0, 0, 0, 0, 0, 0, 0, 0, 0, 0, 0, 0, 0, 0, 1]","[""nigger""]"
21614722_gab,train,tillerson is a globalist i was surprised he was ever hired he likes having queers in the boy scouts,"[""tillerson"", ""is"", ""a"", ""globalist"", ""i"", ""was"", ""surprised"", ""he"", ""was"", ""ever"", ""hired"", ""he"", ""likes"", ""having"", ""queers"", ""in"", ""the"", ""boy"", ""scouts""]",offensive,Caucasian,"[0, 0, 0, 0, 0, 0, 0, 0, 0, 0, 0, 0, 0, 0, 1, 0, 0, 0, 0]","[""queers""]",108,19,1,True,offensive,"[0, 0, 0, 0, 0, 0, 0, 0, 0, 0, 0, 0, 0, 0, 1, 0, 0, 0, 0]","[""queers""]"
18971841_gab,val,ill tell you for sure that these cunts dont and neither do you im about <percent> sure youre a kike who is pretending to be kurdish so he can spread pro zionist opinions among kurds who israel relies on to disrupt muh shia crescent,"[""ill"", ""tell"", ""you"", ""for"", ""sure"", ""that"", ""these"", ""cunts"", ""dont"", ""and"", ""neither"", ""do"", ""you"", ""im"", ""about"", ""<percent>"", ""sure"", ""youre"", ""a"", ""kike"", ""who"", ""is"", ""pretending"", ""to"", ""be"", ""kurdish"", ""so"", ""he"", ""can"", ""spread"", ""pro"", ""zionist"", ""opinions"", ""among"", ""kurds"", ""who"", ""israel"", ""relies"", ""on"", ""to"", ""disrupt"", ""muh"", ""shia"", ""crescent""]",hatespeech,Caucasian,"[0, 0, 0, 0, 0, 0, 0, 1, 0, 0, 0, 0, 0, 0, 0, 0, 0, 0, 0, 1, 0, 0, 0, 0, 0, 0, 0, 0, 0, 0, 0, 0, 0, 0, 0, 0, 0, 0, 0, 0, 0, 0, 0, 0]","[""cunts"", ""kike""]",108,44,2,True,hatespeech,"[0, 0, 0, 0, 0, 0, 0, 1, 0, 0, 0, 0, 0, 0, 0, 0, 0, 0, 0, 1, 0, 0, 0, 0, 0, 0, 0, 0, 0, 0, 0, 0, 0, 0, 0, 0, 0, 0, 0, 0, 0, 0, 0, 0]","[""cunts"", ""kike""]"
7047490_gab,train,i guess this nigger and his mudshark are unaware of the merchant this is some hilarious trolling,"[""i"", ""guess"", ""this"", ""nigger"", ""and"", ""his"", ""mudshark"", ""are"", ""unaware"", ""of"", ""the"", ""merchant"", ""this"", ""is"", ""some"", ""hilarious"", ""trolling""]",hatespeech,Caucasian,"[0, 0, 0, 1, 0, 0, 1, 0, 0, 0, 0, 0, 0, 0, 0, 0, 0]","[""nigger"", ""mudshark""]",4,17,2,True,hatespeech,"[0, 0, 0, 1, 0, 0, 1, 0, 0, 0, 0, 0, 0, 0, 0, 0, 0]","[""nigger"", ""mudshark""]"
12023581_gab,test,a female kike is not a woman or a dame no one should ever reproduce with a jewess to avoid making more jews how is that jewess brave,"[""a"", ""female"", ""kike"", ""is"", ""not"", ""a"", ""woman"", ""or"", ""a"", ""dame"", ""no"", ""one"", ""should"", ""ever"", ""reproduce"", ""with"", ""a"", ""jewess"", ""to"", ""avoid"", ""making"", ""more"", ""jews"", ""how"", ""is"", ""that"", ""jewess"", ""brave""]",hatespeech,Caucasian,"[0, 0, 1, 0, 0, 0, 0, 0, 0, 0, 0, 0, 0, 0, 0, 0, 0, 0, 0, 0, 0, 0, 0, 0, 0, 0, 0, 0]","[""kike""]",108,28,1,True,hatespeech,"[0, 0, 1, 0, 0, 0, 0, 0, 0, 0, 0, 0, 0, 0, 0, 0, 0, 0, 0, 0, 0, 0, 0, 0, 0, 0, 0, 0]","[""kike""]"
1179064245918547968_twitter,val,glad they found that white bitch amber guyer guilty but i am not too sure about the sentencing they might give her fuckin probation or some done shit,"[""glad"", ""they"", ""found"", ""that"", ""white"", ""bitch"", ""amber"", ""guyer"", ""guilty"", ""but"", ""i"", ""am"", ""not"", ""too"", ""sure"", ""about"", ""the"", ""sentencing"", ""they"", ""might"", ""give"", ""her"", ""fuckin"", ""probation"", ""or"", ""some"", ""done"", ""shit""]",offensive,Caucasian,"[0, 0, 0, 0, 1, 1, 0, 0, 0, 0, 0, 0, 0, 0, 0, 0, 0, 0, 0, 0, 0, 0, 0, 0, 0, 0, 0, 0]","[""white"", ""bitch""]",132,28,2,True,offensive,"[0, 0, 0, 0, 1, 1, 0, 0, 0, 0, 0, 0, 0, 0, 0, 0, 0, 0, 0, 0, 0, 0, 0, 0, 0, 0, 0, 0]","[""white"", ""bitch""]"
1179064245918547968_twitter,val,glad they found that white bitch amber guyer guilty but i am not too sure about the sentencing they might give her fuckin probation or some done shit,"[""glad"", ""they"", ""found"", ""that"", ""white"", ""bitch"", ""amber"", ""guyer"", ""guilty"", ""but"", ""i"", ""am"", ""not"", ""too"", ""sure"", ""about"", ""the"", ""sentencing"", ""they"", ""might"", ""give"", ""her"", ""fuckin"", ""probation"", ""or"", ""some"", ""done"", ""shit""]",offensive,Caucasian,"[0, 0, 0, 0, 1, 1, 0, 0, 0, 0, 0, 0, 0, 0, 0, 0, 0, 0, 0, 0, 0, 0, 0, 0, 0, 0, 0, 0]","[""white"", ""bitch""]",4,28,2,True,offensive,"[0, 0, 0, 0, 1, 1, 0, 0, 0, 0, 0, 0, 0, 0, 0, 0, 0, 0, 0, 0, 0, 0, 0, 0, 0, 0, 0, 0]","[""white"", ""bitch""]"
1179071818617049091_twitter,train,i hate white boys i hate white boys i hate white boys i hate white boys i hate white boys i hate white boys i hate white boys i hate white boys i,"[""i"", ""hate"", ""white"", ""boys"", ""i"", ""hate"", ""white"", ""boys"", ""i"", ""hate"", ""white"", ""boys"", ""i"", ""hate"", ""white"", ""boys"", ""i"", ""hate"", ""white"", ""boys"", ""i"", ""hate"", ""white"", ""boys"", ""i"", ""hate"", ""white"", ""boys"", ""i"", ""hate"", ""white"", ""boys"", ""i""]",hatespeech,Caucasian,"[1, 1, 1, 1, 0, 0, 0, 0, 0, 0, 0, 0, 0, 0, 0, 0, 0, 0, 0, 0, 0, 0, 0, 0, 0, 0, 0, 0, 0, 0, 0, 0, 0]","[""i"", ""hate"", ""white"", ""boys""]",155,33,4,True,hatespeech,"[1, 1, 1, 1, 0, 0, 0, 0, 0, 0, 0, 0, 0, 0, 0, 0, 0, 0, 0, 0, 0, 0, 0, 0, 0, 0, 0, 0, 0, 0, 0, 0, 0]","[""i"", ""hate"", ""white"", ""boys""]"
1179071818617049091_twitter,train,i hate white boys i hate white boys i hate white boys i hate white boys i hate white boys i hate white boys i hate white boys i hate white boys i,"[""i"", ""hate"", ""white"", ""boys"", ""i"", ""hate"", ""white"", ""boys"", ""i"", ""hate"", ""white"", ""boys"", ""i"", ""hate"", ""white"", ""boys"", ""i"", ""hate"", ""white"", ""boys"", ""i"", ""hate"", ""white"", ""boys"", ""i"", ""hate"", ""white"", ""boys"", ""i"", ""hate"", ""white"", ""boys"", ""i""]",offensive,Caucasian,"[1, 1, 1, 1, 0, 0, 0, 0, 0, 0, 0, 0, 0, 0, 0, 0, 0, 0, 0, 0, 0, 0, 0, 0, 0, 0, 0, 0, 0, 0, 0, 0, 0]","[""i"", ""hate"", ""white"", ""boys""]",132,33,4,True,hatespeech,"[1, 1, 1, 1, 0, 0, 0, 0, 0, 0, 0, 0, 0, 0, 0, 0, 0, 0, 0, 0, 0, 0, 0, 0, 0, 0, 0, 0, 0, 0, 0, 0, 0]","[""i"", ""hate"", ""white"", ""boys""]"
1179071818617049091_twitter,train,i hate white boys i hate white boys i hate white boys i hate white boys i hate white boys i hate white boys i hate white boys i hate white boys i,"[""i"", ""hate"", ""white"", ""boys"", ""i"", ""hate"", ""white"", ""boys"", ""i"", ""hate"", ""white"", ""boys"", ""i"", ""hate"", ""white"", ""boys"", ""i"", ""hate"", ""white"", ""boys"", ""i"", ""hate"", ""white"", ""boys"", ""i"", ""hate"", ""white"", ""boys"", ""i"", ""hate"", ""white"", ""boys"", ""i""]",hatespeech,Caucasian,"[1, 1, 1, 1, 1, 1, 1, 1, 1, 1, 1, 1, 1, 1, 1, 1, 1, 1, 1, 1, 1, 1, 1, 1, 1, 1, 1, 1, 1, 1, 1, 1, 1]","[""i"", ""hate"", ""white"", ""boys"", ""i"", ""hate"", ""white"", ""boys"", ""i"", ""hate"", ""white"", ""boys"", ""i"", ""hate"", ""white"", ""boys"", ""i"", ""hate"", ""white"", ""boys"", ""i"", ""hate"", ""white"", ""boys"", ""i"", ""hate"", ""white"", ""boys"", ""i"", ""hate"", ""white"", ""boys"", ""i""]",4,33,33,True,hatespeech,"[1, 1, 1, 1, 0, 0, 0, 0, 0, 0, 0, 0, 0, 0, 0, 0, 0, 0, 0, 0, 0, 0, 0, 0, 0, 0, 0, 0, 0, 0, 0, 0, 0]","[""i"", ""hate"", ""white"", ""boys""]"
1178858717468450817_twitter,train,hey white trash nsa remember this i will always be smarter than you even now godalwayswins,"[""hey"", ""white"", ""trash"", ""nsa"", ""remember"", ""this"", ""i"", ""will"", ""always"", ""be"", ""smarter"", ""than"", ""you"", ""even"", ""now"", ""godalwayswins""]",offensive,Caucasian,"[0, 1, 1, 0, 0, 0, 0, 0, 0, 0, 0, 0, 0, 0, 0, 0]","[""white"", ""trash""]",1,16,2,True,offensive,"[0, 1, 1, 0, 0, 0, 0, 0, 0, 0, 0, 0, 0, 0, 0, 0]","[""white"", ""trash""]"
1178858717468450817_twitter,train,hey white trash nsa remember this i will always be smarter than you even now godalwayswins,"[""hey"", ""white"", ""trash"", ""nsa"", ""remember"", ""this"", ""i"", ""will"", ""always"", ""be"", ""smarter"", ""than"", ""you"", ""even"", ""now"", ""godalwayswins""]",offensive,Caucasian,"[0, 1, 1, 0, 0, 0, 0, 0, 0, 0, 0, 0, 0, 0, 0, 0]","[""white"", ""trash""]",4,16,2,True,offensive,"[0, 1, 1, 0, 0, 0, 0, 0, 0, 0, 0, 0, 0, 0, 0, 0]","[""white"", ""trash""]"
1178729017303810048_twitter,train,<user> <user> a friend of mine is the stereotypical southern redneck racist tm he also a good guy he does not want to be around blacks and does not want them around him this only extends to his personal life he works with blacks no problem,"[""<user>"", ""<user>"", ""a"", ""friend"", ""of"", ""mine"", ""is"", ""the"", ""stereotypical"", ""southern"", ""redneck"", ""racist"", ""tm"", ""he"", ""also"", ""a"", ""good"", ""guy"", ""he"", ""does"", ""not"", ""want"", ""to"", ""be"", ""around"", ""blacks"", ""and"", ""does"", ""not"", ""want"", ""them"", ""around"", ""him"", ""this"", ""only"", ""extends"", ""to"", ""his"", ""personal"", ""life"", ""he"", ""works"", ""with"", ""blacks"", ""no"", ""problem""]",offensive,Caucasian,"[0, 0, 0, 0, 0, 0, 0, 0, 0, 1, 1, 1, 0, 0, 0, 0, 0, 0, 0, 0, 0, 0, 0, 0, 0, 0, 0, 0, 0, 0, 0, 0, 0, 0, 0, 0, 0, 0, 0, 0, 0, 0, 0, 0, 0, 0]","[""southern"", ""redneck"", ""racist""]",1,46,3,True,offensive,"[0, 0, 0, 0, 0, 0, 0, 0, 0, 0, 1, 0, 0, 0, 0, 0, 0, 0, 0, 0, 0, 0, 0, 0, 0, 0, 0, 0, 0, 0, 0, 0, 0, 0, 0, 0, 0, 0, 0, 0, 0, 0, 0, 0, 0, 0]","[""redneck""]"
1178729017303810048_twitter,train,<user> <user> a friend of mine is the stereotypical southern redneck racist tm he also a good guy he does not want to be around blacks and does not want them around him this only extends to his personal life he works with blacks no problem,"[""<user>"", ""<user>"", ""a"", ""friend"", ""of"", ""mine"", ""is"", ""the"", ""stereotypical"", ""southern"", ""redneck"", ""racist"", ""tm"", ""he"", ""also"", ""a"", ""good"", ""guy"", ""he"", ""does"", ""not"", ""want"", ""to"", ""be"", ""around"", ""blacks"", ""and"", ""does"", ""not"", ""want"", ""them"", ""around"", ""him"", ""this"", ""only"", ""extends"", ""to"", ""his"", ""personal"", ""life"", ""he"", ""works"", ""with"", ""blacks"", ""no"", ""problem""]",offensive,Caucasian,"[0, 0, 0, 0, 0, 0, 0, 0, 0, 0, 1, 0, 0, 0, 0, 0, 0, 0, 0, 0, 0, 0, 0, 0, 0, 0, 0, 0, 0, 0, 0, 0, 0, 0, 0, 0, 0, 0, 0, 0, 0, 0, 0, 0, 0, 0]","[""redneck""]",4,46,1,True,offensive,"[0, 0, 0, 0, 0, 0, 0, 0, 0, 0, 1, 0, 0, 0, 0, 0, 0, 0, 0, 0, 0, 0, 0, 0, 0, 0, 0, 0, 0, 0, 0, 0, 0, 0, 0, 0, 0, 0, 0, 0, 0, 0, 0, 0, 0, 0]","[""redneck""]"
1178480625939992576_twitter,train,this white boy is a fucking crack head,"[""this"", ""white"", ""boy"", ""is"", ""a"", ""fucking"", ""crack"", ""head""]",offensive,Caucasian,"[0, 1, 1, 0, 0, 1, 1, 1]","[""white"", ""boy"", ""fucking"", ""crack"", ""head""]",87,8,5,True,offensive,"[0, 1, 1, 0, 0, 0, 1, 1]","[""white"", ""boy"", ""crack"", ""head""]"
1178480625939992576_twitter,train,this white boy is a fucking crack head,"[""this"", ""white"", ""boy"", ""is"", ""a"", ""fucking"", ""crack"", ""head""]",offensive,Caucasian,"[0, 1, 1, 0, 0, 0, 1, 1]","[""white"", ""boy"", ""crack"", ""head""]",2,8,4,True,offensive,"[0, 1, 1, 0, 0, 0, 1, 1]","[""white"", ""boy"", ""crack"", ""head""]"
1178480625939992576_twitter,train,this white boy is a fucking crack head,"[""this"", ""white"", ""boy"", ""is"", ""a"", ""fucking"", ""crack"", ""head""]",offensive,Caucasian,"[0, 0, 0, 0, 0, 0, 1, 1]","[""crack"", ""head""]",4,8,2,True,offensive,"[0, 1, 1, 0, 0, 0, 1, 1]","[""white"", ""boy"", ""crack"", ""head""]"
1178812309499760640_twitter,train,did god actually turn into trailer trash preacher 😂,"[""did"", ""god"", ""actually"", ""turn"", ""into"", ""trailer"", ""trash"", ""preacher"", ""\ud83d\ude02""]",offensive,Caucasian,"[0, 0, 0, 0, 0, 1, 1, 0, 0]","[""trailer"", ""trash""]",4,9,2,True,offensive,"[0, 0, 0, 0, 0, 1, 1, 0, 0]","[""trailer"", ""trash""]"
1178812309499760640_twitter,train,did god actually turn into trailer trash preacher 😂,"[""did"", ""god"", ""actually"", ""turn"", ""into"", ""trailer"", ""trash"", ""preacher"", ""\ud83d\ude02""]",offensive,Caucasian,"[0, 0, 0, 0, 0, 1, 1, 0, 0]","[""trailer"", ""trash""]",44,9,2,True,offensive,"[0, 0, 0, 0, 0, 1, 1, 0, 0]","[""trailer"", ""trash""]"
1179062852411363330_twitter,train,i had to be petty lmao ugly girl was going hard in the paint for her white trash sister in christ,"[""i"", ""had"", ""to"", ""be"", ""petty"", ""lmao"", ""ugly"", ""girl"", ""was"", ""going"", ""hard"", ""in"", ""the"", ""paint"", ""for"", ""her"", ""white"", ""trash"", ""sister"", ""in"", ""christ""]",offensive,Caucasian,"[0, 0, 0, 0, 0, 0, 1, 1, 0, 0, 0, 0, 0, 0, 0, 0, 1, 1, 1, 0, 0]","[""ugly"", ""girl"", ""white"", ""trash"", ""sister""]",146,21,5,True,offensive,"[0, 0, 0, 0, 0, 0, 0, 0, 0, 0, 0, 0, 0, 0, 0, 0, 1, 1, 0, 0, 0]","[""white"", ""trash""]"
1179062852411363330_twitter,train,i had to be petty lmao ugly girl was going hard in the paint for her white trash sister in christ,"[""i"", ""had"", ""to"", ""be"", ""petty"", ""lmao"", ""ugly"", ""girl"", ""was"", ""going"", ""hard"", ""in"", ""the"", ""paint"", ""for"", ""her"", ""white"", ""trash"", ""sister"", ""in"", ""christ""]",offensive,Caucasian,"[0, 0, 0, 0, 0, 0, 0, 0, 0, 0, 0, 0, 0, 0, 0, 0, 1, 1, 0, 0, 0]","[""white"", ""trash""]",4,21,2,True,offensive,"[0, 0, 0, 0, 0, 0, 0, 0, 0, 0, 0, 0, 0, 0, 0, 0, 1, 1, 0, 0, 0]","[""white"", ""trash""]"
1179062852411363330_twitter,train,i had to be petty lmao ugly girl was going hard in the paint for her white trash sister in christ,"[""i"", ""had"", ""to"", ""be"", ""petty"", ""lmao"", ""ugly"", ""girl"", ""was"", ""going"", ""hard"", ""in"", ""the"", ""paint"", ""for"", ""her"", ""white"", ""trash"", ""sister"", ""in"", ""christ""]",offensive,Caucasian,"[0, 0, 0, 0, 0, 0, 0, 0, 0, 0, 0, 0, 0, 0, 0, 0, 1, 1, 0, 0, 0]","[""white"", ""trash""]",17,21,2,True,offensive,"[0, 0, 0, 0, 0, 0, 0, 0, 0, 0, 0, 0, 0, 0, 0, 0, 1, 1, 0, 0, 0]","[""white"", ""trash""]"
27471577_gab,test,brits you should maybe storm the prison britainsbastile except leave the mudslimes in there,"[""brits"", ""you"", ""should"", ""maybe"", ""storm"", ""the"", ""prison"", ""britainsbastile"", ""except"", ""leave"", ""the"", ""mudslimes"", ""in"", ""there""]",offensive,Caucasian,"[0, 0, 0, 0, 0, 0, 0, 0, 0, 0, 0, 1, 0, 0]","[""mudslimes""]",46,14,1,True,hatespeech,"[0, 0, 0, 0, 0, 0, 0, 0, 0, 0, 0, 1, 0, 0]","[""mudslimes""]"
1178829382997164040_twitter,train,white bitches that swear they from the hood and wear big hoops,"[""white"", ""bitches"", ""that"", ""swear"", ""they"", ""from"", ""the"", ""hood"", ""and"", ""wear"", ""big"", ""hoops""]",offensive,Caucasian,"[1, 1, 0, 0, 0, 0, 0, 0, 0, 0, 0, 0]","[""white"", ""bitches""]",3,12,2,True,offensive,"[1, 1, 0, 0, 0, 0, 0, 0, 0, 0, 0, 0]","[""white"", ""bitches""]"
1178988938146521089_twitter,test,<user> looks more like white trailer trash,"[""<user>"", ""looks"", ""more"", ""like"", ""white"", ""trailer"", ""trash""]",hatespeech,Caucasian,"[0, 0, 0, 0, 1, 1, 1]","[""white"", ""trailer"", ""trash""]",99,7,3,True,offensive,"[0, 0, 0, 0, 1, 1, 1]","[""white"", ""trailer"", ""trash""]"
1178988938146521089_twitter,test,<user> looks more like white trailer trash,"[""<user>"", ""looks"", ""more"", ""like"", ""white"", ""trailer"", ""trash""]",offensive,Caucasian,"[0, 0, 0, 0, 1, 1, 1]","[""white"", ""trailer"", ""trash""]",4,7,3,True,offensive,"[0, 0, 0, 0, 1, 1, 1]","[""white"", ""trailer"", ""trash""]"
1178988938146521089_twitter,test,<user> looks more like white trailer trash,"[""<user>"", ""looks"", ""more"", ""like"", ""white"", ""trailer"", ""trash""]",offensive,Caucasian,"[0, 0, 0, 0, 1, 1, 1]","[""white"", ""trailer"", ""trash""]",39,7,3,True,offensive,"[0, 0, 0, 0, 1, 1, 1]","[""white"", ""trailer"", ""trash""]"
1178768313561862144_twitter,train,<user> she tweeted all the left does is call us redneck hillbillies and i responded you are a redneck hillbilly and i wasn t allowed back until i deleted the tweet huh,"[""<user>"", ""she"", ""tweeted"", ""all"", ""the"", ""left"", ""does"", ""is"", ""call"", ""us"", ""redneck"", ""hillbillies"", ""and"", ""i"", ""responded"", ""you"", ""are"", ""a"", ""redneck"", ""hillbilly"", ""and"", ""i"", ""wasn"", ""t"", ""allowed"", ""back"", ""until"", ""i"", ""deleted"", ""the"", ""tweet"", ""huh""]",offensive,Caucasian,"[0, 0, 0, 0, 0, 0, 0, 0, 0, 0, 1, 1, 0, 0, 0, 0, 0, 0, 0, 0, 0, 0, 0, 0, 0, 0, 0, 0, 0, 0, 0, 0]","[""redneck"", ""hillbillies""]",99,32,2,True,offensive,"[0, 0, 0, 0, 0, 0, 0, 0, 0, 0, 1, 1, 0, 0, 0, 0, 0, 0, 0, 0, 0, 0, 0, 0, 0, 0, 0, 0, 0, 0, 0, 0]","[""redneck"", ""hillbillies""]"
1178768313561862144_twitter,train,<user> she tweeted all the left does is call us redneck hillbillies and i responded you are a redneck hillbilly and i wasn t allowed back until i deleted the tweet huh,"[""<user>"", ""she"", ""tweeted"", ""all"", ""the"", ""left"", ""does"", ""is"", ""call"", ""us"", ""redneck"", ""hillbillies"", ""and"", ""i"", ""responded"", ""you"", ""are"", ""a"", ""redneck"", ""hillbilly"", ""and"", ""i"", ""wasn"", ""t"", ""allowed"", ""back"", ""until"", ""i"", ""deleted"", ""the"", ""tweet"", ""huh""]",offensive,Caucasian,"[0, 0, 0, 0, 0, 0, 0, 0, 0, 0, 0, 0, 0, 0, 0, 0, 0, 0, 1, 1, 0, 0, 0, 0, 0, 0, 0, 0, 0, 0, 0, 0]","[""redneck"", ""hillbilly""]",4,32,2,True,offensive,"[0, 0, 0, 0, 0, 0, 0, 0, 0, 0, 1, 1, 0, 0, 0, 0, 0, 0, 0, 0, 0, 0, 0, 0, 0, 0, 0, 0, 0, 0, 0, 0]","[""redneck"", ""hillbillies""]"
1178768313561862144_twitter,train,<user> she tweeted all the left does is call us redneck hillbillies and i responded you are a redneck hillbilly and i wasn t allowed back until i deleted the tweet huh,"[""<user>"", ""she"", ""tweeted"", ""all"", ""the"", ""left"", ""does"", ""is"", ""call"", ""us"", ""redneck"", ""hillbillies"", ""and"", ""i"", ""responded"", ""you"", ""are"", ""a"", ""redneck"", ""hillbilly"", ""and"", ""i"", ""wasn"", ""t"", ""allowed"", ""back"", ""until"", ""i"", ""deleted"", ""the"", ""tweet"", ""huh""]",offensive,Caucasian,"[0, 0, 0, 0, 0, 0, 0, 0, 0, 0, 1, 1, 0, 0, 0, 0, 0, 0, 0, 0, 0, 0, 0, 0, 0, 0, 0, 0, 0, 0, 0, 0]","[""redneck"", ""hillbillies""]",39,32,2,True,offensive,"[0, 0, 0, 0, 0, 0, 0, 0, 0, 0, 1, 1, 0, 0, 0, 0, 0, 0, 0, 0, 0, 0, 0, 0, 0, 0, 0, 0, 0, 0, 0, 0]","[""redneck"", ""hillbillies""]"
1178899973691232257_twitter,train,i gotta stop blaming myself for the shitty things that people do to me some people are just born and raised hot steaming piles of white trash,"[""i"", ""gotta"", ""stop"", ""blaming"", ""myself"", ""for"", ""the"", ""shitty"", ""things"", ""that"", ""people"", ""do"", ""to"", ""me"", ""some"", ""people"", ""are"", ""just"", ""born"", ""and"", ""raised"", ""hot"", ""steaming"", ""piles"", ""of"", ""white"", ""trash""]",hatespeech,Caucasian,"[0, 0, 0, 0, 0, 0, 0, 0, 0, 0, 0, 0, 0, 0, 0, 0, 0, 0, 0, 0, 0, 0, 0, 0, 0, 1, 1]","[""white"", ""trash""]",64,27,2,True,hatespeech,"[0, 0, 0, 0, 0, 0, 0, 0, 0, 0, 0, 0, 0, 0, 0, 0, 0, 0, 0, 0, 0, 0, 0, 0, 0, 1, 1]","[""white"", ""trash""]"
1178899973691232257_twitter,train,i gotta stop blaming myself for the shitty things that people do to me some people are just born and raised hot steaming piles of white trash,"[""i"", ""gotta"", ""stop"", ""blaming"", ""myself"", ""for"", ""the"", ""shitty"", ""things"", ""that"", ""people"", ""do"", ""to"", ""me"", ""some"", ""people"", ""are"", ""just"", ""born"", ""and"", ""raised"", ""hot"", ""steaming"", ""piles"", ""of"", ""white"", ""trash""]",hatespeech,Caucasian,"[0, 0, 0, 0, 0, 0, 0, 0, 0, 0, 0, 0, 0, 0, 0, 0, 0, 0, 0, 0, 0, 0, 0, 0, 0, 1, 1]","[""white"", ""trash""]",10,27,2,True,hatespeech,"[0, 0, 0, 0, 0, 0, 0, 0, 0, 0, 0, 0, 0, 0, 0, 0, 0, 0, 0, 0, 0, 0, 0, 0, 0, 1, 1]","[""white"", ""trash""]"
1178854574683279360_twitter,train,<user> i fucking hate white liberals,"[""<user>"", ""i"", ""fucking"", ""hate"", ""white"", ""liberals""]",hatespeech,Caucasian,"[0, 0, 0, 0, 1, 1]","[""white"", ""liberals""]",89,6,2,True,hatespeech,"[0, 0, 1, 1, 1, 0]","[""fucking"", ""hate"", ""white""]"
1178854574683279360_twitter,train,<user> i fucking hate white liberals,"[""<user>"", ""i"", ""fucking"", ""hate"", ""white"", ""liberals""]",hatespeech,Caucasian,"[0, 0, 1, 1, 1, 0]","[""fucking"", ""hate"", ""white""]",56,6,3,True,hatespeech,"[0, 0, 1, 1, 1, 0]","[""fucking"", ""hate"", ""white""]"
1178575545874841601_twitter,train,going from being with a white ghetto tweak bitch to a educated college bitch is a big ass jump and i do not know how to deal with it <sad>,"[""going"", ""from"", ""being"", ""with"", ""a"", ""white"", ""ghetto"", ""tweak"", ""bitch"", ""to"", ""a"", ""educated"", ""college"", ""bitch"", ""is"", ""a"", ""big"", ""ass"", ""jump"", ""and"", ""i"", ""do"", ""not"", ""know"", ""how"", ""to"", ""deal"", ""with"", ""it"", ""<sad>""]",offensive,Caucasian,"[0, 0, 0, 0, 0, 1, 1, 1, 1, 0, 0, 0, 0, 0, 0, 0, 0, 0, 0, 0, 0, 0, 0, 0, 0, 0, 0, 0, 0, 0]","[""white"", ""ghetto"", ""tweak"", ""bitch""]",89,30,4,True,offensive,"[0, 0, 0, 0, 0, 1, 1, 1, 1, 0, 0, 0, 0, 1, 0, 0, 0, 0, 0, 0, 0, 0, 0, 0, 0, 0, 0, 0, 0, 0]","[""white"", ""ghetto"", ""tweak"", ""bitch"", ""bitch""]"
1178575545874841601_twitter,train,going from being with a white ghetto tweak bitch to a educated college bitch is a big ass jump and i do not know how to deal with it <sad>,"[""going"", ""from"", ""being"", ""with"", ""a"", ""white"", ""ghetto"", ""tweak"", ""bitch"", ""to"", ""a"", ""educated"", ""college"", ""bitch"", ""is"", ""a"", ""big"", ""ass"", ""jump"", ""and"", ""i"", ""do"", ""not"", ""know"", ""how"", ""to"", ""deal"", ""with"", ""it"", ""<sad>""]",hatespeech,Caucasian,"[0, 0, 0, 0, 0, 1, 1, 1, 1, 0, 0, 0, 1, 1, 0, 0, 0, 0, 0, 0, 0, 0, 0, 0, 0, 0, 0, 0, 0, 0]","[""white"", ""ghetto"", ""tweak"", ""bitch"", ""college"", ""bitch""]",56,30,6,True,offensive,"[0, 0, 0, 0, 0, 1, 1, 1, 1, 0, 0, 0, 0, 1, 0, 0, 0, 0, 0, 0, 0, 0, 0, 0, 0, 0, 0, 0, 0, 0]","[""white"", ""ghetto"", ""tweak"", ""bitch"", ""bitch""]"
1178575545874841601_twitter,train,going from being with a white ghetto tweak bitch to a educated college bitch is a big ass jump and i do not know how to deal with it <sad>,"[""going"", ""from"", ""being"", ""with"", ""a"", ""white"", ""ghetto"", ""tweak"", ""bitch"", ""to"", ""a"", ""educated"", ""college"", ""bitch"", ""is"", ""a"", ""big"", ""ass"", ""jump"", ""and"", ""i"", ""do"", ""not"", ""know"", ""how"", ""to"", ""deal"", ""with"", ""it"", ""<sad>""]",offensive,Caucasian,"[0, 0, 0, 0, 0, 1, 1, 1, 1, 0, 0, 0, 0, 1, 0, 0, 0, 0, 0, 0, 0, 0, 0, 0, 0, 0, 0, 0, 0, 0]","[""white"", ""ghetto"", ""tweak"", ""bitch"", ""bitch""]",4,30,5,True,offensive,"[0, 0, 0, 0, 0, 1, 1, 1, 1, 0, 0, 0, 0, 1, 0, 0, 0, 0, 0, 0, 0, 0, 0, 0, 0, 0, 0, 0, 0, 0]","[""white"", ""ghetto"", ""tweak"", ""bitch"", ""bitch""]"
1178931079723405317_twitter,train,<user> not newsy that his redneck followers sticking by him now what about his sponsors and advertisers that surely more newsy 😂,"[""<user>"", ""not"", ""newsy"", ""that"", ""his"", ""redneck"", ""followers"", ""sticking"", ""by"", ""him"", ""now"", ""what"", ""about"", ""his"", ""sponsors"", ""and"", ""advertisers"", ""that"", ""surely"", ""more"", ""newsy"", ""\ud83d\ude02""]",offensive,Caucasian,"[0, 0, 0, 0, 0, 1, 0, 0, 0, 0, 0, 0, 0, 0, 0, 0, 0, 0, 0, 0, 0, 0]","[""redneck""]",4,22,1,True,offensive,"[0, 0, 0, 0, 0, 1, 0, 0, 0, 0, 0, 0, 0, 0, 0, 0, 0, 0, 0, 0, 0, 0]","[""redneck""]"
10521438_gab,train,court number one old bailey next year do you think you or any nigger perjurer will get away with it the white man marches on,"[""court"", ""number"", ""one"", ""old"", ""bailey"", ""next"", ""year"", ""do"", ""you"", ""think"", ""you"", ""or"", ""any"", ""nigger"", ""perjurer"", ""will"", ""get"", ""away"", ""with"", ""it"", ""the"", ""white"", ""man"", ""marches"", ""on""]",hatespeech,Caucasian,"[0, 0, 0, 0, 0, 0, 0, 0, 0, 0, 0, 0, 0, 1, 0, 0, 0, 0, 0, 0, 1, 1, 1, 1, 1]","[""nigger"", ""the"", ""white"", ""man"", ""marches"", ""on""]",4,25,6,True,hatespeech,"[0, 0, 0, 0, 0, 0, 0, 0, 0, 0, 0, 0, 0, 1, 0, 0, 0, 0, 0, 0, 0, 0, 0, 0, 0]","[""nigger""]"
9441299_gab,train,questions <number> would the black guy do the same to another black guy <number> would the paki do the same to another paki <number> would the white guy do the same to a non white no no yes and that america,"[""questions"", ""<number>"", ""would"", ""the"", ""black"", ""guy"", ""do"", ""the"", ""same"", ""to"", ""another"", ""black"", ""guy"", ""<number>"", ""would"", ""the"", ""paki"", ""do"", ""the"", ""same"", ""to"", ""another"", ""paki"", ""<number>"", ""would"", ""the"", ""white"", ""guy"", ""do"", ""the"", ""same"", ""to"", ""a"", ""non"", ""white"", ""no"", ""no"", ""yes"", ""and"", ""that"", ""america""]",hatespeech,Caucasian,"[0, 0, 0, 0, 0, 0, 0, 0, 0, 0, 0, 0, 0, 0, 0, 0, 0, 0, 0, 0, 0, 0, 0, 0, 0, 0, 1, 0, 0, 0, 0, 0, 0, 1, 1, 0, 0, 0, 0, 0, 0]","[""white"", ""non"", ""white""]",67,41,3,True,offensive,"[0, 0, 0, 0, 0, 0, 0, 0, 0, 0, 0, 0, 0, 0, 0, 0, 1, 0, 0, 0, 0, 0, 1, 0, 0, 0, 0, 0, 0, 0, 0, 0, 0, 0, 0, 0, 0, 0, 0, 0, 0]","[""paki"", ""paki""]"
9441299_gab,train,questions <number> would the black guy do the same to another black guy <number> would the paki do the same to another paki <number> would the white guy do the same to a non white no no yes and that america,"[""questions"", ""<number>"", ""would"", ""the"", ""black"", ""guy"", ""do"", ""the"", ""same"", ""to"", ""another"", ""black"", ""guy"", ""<number>"", ""would"", ""the"", ""paki"", ""do"", ""the"", ""same"", ""to"", ""another"", ""paki"", ""<number>"", ""would"", ""the"", ""white"", ""guy"", ""do"", ""the"", ""same"", ""to"", ""a"", ""non"", ""white"", ""no"", ""no"", ""yes"", ""and"", ""that"", ""america""]",offensive,Caucasian,"[0, 0, 0, 0, 0, 0, 0, 0, 0, 0, 0, 0, 0, 0, 0, 0, 1, 0, 0, 0, 0, 0, 1, 0, 0, 0, 0, 0, 0, 0, 0, 0, 0, 0, 0, 0, 0, 0, 0, 0, 0]","[""paki"", ""paki""]",4,41,2,True,offensive,"[0, 0, 0, 0, 0, 0, 0, 0, 0, 0, 0, 0, 0, 0, 0, 0, 1, 0, 0, 0, 0, 0, 1, 0, 0, 0, 0, 0, 0, 0, 0, 0, 0, 0, 0, 0, 0, 0, 0, 0, 0]","[""paki"", ""paki""]"
10911896_gab,train,suck that nigger dick you fucking faggot i absofuckinglutely hate what america has become goddamn white man get off your fucking knees,"[""suck"", ""that"", ""nigger"", ""dick"", ""you"", ""fucking"", ""faggot"", ""i"", ""absofuckinglutely"", ""hate"", ""what"", ""america"", ""has"", ""become"", ""goddamn"", ""white"", ""man"", ""get"", ""off"", ""your"", ""fucking"", ""knees""]",hatespeech,Caucasian,"[1, 1, 1, 1, 1, 1, 1, 0, 0, 0, 0, 0, 0, 0, 0, 1, 1, 1, 1, 1, 1, 1]","[""suck"", ""that"", ""nigger"", ""dick"", ""you"", ""fucking"", ""faggot"", ""white"", ""man"", ""get"", ""off"", ""your"", ""fucking"", ""knees""]",4,22,14,True,hatespeech,"[0, 0, 1, 1, 0, 0, 1, 0, 0, 0, 0, 0, 0, 0, 0, 0, 0, 0, 0, 0, 0, 0]","[""nigger"", ""dick"", ""faggot""]"
1178812343188381697_twitter,train,<user> what in the white devil,"[""<user>"", ""what"", ""in"", ""the"", ""white"", ""devil""]",offensive,Caucasian,"[0, 0, 0, 0, 1, 1]","[""white"", ""devil""]",4,6,2,True,offensive,"[0, 0, 0, 0, 1, 0]","[""white""]"
1178648764250279937_twitter,train,<user> nah he could be a hindu brown or a ching chong gookboy or a mexican derivative,"[""<user>"", ""nah"", ""he"", ""could"", ""be"", ""a"", ""hindu"", ""brown"", ""or"", ""a"", ""ching"", ""chong"", ""gookboy"", ""or"", ""a"", ""mexican"", ""derivative""]",hatespeech,Caucasian,"[0, 0, 0, 0, 0, 0, 0, 1, 0, 1, 1, 1, 1, 0, 0, 1, 1]","[""brown"", ""a"", ""ching"", ""chong"", ""gookboy"", ""mexican"", ""derivative""]",4,17,7,True,hatespeech,"[0, 0, 0, 0, 0, 0, 0, 0, 0, 0, 1, 1, 1, 0, 0, 0, 0]","[""ching"", ""chong"", ""gookboy""]"
25678950_gab,train,no worries the two we do have are certainly mudslime sympathizers,"[""no"", ""worries"", ""the"", ""two"", ""we"", ""do"", ""have"", ""are"", ""certainly"", ""mudslime"", ""sympathizers""]",offensive,Caucasian,"[0, 0, 0, 0, 0, 0, 0, 0, 0, 1, 0]","[""mudslime""]",46,11,1,True,offensive,"[0, 0, 0, 0, 0, 0, 0, 0, 0, 1, 0]","[""mudslime""]"
5238165_gab,train,dmtbka mudshark problems nigger word kills <number> year old,"[""dmtbka"", ""mudshark"", ""problems"", ""nigger"", ""word"", ""kills"", ""<number>"", ""year"", ""old""]",hatespeech,Caucasian,"[0, 1, 0, 1, 0, 0, 0, 0, 0]","[""mudshark"", ""nigger""]",4,9,2,True,hatespeech,"[0, 0, 0, 1, 0, 0, 0, 0, 0]","[""nigger""]"
18482291_gab,train,lol fuxking snow nigger i love it keep going,"[""lol"", ""fuxking"", ""snow"", ""nigger"", ""i"", ""love"", ""it"", ""keep"", ""going""]",hatespeech,Caucasian,"[0, 0, 1, 1, 0, 0, 0, 0, 0]","[""snow"", ""nigger""]",4,9,2,True,offensive,"[0, 0, 1, 1, 0, 0, 0, 0, 0]","[""snow"", ""nigger""]"
1179105427063214082_twitter,train,<user> bro you told when you around thick white bitches you start sweating and butterflies be in ya stomach,"[""<user>"", ""bro"", ""you"", ""told"", ""when"", ""you"", ""around"", ""thick"", ""white"", ""bitches"", ""you"", ""start"", ""sweating"", ""and"", ""butterflies"", ""be"", ""in"", ""ya"", ""stomach""]",offensive,Caucasian,"[0, 0, 0, 0, 0, 0, 0, 0, 1, 1, 0, 0, 0, 0, 0, 0, 0, 0, 0]","[""white"", ""bitches""]",5,19,2,True,offensive,"[0, 0, 0, 0, 0, 0, 0, 0, 1, 1, 0, 0, 0, 0, 0, 0, 0, 0, 0]","[""white"", ""bitches""]"
15848435_gab,train,what a f*cking <censored> kike dirty trick white nationalism is normal and healthy for european societies and countries i can hardly wait till their filthy slimy rat kike blood flows thick in the streets,"[""what"", ""a"", ""f*cking"", ""<censored>"", ""kike"", ""dirty"", ""trick"", ""white"", ""nationalism"", ""is"", ""normal"", ""and"", ""healthy"", ""for"", ""european"", ""societies"", ""and"", ""countries"", ""i"", ""can"", ""hardly"", ""wait"", ""till"", ""their"", ""filthy"", ""slimy"", ""rat"", ""kike"", ""blood"", ""flows"", ""thick"", ""in"", ""the"", ""streets""]",hatespeech,Caucasian,"[0, 0, 0, 0, 1, 0, 0, 0, 0, 0, 0, 0, 0, 0, 0, 0, 0, 0, 0, 0, 0, 0, 0, 0, 0, 0, 0, 1, 0, 0, 0, 0, 0, 0]","[""kike"", ""kike""]",70,34,2,True,hatespeech,"[0, 0, 0, 0, 1, 0, 0, 0, 0, 0, 0, 0, 0, 0, 0, 0, 0, 0, 0, 0, 0, 0, 0, 0, 0, 0, 0, 1, 0, 0, 0, 0, 0, 0]","[""kike"", ""kike""]"
13462408_gab,test,white people who have enough racial sense to avoid black areas for the obvious reasons still run around and act as though they can blindly trust jews to not lie to them and kike them over smdh,"[""white"", ""people"", ""who"", ""have"", ""enough"", ""racial"", ""sense"", ""to"", ""avoid"", ""black"", ""areas"", ""for"", ""the"", ""obvious"", ""reasons"", ""still"", ""run"", ""around"", ""and"", ""act"", ""as"", ""though"", ""they"", ""can"", ""blindly"", ""trust"", ""jews"", ""to"", ""not"", ""lie"", ""to"", ""them"", ""and"", ""kike"", ""them"", ""over"", ""smdh""]",hatespeech,Caucasian,"[1, 1, 1, 1, 1, 1, 1, 1, 1, 1, 1, 0, 0, 0, 0, 0, 0, 0, 0, 0, 0, 0, 0, 0, 1, 1, 1, 1, 1, 1, 1, 1, 1, 1, 1, 1, 0]","[""white"", ""people"", ""who"", ""have"", ""enough"", ""racial"", ""sense"", ""to"", ""avoid"", ""black"", ""areas"", ""blindly"", ""trust"", ""jews"", ""to"", ""not"", ""lie"", ""to"", ""them"", ""and"", ""kike"", ""them"", ""over""]",4,37,23,True,hatespeech,"[0, 0, 0, 0, 0, 0, 0, 0, 0, 0, 0, 0, 0, 0, 0, 0, 0, 0, 0, 0, 0, 0, 0, 0, 0, 0, 1, 0, 0, 0, 0, 0, 0, 1, 0, 0, 0]","[""jews"", ""kike""]"
24605910_gab,train,pakistanis started raping young white girls in the <number> young white lads bashed the pakis for touching their females media called our lads nazis paki bashers media never knew why nor investigated,"[""pakistanis"", ""started"", ""raping"", ""young"", ""white"", ""girls"", ""in"", ""the"", ""<number>"", ""young"", ""white"", ""lads"", ""bashed"", ""the"", ""pakis"", ""for"", ""touching"", ""their"", ""females"", ""media"", ""called"", ""our"", ""lads"", ""nazis"", ""paki"", ""bashers"", ""media"", ""never"", ""knew"", ""why"", ""nor"", ""investigated""]",offensive,Caucasian,"[1, 1, 1, 1, 1, 1, 0, 0, 0, 0, 0, 0, 0, 0, 0, 0, 0, 0, 0, 0, 0, 0, 0, 0, 0, 0, 0, 0, 0, 0, 0, 0]","[""pakistanis"", ""started"", ""raping"", ""young"", ""white"", ""girls""]",4,32,6,True,offensive,"[1, 1, 1, 0, 0, 0, 0, 0, 0, 0, 0, 0, 0, 0, 0, 0, 0, 0, 0, 0, 0, 0, 0, 0, 1, 0, 0, 0, 0, 0, 0, 0]","[""pakistanis"", ""started"", ""raping"", ""paki""]"
1178998486676774912_twitter,train,<user> reported and blocked you white trash 💅 🏻,"[""<user>"", ""reported"", ""and"", ""blocked"", ""you"", ""white"", ""trash"", ""\ud83d\udc85"", ""\ud83c\udffb""]",offensive,Caucasian,"[0, 0, 0, 0, 0, 1, 1, 0, 0]","[""white"", ""trash""]",25,9,2,True,offensive,"[0, 0, 0, 0, 0, 1, 1, 0, 0]","[""white"", ""trash""]"
1178998486676774912_twitter,train,<user> reported and blocked you white trash 💅 🏻,"[""<user>"", ""reported"", ""and"", ""blocked"", ""you"", ""white"", ""trash"", ""\ud83d\udc85"", ""\ud83c\udffb""]",offensive,Caucasian,"[0, 0, 0, 0, 0, 1, 1, 0, 0]","[""white"", ""trash""]",1,9,2,True,offensive,"[0, 0, 0, 0, 0, 1, 1, 0, 0]","[""white"", ""trash""]"
1178998486676774912_twitter,train,<user> reported and blocked you white trash 💅 🏻,"[""<user>"", ""reported"", ""and"", ""blocked"", ""you"", ""white"", ""trash"", ""\ud83d\udc85"", ""\ud83c\udffb""]",offensive,Caucasian,"[0, 0, 0, 0, 0, 1, 1, 0, 0]","[""white"", ""trash""]",4,9,2,True,offensive,"[0, 0, 0, 0, 0, 1, 1, 0, 0]","[""white"", ""trash""]"
17610820_gab,train,royal wigger took his monkey to brixton ghetto today for a visit to a nigger radio station white briton homeless can wait harry the humanitarian does not have time for them diversity takes priority for harry the halfwit megnog trying to play shy and demure was nauseating trashy stripper,"[""royal"", ""wigger"", ""took"", ""his"", ""monkey"", ""to"", ""brixton"", ""ghetto"", ""today"", ""for"", ""a"", ""visit"", ""to"", ""a"", ""nigger"", ""radio"", ""station"", ""white"", ""briton"", ""homeless"", ""can"", ""wait"", ""harry"", ""the"", ""humanitarian"", ""does"", ""not"", ""have"", ""time"", ""for"", ""them"", ""diversity"", ""takes"", ""priority"", ""for"", ""harry"", ""the"", ""halfwit"", ""megnog"", ""trying"", ""to"", ""play"", ""shy"", ""and"", ""demure"", ""was"", ""nauseating"", ""trashy"", ""stripper""]",hatespeech,Caucasian,"[0, 1, 0, 0, 1, 0, 0, 0, 0, 0, 0, 0, 0, 0, 1, 0, 0, 0, 0, 0, 0, 0, 0, 0, 0, 0, 0, 0, 0, 0, 0, 0, 0, 0, 0, 0, 0, 0, 1, 0, 0, 0, 0, 0, 0, 0, 0, 0, 0]","[""wigger"", ""monkey"", ""nigger"", ""megnog""]",4,49,4,True,hatespeech,"[0, 1, 0, 0, 0, 0, 0, 0, 0, 0, 0, 0, 0, 0, 1, 0, 0, 0, 0, 0, 0, 0, 0, 0, 0, 0, 0, 0, 0, 0, 0, 0, 0, 0, 0, 0, 0, 0, 1, 0, 0, 0, 0, 0, 0, 0, 0, 0, 0]","[""wigger"", ""nigger"", ""megnog""]"
16874413_gab,train,lol and you re one of those retard niggers who thinks they re in the majority lol i took what i want from every nigger i owned behind the walls it still a white country jigaboo we own you you ain t shit,"[""lol"", ""and"", ""you"", ""re"", ""one"", ""of"", ""those"", ""retard"", ""niggers"", ""who"", ""thinks"", ""they"", ""re"", ""in"", ""the"", ""majority"", ""lol"", ""i"", ""took"", ""what"", ""i"", ""want"", ""from"", ""every"", ""nigger"", ""i"", ""owned"", ""behind"", ""the"", ""walls"", ""it"", ""still"", ""a"", ""white"", ""country"", ""jigaboo"", ""we"", ""own"", ""you"", ""you"", ""ain"", ""t"", ""shit""]",hatespeech,Caucasian,"[0, 0, 0, 0, 0, 0, 0, 1, 1, 0, 0, 0, 0, 0, 0, 0, 0, 0, 0, 0, 0, 0, 0, 0, 1, 0, 0, 0, 0, 0, 1, 1, 1, 1, 1, 1, 1, 1, 1, 0, 0, 0, 0]","[""retard"", ""niggers"", ""nigger"", ""it"", ""still"", ""a"", ""white"", ""country"", ""jigaboo"", ""we"", ""own"", ""you""]",4,43,12,True,hatespeech,"[0, 0, 0, 0, 0, 0, 0, 1, 1, 0, 0, 0, 0, 0, 0, 0, 0, 0, 0, 0, 0, 0, 0, 0, 1, 0, 0, 0, 0, 0, 0, 0, 0, 0, 0, 1, 0, 0, 0, 0, 0, 0, 0]","[""retard"", ""niggers"", ""nigger"", ""jigaboo""]"
1178983784529760256_twitter,test,<user> we knew from the beginning it was set up for that white bitch to win smfh 🙄 ru a coon,"[""<user>"", ""we"", ""knew"", ""from"", ""the"", ""beginning"", ""it"", ""was"", ""set"", ""up"", ""for"", ""that"", ""white"", ""bitch"", ""to"", ""win"", ""smfh"", ""\ud83d\ude44"", ""ru"", ""a"", ""coon""]",hatespeech,Caucasian,"[0, 0, 0, 0, 0, 0, 0, 0, 0, 0, 0, 0, 1, 1, 0, 0, 0, 0, 0, 0, 1]","[""white"", ""bitch"", ""coon""]",4,21,3,True,hatespeech,"[0, 0, 0, 0, 0, 0, 0, 0, 0, 0, 0, 0, 1, 1, 0, 0, 0, 0, 0, 0, 0]","[""white"", ""bitch""]"
1179066751386095616_twitter,train,that white devil that killed the black man honestly the worst type of person,"[""that"", ""white"", ""devil"", ""that"", ""killed"", ""the"", ""black"", ""man"", ""honestly"", ""the"", ""worst"", ""type"", ""of"", ""person""]",offensive,Caucasian,"[0, 1, 1, 0, 0, 0, 0, 0, 0, 0, 0, 0, 0, 0]","[""white"", ""devil""]",4,14,2,True,offensive,"[0, 1, 1, 0, 0, 0, 0, 0, 0, 0, 0, 0, 0, 0]","[""white"", ""devil""]"
1179066751386095616_twitter,train,that white devil that killed the black man honestly the worst type of person,"[""that"", ""white"", ""devil"", ""that"", ""killed"", ""the"", ""black"", ""man"", ""honestly"", ""the"", ""worst"", ""type"", ""of"", ""person""]",offensive,Caucasian,"[0, 1, 1, 0, 0, 0, 0, 0, 0, 0, 0, 0, 0, 0]","[""white"", ""devil""]",77,14,2,True,offensive,"[0, 1, 1, 0, 0, 0, 0, 0, 0, 0, 0, 0, 0, 0]","[""white"", ""devil""]"
1179066751386095616_twitter,train,that white devil that killed the black man honestly the worst type of person,"[""that"", ""white"", ""devil"", ""that"", ""killed"", ""the"", ""black"", ""man"", ""honestly"", ""the"", ""worst"", ""type"", ""of"", ""person""]",hatespeech,Caucasian,"[0, 1, 1, 0, 0, 0, 0, 0, 0, 0, 0, 0, 0, 0]","[""white"", ""devil""]",67,14,2,True,offensive,"[0, 1, 1, 0, 0, 0, 0, 0, 0, 0, 0, 0, 0, 0]","[""white"", ""devil""]"
1179100863664545792_twitter,train,<user> and you are proving your ignorance more and more like i said i am done arguing with a ass scratching finger sniffing redneck do a little research and then we will talk,"[""<user>"", ""and"", ""you"", ""are"", ""proving"", ""your"", ""ignorance"", ""more"", ""and"", ""more"", ""like"", ""i"", ""said"", ""i"", ""am"", ""done"", ""arguing"", ""with"", ""a"", ""ass"", ""scratching"", ""finger"", ""sniffing"", ""redneck"", ""do"", ""a"", ""little"", ""research"", ""and"", ""then"", ""we"", ""will"", ""talk""]",offensive,Caucasian,"[0, 0, 0, 0, 0, 0, 0, 0, 0, 0, 0, 0, 0, 0, 0, 0, 0, 0, 0, 1, 1, 1, 1, 1, 0, 0, 0, 0, 0, 0, 0, 0, 0]","[""ass"", ""scratching"", ""finger"", ""sniffing"", ""redneck""]",10,33,5,True,offensive,"[0, 0, 0, 0, 0, 0, 0, 0, 0, 0, 0, 0, 0, 0, 0, 0, 0, 0, 0, 0, 0, 0, 0, 1, 0, 0, 0, 0, 0, 0, 0, 0, 0]","[""redneck""]"
1179100863664545792_twitter,train,<user> and you are proving your ignorance more and more like i said i am done arguing with a ass scratching finger sniffing redneck do a little research and then we will talk,"[""<user>"", ""and"", ""you"", ""are"", ""proving"", ""your"", ""ignorance"", ""more"", ""and"", ""more"", ""like"", ""i"", ""said"", ""i"", ""am"", ""done"", ""arguing"", ""with"", ""a"", ""ass"", ""scratching"", ""finger"", ""sniffing"", ""redneck"", ""do"", ""a"", ""little"", ""research"", ""and"", ""then"", ""we"", ""will"", ""talk""]",offensive,Caucasian,"[0, 0, 0, 0, 0, 0, 0, 0, 0, 0, 0, 0, 0, 0, 0, 0, 0, 0, 0, 0, 0, 0, 0, 1, 0, 0, 0, 0, 0, 0, 0, 0, 0]","[""redneck""]",39,33,1,True,offensive,"[0, 0, 0, 0, 0, 0, 0, 0, 0, 0, 0, 0, 0, 0, 0, 0, 0, 0, 0, 0, 0, 0, 0, 1, 0, 0, 0, 0, 0, 0, 0, 0, 0]","[""redneck""]"
1179097350519828480_twitter,val,do not ever buy a car from a redneck,"[""do"", ""not"", ""ever"", ""buy"", ""a"", ""car"", ""from"", ""a"", ""redneck""]",offensive,Caucasian,"[0, 0, 0, 0, 0, 0, 0, 0, 1]","[""redneck""]",10,9,1,True,offensive,"[0, 0, 0, 0, 0, 0, 0, 0, 1]","[""redneck""]"
1179097350519828480_twitter,val,do not ever buy a car from a redneck,"[""do"", ""not"", ""ever"", ""buy"", ""a"", ""car"", ""from"", ""a"", ""redneck""]",offensive,Caucasian,"[0, 0, 0, 0, 0, 0, 0, 0, 1]","[""redneck""]",39,9,1,True,offensive,"[0, 0, 0, 0, 0, 0, 0, 0, 1]","[""redneck""]"
1179095127719063553_twitter,train,<user> saying as a southerner who knows if this were not a bizzaro world <percent> of trump redneck sycophants here in the south would be calling trump a carpetbagging yankee but this really is bizzaro world,"[""<user>"", ""saying"", ""as"", ""a"", ""southerner"", ""who"", ""knows"", ""if"", ""this"", ""were"", ""not"", ""a"", ""bizzaro"", ""world"", ""<percent>"", ""of"", ""trump"", ""redneck"", ""sycophants"", ""here"", ""in"", ""the"", ""south"", ""would"", ""be"", ""calling"", ""trump"", ""a"", ""carpetbagging"", ""yankee"", ""but"", ""this"", ""really"", ""is"", ""bizzaro"", ""world""]",offensive,Caucasian,"[0, 0, 0, 0, 0, 0, 0, 0, 0, 0, 0, 0, 0, 0, 0, 0, 0, 1, 1, 0, 0, 0, 0, 0, 0, 0, 0, 0, 1, 1, 0, 0, 0, 0, 0, 0]","[""redneck"", ""sycophants"", ""carpetbagging"", ""yankee""]",10,36,4,True,offensive,"[0, 0, 0, 0, 0, 0, 0, 0, 0, 0, 0, 0, 0, 0, 0, 0, 0, 1, 1, 0, 0, 0, 0, 0, 0, 0, 0, 0, 1, 0, 0, 0, 0, 0, 0, 0]","[""redneck"", ""sycophants"", ""carpetbagging""]"
1179095127719063553_twitter,train,<user> saying as a southerner who knows if this were not a bizzaro world <percent> of trump redneck sycophants here in the south would be calling trump a carpetbagging yankee but this really is bizzaro world,"[""<user>"", ""saying"", ""as"", ""a"", ""southerner"", ""who"", ""knows"", ""if"", ""this"", ""were"", ""not"", ""a"", ""bizzaro"", ""world"", ""<percent>"", ""of"", ""trump"", ""redneck"", ""sycophants"", ""here"", ""in"", ""the"", ""south"", ""would"", ""be"", ""calling"", ""trump"", ""a"", ""carpetbagging"", ""yankee"", ""but"", ""this"", ""really"", ""is"", ""bizzaro"", ""world""]",offensive,Caucasian,"[0, 0, 0, 0, 0, 0, 0, 0, 0, 0, 0, 0, 0, 0, 0, 0, 0, 1, 1, 0, 0, 0, 0, 0, 0, 0, 0, 0, 0, 0, 0, 0, 0, 0, 0, 0]","[""redneck"", ""sycophants""]",39,36,2,True,offensive,"[0, 0, 0, 0, 0, 0, 0, 0, 0, 0, 0, 0, 0, 0, 0, 0, 0, 1, 1, 0, 0, 0, 0, 0, 0, 0, 0, 0, 1, 0, 0, 0, 0, 0, 0, 0]","[""redneck"", ""sycophants"", ""carpetbagging""]"
1179095127719063553_twitter,train,<user> saying as a southerner who knows if this were not a bizzaro world <percent> of trump redneck sycophants here in the south would be calling trump a carpetbagging yankee but this really is bizzaro world,"[""<user>"", ""saying"", ""as"", ""a"", ""southerner"", ""who"", ""knows"", ""if"", ""this"", ""were"", ""not"", ""a"", ""bizzaro"", ""world"", ""<percent>"", ""of"", ""trump"", ""redneck"", ""sycophants"", ""here"", ""in"", ""the"", ""south"", ""would"", ""be"", ""calling"", ""trump"", ""a"", ""carpetbagging"", ""yankee"", ""but"", ""this"", ""really"", ""is"", ""bizzaro"", ""world""]",offensive,Caucasian,"[0, 0, 0, 0, 0, 0, 0, 0, 0, 0, 0, 0, 0, 0, 0, 0, 0, 1, 0, 0, 0, 0, 0, 0, 0, 0, 0, 0, 1, 0, 0, 0, 0, 0, 0, 0]","[""redneck"", ""carpetbagging""]",25,36,2,True,offensive,"[0, 0, 0, 0, 0, 0, 0, 0, 0, 0, 0, 0, 0, 0, 0, 0, 0, 1, 1, 0, 0, 0, 0, 0, 0, 0, 0, 0, 1, 0, 0, 0, 0, 0, 0, 0]","[""redneck"", ""sycophants"", ""carpetbagging""]"
1178176559212978176_twitter,train,these white people must be self aware they are emotionally and intellectually retarded it is so obvious,"[""these"", ""white"", ""people"", ""must"", ""be"", ""self"", ""aware"", ""they"", ""are"", ""emotionally"", ""and"", ""intellectually"", ""retarded"", ""it"", ""is"", ""so"", ""obvious""]",hatespeech,Caucasian,"[1, 1, 1, 1, 1, 1, 1, 1, 1, 1, 1, 1, 1, 0, 0, 0, 0]","[""these"", ""white"", ""people"", ""must"", ""be"", ""self"", ""aware"", ""they"", ""are"", ""emotionally"", ""and"", ""intellectually"", ""retarded""]",4,17,13,True,offensive,"[0, 0, 0, 0, 0, 0, 0, 0, 0, 1, 1, 1, 1, 0, 0, 0, 0]","[""emotionally"", ""and"", ""intellectually"", ""retarded""]"
12737648_gab,train,anything they say is a lie nigger just means black only blax use it becasue whites do not give a fuck about blax they just like controlling whites,"[""anything"", ""they"", ""say"", ""is"", ""a"", ""lie"", ""nigger"", ""just"", ""means"", ""black"", ""only"", ""blax"", ""use"", ""it"", ""becasue"", ""whites"", ""do"", ""not"", ""give"", ""a"", ""fuck"", ""about"", ""blax"", ""they"", ""just"", ""like"", ""controlling"", ""whites""]",hatespeech,Caucasian,"[0, 0, 0, 0, 0, 0, 1, 0, 0, 0, 0, 0, 0, 0, 0, 1, 1, 1, 1, 1, 1, 1, 1, 0, 0, 0, 0, 0]","[""nigger"", ""whites"", ""do"", ""not"", ""give"", ""a"", ""fuck"", ""about"", ""blax""]",4,28,9,True,hatespeech,"[0, 0, 0, 0, 0, 0, 1, 0, 0, 0, 0, 0, 0, 0, 0, 0, 0, 0, 0, 0, 0, 0, 1, 0, 0, 0, 0, 0]","[""nigger"", ""blax""]"
1179098711705698304_twitter,val,<user> as long as the party is controlled by white trash southerners this is what you will get,"[""<user>"", ""as"", ""long"", ""as"", ""the"", ""party"", ""is"", ""controlled"", ""by"", ""white"", ""trash"", ""southerners"", ""this"", ""is"", ""what"", ""you"", ""will"", ""get""]",offensive,Caucasian,"[0, 0, 0, 0, 0, 0, 0, 0, 0, 1, 1, 0, 0, 0, 0, 0, 0, 0]","[""white"", ""trash""]",37,18,2,True,offensive,"[0, 0, 0, 0, 0, 0, 0, 0, 0, 1, 1, 0, 0, 0, 0, 0, 0, 0]","[""white"", ""trash""]"
1179098711705698304_twitter,val,<user> as long as the party is controlled by white trash southerners this is what you will get,"[""<user>"", ""as"", ""long"", ""as"", ""the"", ""party"", ""is"", ""controlled"", ""by"", ""white"", ""trash"", ""southerners"", ""this"", ""is"", ""what"", ""you"", ""will"", ""get""]",offensive,Caucasian,"[0, 0, 0, 0, 0, 0, 0, 0, 0, 1, 1, 1, 0, 0, 0, 0, 0, 0]","[""white"", ""trash"", ""southerners""]",89,18,3,True,offensive,"[0, 0, 0, 0, 0, 0, 0, 0, 0, 1, 1, 0, 0, 0, 0, 0, 0, 0]","[""white"", ""trash""]"
1179098711705698304_twitter,val,<user> as long as the party is controlled by white trash southerners this is what you will get,"[""<user>"", ""as"", ""long"", ""as"", ""the"", ""party"", ""is"", ""controlled"", ""by"", ""white"", ""trash"", ""southerners"", ""this"", ""is"", ""what"", ""you"", ""will"", ""get""]",offensive,Caucasian,"[0, 0, 0, 0, 0, 0, 0, 0, 0, 1, 1, 0, 0, 0, 0, 0, 0, 0]","[""white"", ""trash""]",4,18,2,True,offensive,"[0, 0, 0, 0, 0, 0, 0, 0, 0, 1, 1, 0, 0, 0, 0, 0, 0, 0]","[""white"", ""trash""]"
1179038917590339584_twitter,val,nigga you ain t neva hit no foreign wit no white bitch,"[""nigga"", ""you"", ""ain"", ""t"", ""neva"", ""hit"", ""no"", ""foreign"", ""wit"", ""no"", ""white"", ""bitch""]",offensive,Caucasian,"[0, 0, 0, 0, 0, 0, 0, 0, 0, 0, 1, 1]","[""white"", ""bitch""]",4,12,2,True,offensive,"[1, 0, 0, 0, 0, 0, 0, 0, 0, 0, 1, 1]","[""nigga"", ""white"", ""bitch""]"
1179038917590339584_twitter,val,nigga you ain t neva hit no foreign wit no white bitch,"[""nigga"", ""you"", ""ain"", ""t"", ""neva"", ""hit"", ""no"", ""foreign"", ""wit"", ""no"", ""white"", ""bitch""]",offensive,Caucasian,"[1, 0, 0, 0, 0, 0, 0, 0, 0, 0, 1, 1]","[""nigga"", ""white"", ""bitch""]",38,12,3,True,offensive,"[1, 0, 0, 0, 0, 0, 0, 0, 0, 0, 1, 1]","[""nigga"", ""white"", ""bitch""]"
1178677159382179840_twitter,train,queer eye is literally palatable faggotry for straight people dont me,"[""queer"", ""eye"", ""is"", ""literally"", ""palatable"", ""faggotry"", ""for"", ""straight"", ""people"", ""dont"", ""me""]",offensive,Caucasian,"[1, 0, 0, 0, 0, 1, 0, 0, 0, 0, 0]","[""queer"", ""faggotry""]",38,11,2,True,hatespeech,"[1, 0, 0, 0, 0, 1, 0, 0, 0, 0, 0]","[""queer"", ""faggotry""]"
14860393_gab,train,a paki mayor a chief rabbi it may sound like the start of a joke but the only people being laughed at is the <percent> of white people in london,"[""a"", ""paki"", ""mayor"", ""a"", ""chief"", ""rabbi"", ""it"", ""may"", ""sound"", ""like"", ""the"", ""start"", ""of"", ""a"", ""joke"", ""but"", ""the"", ""only"", ""people"", ""being"", ""laughed"", ""at"", ""is"", ""the"", ""<percent>"", ""of"", ""white"", ""people"", ""in"", ""london""]",offensive,Caucasian,"[0, 1, 0, 0, 0, 0, 0, 0, 0, 0, 0, 0, 0, 0, 0, 0, 0, 0, 0, 0, 0, 0, 0, 0, 0, 0, 0, 0, 0, 0]","[""paki""]",4,30,1,True,offensive,"[0, 1, 0, 0, 0, 0, 0, 0, 0, 0, 0, 0, 0, 0, 0, 0, 0, 0, 0, 0, 0, 0, 0, 0, 0, 0, 0, 0, 0, 0]","[""paki""]"
1179092556790956034_twitter,train,<user> the redneck belt and the casual racism 😁 😁 😁,"[""<user>"", ""the"", ""redneck"", ""belt"", ""and"", ""the"", ""casual"", ""racism"", ""\ud83d\ude01"", ""\ud83d\ude01"", ""\ud83d\ude01""]",offensive,Caucasian,"[0, 0, 1, 0, 0, 0, 0, 0, 0, 0, 0]","[""redneck""]",4,11,1,True,offensive,"[0, 0, 1, 0, 0, 0, 0, 0, 0, 0, 0]","[""redneck""]"
1179092556790956034_twitter,train,<user> the redneck belt and the casual racism 😁 😁 😁,"[""<user>"", ""the"", ""redneck"", ""belt"", ""and"", ""the"", ""casual"", ""racism"", ""\ud83d\ude01"", ""\ud83d\ude01"", ""\ud83d\ude01""]",offensive,Caucasian,"[0, 0, 1, 1, 0, 0, 0, 0, 0, 0, 0]","[""redneck"", ""belt""]",92,11,2,True,offensive,"[0, 0, 1, 0, 0, 0, 0, 0, 0, 0, 0]","[""redneck""]"
1178024109655171073_twitter,train,<user> you only dislike him cuz he ain t musty trailer trash like the pink dick you normally go for,"[""<user>"", ""you"", ""only"", ""dislike"", ""him"", ""cuz"", ""he"", ""ain"", ""t"", ""musty"", ""trailer"", ""trash"", ""like"", ""the"", ""pink"", ""dick"", ""you"", ""normally"", ""go"", ""for""]",offensive,Caucasian,"[0, 0, 0, 0, 0, 0, 0, 0, 0, 0, 1, 1, 0, 0, 0, 0, 0, 0, 0, 0]","[""trailer"", ""trash""]",4,20,2,True,offensive,"[0, 0, 0, 0, 0, 0, 0, 0, 0, 0, 1, 1, 0, 0, 1, 1, 0, 0, 0, 0]","[""trailer"", ""trash"", ""pink"", ""dick""]"
1178024109655171073_twitter,train,<user> you only dislike him cuz he ain t musty trailer trash like the pink dick you normally go for,"[""<user>"", ""you"", ""only"", ""dislike"", ""him"", ""cuz"", ""he"", ""ain"", ""t"", ""musty"", ""trailer"", ""trash"", ""like"", ""the"", ""pink"", ""dick"", ""you"", ""normally"", ""go"", ""for""]",offensive,Caucasian,"[0, 0, 0, 0, 0, 0, 0, 0, 0, 1, 1, 1, 0, 0, 1, 1, 0, 0, 0, 0]","[""musty"", ""trailer"", ""trash"", ""pink"", ""dick""]",92,20,5,True,offensive,"[0, 0, 0, 0, 0, 0, 0, 0, 0, 0, 1, 1, 0, 0, 1, 1, 0, 0, 0, 0]","[""trailer"", ""trash"", ""pink"", ""dick""]"
3Z8UJEJOCZEG603II1EL4BE4QZH93Z_nf_6,train,<user> any white girls that get raped can show solidarity with their attacker as its not his fault he did not enjoy a privileged start in life and probably her own fault because she did,"[""<user>"", ""any"", ""white"", ""girls"", ""that"", ""get"", ""raped"", ""can"", ""show"", ""solidarity"", ""with"", ""their"", ""attacker"", ""as"", ""its"", ""not"", ""his"", ""fault"", ""he"", ""did"", ""not"", ""enjoy"", ""a"", ""privileged"", ""start"", ""in"", ""life"", ""and"", ""probably"", ""her"", ""own"", ""fault"", ""because"", ""she"", ""did""]",offensive,Caucasian,"[0, 1, 1, 1, 1, 1, 1, 1, 1, 1, 1, 1, 1, 1, 1, 1, 1, 1, 1, 1, 1, 1, 1, 1, 1, 1, 1, 1, 1, 1, 1, 1, 1, 1, 1]","[""any"", ""white"", ""girls"", ""that"", ""get"", ""raped"", ""can"", ""show"", ""solidarity"", ""with"", ""their"", ""attacker"", ""as"", ""its"", ""not"", ""his"", ""fault"", ""he"", ""did"", ""not"", ""enjoy"", ""a"", ""privileged"", ""start"", ""in"", ""life"", ""and"", ""probably"", ""her"", ""own"", ""fault"", ""because"", ""she"", ""did""]",4,35,34,True,offensive,"[0, 0, 0, 0, 0, 0, 1, 0, 0, 0, 0, 0, 0, 0, 0, 0, 0, 0, 0, 0, 0, 0, 0, 0, 0, 0, 0, 0, 0, 1, 1, 1, 0, 0, 0]","[""raped"", ""her"", ""own"", ""fault""]"
1178879023528566784_twitter,train,bad white bitch wanna hit my keys 🔥 <user>,"[""bad"", ""white"", ""bitch"", ""wanna"", ""hit"", ""my"", ""keys"", ""\ud83d\udd25"", ""<user>""]",offensive,Caucasian,"[0, 1, 1, 0, 0, 0, 0, 0, 0]","[""white"", ""bitch""]",4,9,2,True,offensive,"[0, 1, 1, 0, 0, 0, 0, 0, 0]","[""white"", ""bitch""]"
1179103603581243393_twitter,train,birds of prey listening to margot robbie talk like a retarded white girl who thinks she can drop the n word any time she wants for <number> hours hard pass,"[""birds"", ""of"", ""prey"", ""listening"", ""to"", ""margot"", ""robbie"", ""talk"", ""like"", ""a"", ""retarded"", ""white"", ""girl"", ""who"", ""thinks"", ""she"", ""can"", ""drop"", ""the"", ""n"", ""word"", ""any"", ""time"", ""she"", ""wants"", ""for"", ""<number>"", ""hours"", ""hard"", ""pass""]",offensive,Caucasian,"[0, 0, 0, 0, 0, 0, 0, 0, 0, 0, 1, 1, 1, 0, 0, 0, 0, 0, 0, 0, 0, 0, 0, 0, 0, 0, 0, 0, 0, 0]","[""retarded"", ""white"", ""girl""]",6,30,3,True,offensive,"[0, 0, 0, 0, 0, 0, 0, 0, 0, 0, 1, 1, 1, 0, 0, 0, 0, 0, 0, 0, 0, 0, 0, 0, 0, 0, 0, 0, 0, 0]","[""retarded"", ""white"", ""girl""]"
1179103603581243393_twitter,train,birds of prey listening to margot robbie talk like a retarded white girl who thinks she can drop the n word any time she wants for <number> hours hard pass,"[""birds"", ""of"", ""prey"", ""listening"", ""to"", ""margot"", ""robbie"", ""talk"", ""like"", ""a"", ""retarded"", ""white"", ""girl"", ""who"", ""thinks"", ""she"", ""can"", ""drop"", ""the"", ""n"", ""word"", ""any"", ""time"", ""she"", ""wants"", ""for"", ""<number>"", ""hours"", ""hard"", ""pass""]",offensive,Caucasian,"[0, 0, 0, 0, 0, 0, 0, 0, 0, 0, 1, 1, 1, 0, 0, 0, 0, 0, 0, 0, 0, 0, 0, 0, 0, 0, 0, 0, 0, 0]","[""retarded"", ""white"", ""girl""]",10,30,3,True,offensive,"[0, 0, 0, 0, 0, 0, 0, 0, 0, 0, 1, 1, 1, 0, 0, 0, 0, 0, 0, 0, 0, 0, 0, 0, 0, 0, 0, 0, 0, 0]","[""retarded"", ""white"", ""girl""]"
25885347_gab,val,imagine a world in which niggers are lower status than retarded whites because at least the retard can have smart kids that world will come and the sooner you internalize the attitude the sooner it arrives a white retard is a one off birth defect a nigger is a failed species,"[""imagine"", ""a"", ""world"", ""in"", ""which"", ""niggers"", ""are"", ""lower"", ""status"", ""than"", ""retarded"", ""whites"", ""because"", ""at"", ""least"", ""the"", ""retard"", ""can"", ""have"", ""smart"", ""kids"", ""that"", ""world"", ""will"", ""come"", ""and"", ""the"", ""sooner"", ""you"", ""internalize"", ""the"", ""attitude"", ""the"", ""sooner"", ""it"", ""arrives"", ""a"", ""white"", ""retard"", ""is"", ""a"", ""one"", ""off"", ""birth"", ""defect"", ""a"", ""nigger"", ""is"", ""a"", ""failed"", ""species""]",hatespeech,Caucasian,"[1, 1, 1, 1, 1, 1, 1, 1, 1, 1, 1, 1, 1, 1, 1, 1, 1, 1, 1, 1, 1, 0, 0, 0, 0, 0, 0, 0, 0, 0, 0, 0, 0, 0, 0, 0, 1, 1, 1, 1, 1, 1, 1, 1, 1, 1, 1, 1, 1, 1, 1]","[""imagine"", ""a"", ""world"", ""in"", ""which"", ""niggers"", ""are"", ""lower"", ""status"", ""than"", ""retarded"", ""whites"", ""because"", ""at"", ""least"", ""the"", ""retard"", ""can"", ""have"", ""smart"", ""kids"", ""a"", ""white"", ""retard"", ""is"", ""a"", ""one"", ""off"", ""birth"", ""defect"", ""a"", ""nigger"", ""is"", ""a"", ""failed"", ""species""]",4,51,36,True,hatespeech,"[0, 0, 0, 0, 0, 1, 0, 0, 0, 0, 1, 0, 0, 0, 0, 0, 1, 0, 0, 0, 0, 0, 0, 0, 0, 0, 0, 0, 0, 0, 0, 0, 0, 0, 0, 0, 0, 0, 1, 0, 0, 0, 0, 0, 0, 0, 1, 0, 0, 1, 1]","[""niggers"", ""retarded"", ""retard"", ""retard"", ""nigger"", ""failed"", ""species""]"
1178881144420323328_twitter,train,jus fucked this white bitch cuz fuck slavery and all that racist shit 🤣 🤣 😎 🤦 🏻 ‍ ♂️ 😈,"[""jus"", ""fucked"", ""this"", ""white"", ""bitch"", ""cuz"", ""fuck"", ""slavery"", ""and"", ""all"", ""that"", ""racist"", ""shit"", ""\ud83e\udd23"", ""\ud83e\udd23"", ""\ud83d\ude0e"", ""\ud83e\udd26"", ""\ud83c\udffb"", ""\u200d"", ""\u2642\ufe0f"", ""\ud83d\ude08""]",offensive,Caucasian,"[0, 0, 0, 1, 1, 0, 0, 0, 0, 0, 0, 0, 0, 0, 0, 0, 0, 0, 0, 0, 0]","[""white"", ""bitch""]",4,21,2,True,offensive,"[0, 0, 0, 1, 1, 0, 0, 0, 0, 0, 0, 0, 0, 0, 0, 0, 0, 0, 0, 0, 0]","[""white"", ""bitch""]"
7546997_gab,train,tfw the reality of mudsharking hits you like a ton of bricks or a nigger right hook,"[""tfw"", ""the"", ""reality"", ""of"", ""mudsharking"", ""hits"", ""you"", ""like"", ""a"", ""ton"", ""of"", ""bricks"", ""or"", ""a"", ""nigger"", ""right"", ""hook""]",hatespeech,Caucasian,"[0, 0, 0, 0, 1, 0, 0, 0, 0, 0, 0, 0, 0, 0, 1, 0, 0]","[""mudsharking"", ""nigger""]",4,17,2,True,hatespeech,"[0, 0, 0, 0, 1, 0, 0, 0, 0, 0, 0, 0, 0, 0, 1, 0, 0]","[""mudsharking"", ""nigger""]"
17639966_gab,train,i white chick prioritizing a quick fuck nigger over a well rounded guy who can provide for her long term is a friggin waste,"[""i"", ""white"", ""chick"", ""prioritizing"", ""a"", ""quick"", ""fuck"", ""nigger"", ""over"", ""a"", ""well"", ""rounded"", ""guy"", ""who"", ""can"", ""provide"", ""for"", ""her"", ""long"", ""term"", ""is"", ""a"", ""friggin"", ""waste""]",hatespeech,Caucasian,"[0, 0, 0, 0, 0, 0, 0, 1, 0, 0, 0, 0, 0, 0, 0, 0, 0, 0, 0, 0, 0, 0, 0, 0]","[""nigger""]",4,24,1,True,hatespeech,"[0, 0, 0, 0, 0, 0, 0, 1, 0, 0, 0, 0, 0, 0, 0, 0, 0, 0, 0, 0, 0, 0, 0, 0]","[""nigger""]"
1178959002375507968_twitter,train,<user> it is racist democrats that want our country overrun by illegal aliens they want to wash out and dilute any and all white influence in our country,"[""<user>"", ""it"", ""is"", ""racist"", ""democrats"", ""that"", ""want"", ""our"", ""country"", ""overrun"", ""by"", ""illegal"", ""aliens"", ""they"", ""want"", ""to"", ""wash"", ""out"", ""and"", ""dilute"", ""any"", ""and"", ""all"", ""white"", ""influence"", ""in"", ""our"", ""country""]",offensive,Caucasian,"[0, 0, 0, 0, 0, 0, 0, 0, 0, 0, 0, 0, 0, 0, 0, 0, 1, 1, 1, 1, 1, 1, 1, 1, 1, 1, 1, 1]","[""wash"", ""out"", ""and"", ""dilute"", ""any"", ""and"", ""all"", ""white"", ""influence"", ""in"", ""our"", ""country""]",4,28,12,True,offensive,"[0, 0, 0, 0, 0, 0, 0, 0, 0, 0, 0, 0, 0, 0, 0, 0, 0, 0, 0, 0, 0, 0, 0, 0, 0, 0, 0, 0]",[]
23269504_gab,train,worthless niggersthere are too many white girls turning into nigger lovers,"[""worthless"", ""niggersthere"", ""are"", ""too"", ""many"", ""white"", ""girls"", ""turning"", ""into"", ""nigger"", ""lovers""]",hatespeech,Caucasian,"[1, 1, 0, 1, 1, 1, 1, 1, 1, 1, 1]","[""worthless"", ""niggersthere"", ""too"", ""many"", ""white"", ""girls"", ""turning"", ""into"", ""nigger"", ""lovers""]",4,11,10,True,hatespeech,"[0, 1, 0, 0, 0, 0, 0, 0, 0, 1, 0]","[""niggersthere"", ""nigger""]"
1178706531354894336_twitter,train,everyone from the united kingdom is a fucking retard every muslim from the united kingdom is a fucking retard every white person from the united kingdom is a fucking retard god hates the british isles it should be called kafiristan,"[""everyone"", ""from"", ""the"", ""united"", ""kingdom"", ""is"", ""a"", ""fucking"", ""retard"", ""every"", ""muslim"", ""from"", ""the"", ""united"", ""kingdom"", ""is"", ""a"", ""fucking"", ""retard"", ""every"", ""white"", ""person"", ""from"", ""the"", ""united"", ""kingdom"", ""is"", ""a"", ""fucking"", ""retard"", ""god"", ""hates"", ""the"", ""british"", ""isles"", ""it"", ""should"", ""be"", ""called"", ""kafiristan""]",hatespeech,Caucasian,"[1, 1, 1, 1, 1, 1, 1, 1, 1, 1, 1, 1, 1, 1, 1, 1, 1, 1, 1, 1, 1, 1, 1, 1, 1, 1, 1, 1, 1, 1, 1, 1, 1, 1, 1, 1, 1, 1, 1, 1]","[""everyone"", ""from"", ""the"", ""united"", ""kingdom"", ""is"", ""a"", ""fucking"", ""retard"", ""every"", ""muslim"", ""from"", ""the"", ""united"", ""kingdom"", ""is"", ""a"", ""fucking"", ""retard"", ""every"", ""white"", ""person"", ""from"", ""the"", ""united"", ""kingdom"", ""is"", ""a"", ""fucking"", ""retard"", ""god"", ""hates"", ""the"", ""british"", ""isles"", ""it"", ""should"", ""be"", ""called"", ""kafiristan""]",4,40,40,True,offensive,"[0, 0, 0, 0, 0, 0, 0, 1, 1, 0, 0, 0, 0, 0, 0, 0, 0, 1, 1, 0, 0, 0, 0, 0, 0, 0, 0, 0, 1, 1, 0, 0, 0, 0, 0, 0, 0, 0, 0, 0]","[""fucking"", ""retard"", ""fucking"", ""retard"", ""fucking"", ""retard""]"
13822510_gab,train,oklahoma mudshark is attacked while holding her <number> month old mudrat,"[""oklahoma"", ""mudshark"", ""is"", ""attacked"", ""while"", ""holding"", ""her"", ""<number>"", ""month"", ""old"", ""mudrat""]",offensive,Caucasian,"[0, 1, 0, 0, 0, 0, 0, 0, 0, 0, 1]","[""mudshark"", ""mudrat""]",21,11,2,True,hatespeech,"[0, 1, 0, 0, 0, 0, 0, 0, 0, 0, 1]","[""mudshark"", ""mudrat""]"
13822510_gab,train,oklahoma mudshark is attacked while holding her <number> month old mudrat,"[""oklahoma"", ""mudshark"", ""is"", ""attacked"", ""while"", ""holding"", ""her"", ""<number>"", ""month"", ""old"", ""mudrat""]",hatespeech,Caucasian,"[0, 1, 0, 0, 0, 0, 0, 0, 0, 0, 1]","[""mudshark"", ""mudrat""]",4,11,2,True,hatespeech,"[0, 1, 0, 0, 0, 0, 0, 0, 0, 0, 1]","[""mudshark"", ""mudrat""]"
10192109_gab,train,brown and black skin cultures seem disproportionately obsessed with white women because when it comes to attractiveness and mating nothing comes close to putting a paw on white women,"[""brown"", ""and"", ""black"", ""skin"", ""cultures"", ""seem"", ""disproportionately"", ""obsessed"", ""with"", ""white"", ""women"", ""because"", ""when"", ""it"", ""comes"", ""to"", ""attractiveness"", ""and"", ""mating"", ""nothing"", ""comes"", ""close"", ""to"", ""putting"", ""a"", ""paw"", ""on"", ""white"", ""women""]",offensive,Caucasian,"[1, 1, 1, 1, 1, 1, 1, 1, 1, 1, 1, 0, 0, 0, 0, 0, 0, 0, 0, 0, 0, 0, 0, 0, 0, 0, 0, 0, 0]","[""brown"", ""and"", ""black"", ""skin"", ""cultures"", ""seem"", ""disproportionately"", ""obsessed"", ""with"", ""white"", ""women""]",217,29,11,True,offensive,"[1, 1, 1, 1, 1, 0, 0, 0, 0, 0, 0, 0, 0, 0, 0, 0, 0, 0, 0, 0, 0, 0, 0, 0, 0, 0, 0, 0, 0]","[""brown"", ""and"", ""black"", ""skin"", ""cultures""]"
10330889_gab,train,what if <number> million asians oust whites from spots <number> million <number> million how far are you willing to go to dispossess native whites ya know there a reason for separate nations fucking cuck,"[""what"", ""if"", ""<number>"", ""million"", ""asians"", ""oust"", ""whites"", ""from"", ""spots"", ""<number>"", ""million"", ""<number>"", ""million"", ""how"", ""far"", ""are"", ""you"", ""willing"", ""to"", ""go"", ""to"", ""dispossess"", ""native"", ""whites"", ""ya"", ""know"", ""there"", ""a"", ""reason"", ""for"", ""separate"", ""nations"", ""fucking"", ""cuck""]",hatespeech,Caucasian,"[0, 0, 1, 1, 1, 1, 1, 0, 0, 0, 0, 0, 0, 0, 0, 0, 0, 0, 0, 0, 0, 0, 0, 0, 0, 0, 0, 0, 0, 0, 0, 0, 1, 1]","[""<number>"", ""million"", ""asians"", ""oust"", ""whites"", ""fucking"", ""cuck""]",210,34,7,True,hatespeech,"[0, 0, 1, 1, 1, 1, 1, 0, 0, 0, 0, 0, 0, 0, 0, 0, 0, 0, 0, 0, 0, 0, 0, 0, 0, 0, 0, 0, 0, 0, 0, 0, 1, 1]","[""<number>"", ""million"", ""asians"", ""oust"", ""whites"", ""fucking"", ""cuck""]"
10339935_gab,train,not long ago giving children dreadful made up trashy misspelled firstnames was strictly a black thing e g antwoine shaquonda monikwa ta queesha daetrell ad nauseam now stupid white women are into it too i am seeing white kids given comical names like alecksus kaylleigh kaitlun,"[""not"", ""long"", ""ago"", ""giving"", ""children"", ""dreadful"", ""made"", ""up"", ""trashy"", ""misspelled"", ""firstnames"", ""was"", ""strictly"", ""a"", ""black"", ""thing"", ""e"", ""g"", ""antwoine"", ""shaquonda"", ""monikwa"", ""ta"", ""queesha"", ""daetrell"", ""ad"", ""nauseam"", ""now"", ""stupid"", ""white"", ""women"", ""are"", ""into"", ""it"", ""too"", ""i"", ""am"", ""seeing"", ""white"", ""kids"", ""given"", ""comical"", ""names"", ""like"", ""alecksus"", ""kaylleigh"", ""kaitlun""]",offensive,Caucasian,"[0, 0, 0, 0, 0, 0, 1, 1, 1, 1, 1, 1, 1, 1, 1, 1, 0, 0, 1, 1, 1, 1, 1, 1, 0, 0, 0, 0, 0, 0, 0, 0, 0, 0, 0, 0, 0, 0, 0, 0, 0, 0, 0, 0, 0, 0]","[""made"", ""up"", ""trashy"", ""misspelled"", ""firstnames"", ""was"", ""strictly"", ""a"", ""black"", ""thing"", ""antwoine"", ""shaquonda"", ""monikwa"", ""ta"", ""queesha"", ""daetrell""]",237,46,16,True,offensive,"[0, 0, 0, 0, 0, 0, 1, 1, 1, 1, 1, 1, 1, 1, 1, 1, 0, 0, 1, 1, 1, 1, 1, 1, 0, 0, 0, 0, 0, 0, 0, 0, 0, 0, 0, 0, 0, 0, 0, 0, 0, 0, 0, 0, 0, 0]","[""made"", ""up"", ""trashy"", ""misspelled"", ""firstnames"", ""was"", ""strictly"", ""a"", ""black"", ""thing"", ""antwoine"", ""shaquonda"", ""monikwa"", ""ta"", ""queesha"", ""daetrell""]"
10339935_gab,train,not long ago giving children dreadful made up trashy misspelled firstnames was strictly a black thing e g antwoine shaquonda monikwa ta queesha daetrell ad nauseam now stupid white women are into it too i am seeing white kids given comical names like alecksus kaylleigh kaitlun,"[""not"", ""long"", ""ago"", ""giving"", ""children"", ""dreadful"", ""made"", ""up"", ""trashy"", ""misspelled"", ""firstnames"", ""was"", ""strictly"", ""a"", ""black"", ""thing"", ""e"", ""g"", ""antwoine"", ""shaquonda"", ""monikwa"", ""ta"", ""queesha"", ""daetrell"", ""ad"", ""nauseam"", ""now"", ""stupid"", ""white"", ""women"", ""are"", ""into"", ""it"", ""too"", ""i"", ""am"", ""seeing"", ""white"", ""kids"", ""given"", ""comical"", ""names"", ""like"", ""alecksus"", ""kaylleigh"", ""kaitlun""]",offensive,Caucasian,"[0, 0, 0, 1, 1, 1, 1, 1, 1, 1, 1, 1, 1, 1, 1, 1, 1, 1, 1, 1, 1, 1, 1, 1, 1, 1, 0, 1, 1, 1, 0, 0, 0, 0, 0, 0, 0, 0, 0, 0, 0, 0, 0, 0, 0, 0]","[""giving"", ""children"", ""dreadful"", ""made"", ""up"", ""trashy"", ""misspelled"", ""firstnames"", ""was"", ""strictly"", ""a"", ""black"", ""thing"", ""e"", ""g"", ""antwoine"", ""shaquonda"", ""monikwa"", ""ta"", ""queesha"", ""daetrell"", ""ad"", ""nauseam"", ""stupid"", ""white"", ""women""]",211,46,26,True,offensive,"[0, 0, 0, 0, 0, 0, 1, 1, 1, 1, 1, 1, 1, 1, 1, 1, 0, 0, 1, 1, 1, 1, 1, 1, 0, 0, 0, 0, 0, 0, 0, 0, 0, 0, 0, 0, 0, 0, 0, 0, 0, 0, 0, 0, 0, 0]","[""made"", ""up"", ""trashy"", ""misspelled"", ""firstnames"", ""was"", ""strictly"", ""a"", ""black"", ""thing"", ""antwoine"", ""shaquonda"", ""monikwa"", ""ta"", ""queesha"", ""daetrell""]"
10348741_gab,test,have a nice day at work white man,"[""have"", ""a"", ""nice"", ""day"", ""at"", ""work"", ""white"", ""man""]",offensive,Caucasian,"[0, 0, 0, 0, 0, 0, 1, 1]","[""white"", ""man""]",238,8,2,True,offensive,"[0, 0, 0, 0, 0, 0, 1, 0]","[""white""]"
10512172_gab,train,all history demonstrates that converting the jew to christianity does not work duh jews are a race and that letting them run free ends in the destruction of white society and terminates in whitegenocide,"[""all"", ""history"", ""demonstrates"", ""that"", ""converting"", ""the"", ""jew"", ""to"", ""christianity"", ""does"", ""not"", ""work"", ""duh"", ""jews"", ""are"", ""a"", ""race"", ""and"", ""that"", ""letting"", ""them"", ""run"", ""free"", ""ends"", ""in"", ""the"", ""destruction"", ""of"", ""white"", ""society"", ""and"", ""terminates"", ""in"", ""whitegenocide""]",offensive,Caucasian,"[0, 0, 0, 0, 0, 0, 0, 0, 0, 0, 0, 0, 0, 0, 0, 0, 0, 0, 0, 1, 1, 1, 1, 1, 1, 1, 1, 1, 1, 1, 1, 1, 1, 1]","[""letting"", ""them"", ""run"", ""free"", ""ends"", ""in"", ""the"", ""destruction"", ""of"", ""white"", ""society"", ""and"", ""terminates"", ""in"", ""whitegenocide""]",199,34,15,True,hatespeech,"[0, 0, 0, 0, 0, 0, 0, 0, 0, 0, 0, 0, 0, 0, 0, 0, 0, 0, 0, 0, 0, 0, 0, 0, 0, 0, 0, 0, 0, 0, 0, 0, 0, 0]",[]
10536021_gab,train,to normies the concept of genocide is essentially when the nazis tried to kill all the jews it hard for them to think of present day immigration as genocidal or threatening so how do we get them from that mindset to thinking about white genocide via population replacement,"[""to"", ""normies"", ""the"", ""concept"", ""of"", ""genocide"", ""is"", ""essentially"", ""when"", ""the"", ""nazis"", ""tried"", ""to"", ""kill"", ""all"", ""the"", ""jews"", ""it"", ""hard"", ""for"", ""them"", ""to"", ""think"", ""of"", ""present"", ""day"", ""immigration"", ""as"", ""genocidal"", ""or"", ""threatening"", ""so"", ""how"", ""do"", ""we"", ""get"", ""them"", ""from"", ""that"", ""mindset"", ""to"", ""thinking"", ""about"", ""white"", ""genocide"", ""via"", ""population"", ""replacement""]",hatespeech,Caucasian,"[0, 0, 0, 0, 0, 0, 0, 0, 0, 0, 0, 0, 0, 0, 0, 0, 0, 0, 0, 0, 0, 0, 0, 0, 0, 0, 0, 0, 0, 0, 0, 0, 0, 0, 0, 0, 0, 0, 0, 0, 0, 0, 0, 1, 1, 1, 1, 1]","[""white"", ""genocide"", ""via"", ""population"", ""replacement""]",203,48,5,True,offensive,"[0, 0, 0, 0, 0, 0, 0, 0, 0, 0, 0, 0, 0, 0, 0, 0, 0, 0, 0, 0, 0, 0, 0, 0, 0, 0, 0, 0, 0, 0, 0, 0, 0, 0, 0, 0, 0, 0, 0, 0, 0, 0, 0, 1, 1, 0, 0, 0]","[""white"", ""genocide""]"
10581023_gab,train,good to know that that time when a bunch of blacks gang raped a white girl then pissed on her face while telling her that for <number> years of slavery bitch was by definition not racism,"[""good"", ""to"", ""know"", ""that"", ""that"", ""time"", ""when"", ""a"", ""bunch"", ""of"", ""blacks"", ""gang"", ""raped"", ""a"", ""white"", ""girl"", ""then"", ""pissed"", ""on"", ""her"", ""face"", ""while"", ""telling"", ""her"", ""that"", ""for"", ""<number>"", ""years"", ""of"", ""slavery"", ""bitch"", ""was"", ""by"", ""definition"", ""not"", ""racism""]",hatespeech,Caucasian,"[0, 0, 0, 0, 0, 0, 0, 0, 0, 0, 0, 1, 1, 1, 1, 1, 1, 1, 1, 1, 1, 1, 1, 1, 1, 1, 1, 1, 1, 1, 1, 0, 0, 0, 0, 0]","[""gang"", ""raped"", ""a"", ""white"", ""girl"", ""then"", ""pissed"", ""on"", ""her"", ""face"", ""while"", ""telling"", ""her"", ""that"", ""for"", ""<number>"", ""years"", ""of"", ""slavery"", ""bitch""]",210,36,20,True,hatespeech,"[0, 0, 0, 0, 0, 0, 0, 0, 0, 0, 0, 1, 1, 1, 1, 1, 0, 1, 1, 1, 1, 1, 1, 1, 1, 1, 1, 1, 1, 1, 0, 0, 0, 0, 0, 0]","[""gang"", ""raped"", ""a"", ""white"", ""girl"", ""pissed"", ""on"", ""her"", ""face"", ""while"", ""telling"", ""her"", ""that"", ""for"", ""<number>"", ""years"", ""of"", ""slavery""]"
10671150_gab,train,who said anything about promoting the book history tells us that pushed far enough the white man eventually pushes back hard if the recent pattern of leftist violence and government bias continues promotion of these ideals will not be necessary resistance will come as the natural next step,"[""who"", ""said"", ""anything"", ""about"", ""promoting"", ""the"", ""book"", ""history"", ""tells"", ""us"", ""that"", ""pushed"", ""far"", ""enough"", ""the"", ""white"", ""man"", ""eventually"", ""pushes"", ""back"", ""hard"", ""if"", ""the"", ""recent"", ""pattern"", ""of"", ""leftist"", ""violence"", ""and"", ""government"", ""bias"", ""continues"", ""promotion"", ""of"", ""these"", ""ideals"", ""will"", ""not"", ""be"", ""necessary"", ""resistance"", ""will"", ""come"", ""as"", ""the"", ""natural"", ""next"", ""step""]",hatespeech,Caucasian,"[0, 0, 0, 0, 0, 0, 0, 0, 0, 0, 0, 0, 0, 0, 0, 0, 0, 0, 0, 0, 0, 0, 0, 0, 0, 0, 0, 0, 0, 1, 1, 0, 0, 0, 0, 0, 0, 0, 0, 0, 0, 0, 0, 0, 0, 0, 0, 0]","[""government"", ""bias""]",202,48,2,True,hatespeech,"[0, 0, 0, 0, 0, 0, 0, 0, 0, 0, 0, 0, 0, 0, 0, 0, 0, 0, 0, 0, 0, 0, 0, 0, 0, 0, 0, 0, 0, 1, 1, 0, 0, 0, 0, 0, 0, 0, 0, 0, 0, 0, 0, 0, 0, 0, 0, 0]","[""government"", ""bias""]"
10675995_gab,train,but they jump all over themselves to call the peaceful protesters neo nazis and kk and white supremacists and declare political violence on both sides is reprehensible seems like the violence on one side was self defense cucksgonnacuck,"[""but"", ""they"", ""jump"", ""all"", ""over"", ""themselves"", ""to"", ""call"", ""the"", ""peaceful"", ""protesters"", ""neo"", ""nazis"", ""and"", ""kk"", ""and"", ""white"", ""supremacists"", ""and"", ""declare"", ""political"", ""violence"", ""on"", ""both"", ""sides"", ""is"", ""reprehensible"", ""seems"", ""like"", ""the"", ""violence"", ""on"", ""one"", ""side"", ""was"", ""self"", ""defense"", ""cucksgonnacuck""]",offensive,Caucasian,"[0, 0, 0, 0, 0, 0, 0, 0, 0, 0, 0, 1, 1, 1, 1, 1, 1, 1, 0, 0, 0, 0, 0, 0, 0, 0, 0, 0, 0, 0, 1, 1, 1, 1, 1, 1, 1, 1]","[""neo"", ""nazis"", ""and"", ""kk"", ""and"", ""white"", ""supremacists"", ""violence"", ""on"", ""one"", ""side"", ""was"", ""self"", ""defense"", ""cucksgonnacuck""]",207,38,15,True,offensive,"[0, 0, 0, 0, 0, 0, 0, 0, 0, 0, 0, 0, 0, 0, 0, 0, 0, 0, 0, 0, 0, 0, 0, 0, 0, 0, 0, 0, 0, 0, 0, 0, 0, 0, 0, 0, 0, 1]","[""cucksgonnacuck""]"
10691275_gab,train,postmodernist marxists believe whites are dominant by evil means must be brought down so whole world can flourish alt right believe that jews are conspiring to destroy white race that immigrants are being brought in to replace whites these positions are not exactly rational but are related,"[""postmodernist"", ""marxists"", ""believe"", ""whites"", ""are"", ""dominant"", ""by"", ""evil"", ""means"", ""must"", ""be"", ""brought"", ""down"", ""so"", ""whole"", ""world"", ""can"", ""flourish"", ""alt"", ""right"", ""believe"", ""that"", ""jews"", ""are"", ""conspiring"", ""to"", ""destroy"", ""white"", ""race"", ""that"", ""immigrants"", ""are"", ""being"", ""brought"", ""in"", ""to"", ""replace"", ""whites"", ""these"", ""positions"", ""are"", ""not"", ""exactly"", ""rational"", ""but"", ""are"", ""related""]",hatespeech,Caucasian,"[1, 1, 1, 1, 0, 1, 1, 1, 1, 0, 0, 0, 0, 0, 0, 0, 0, 0, 0, 0, 0, 0, 1, 1, 1, 1, 1, 1, 1, 1, 1, 1, 1, 1, 1, 1, 1, 1, 0, 0, 0, 0, 0, 0, 0, 0, 0]","[""postmodernist"", ""marxists"", ""believe"", ""whites"", ""dominant"", ""by"", ""evil"", ""means"", ""jews"", ""are"", ""conspiring"", ""to"", ""destroy"", ""white"", ""race"", ""that"", ""immigrants"", ""are"", ""being"", ""brought"", ""in"", ""to"", ""replace"", ""whites""]",203,47,24,True,offensive,"[0, 0, 0, 0, 0, 0, 0, 0, 0, 0, 0, 0, 0, 0, 0, 0, 0, 0, 0, 0, 0, 0, 0, 0, 0, 0, 1, 1, 1, 0, 0, 0, 0, 0, 0, 0, 0, 0, 0, 0, 0, 0, 0, 0, 0, 0, 0]","[""destroy"", ""white"", ""race""]"
10705820_gab,train,how to describe hypocrisy all the folks calling on trump to call out white nationalism had not been able to call out antifa blm islamicterror how worse can their hypocrisy be,"[""how"", ""to"", ""describe"", ""hypocrisy"", ""all"", ""the"", ""folks"", ""calling"", ""on"", ""trump"", ""to"", ""call"", ""out"", ""white"", ""nationalism"", ""had"", ""not"", ""been"", ""able"", ""to"", ""call"", ""out"", ""antifa"", ""blm"", ""islamicterror"", ""how"", ""worse"", ""can"", ""their"", ""hypocrisy"", ""be""]",offensive,Caucasian,"[0, 0, 0, 0, 0, 0, 0, 0, 0, 0, 0, 0, 0, 1, 1, 0, 0, 0, 0, 0, 0, 0, 0, 0, 0, 0, 0, 0, 0, 0, 0]","[""white"", ""nationalism""]",222,31,2,True,offensive,"[0, 0, 0, 0, 0, 0, 0, 0, 0, 0, 0, 0, 0, 0, 0, 0, 0, 0, 0, 0, 0, 0, 0, 0, 0, 0, 0, 0, 0, 0, 0]",[]
10768418_gab,train,according to the entire establishment if you are white and you dare to object to your humiliation dispossession violence against you is justified a direct quote from cuban cuck cum bucket marco rubio,"[""according"", ""to"", ""the"", ""entire"", ""establishment"", ""if"", ""you"", ""are"", ""white"", ""and"", ""you"", ""dare"", ""to"", ""object"", ""to"", ""your"", ""humiliation"", ""dispossession"", ""violence"", ""against"", ""you"", ""is"", ""justified"", ""a"", ""direct"", ""quote"", ""from"", ""cuban"", ""cuck"", ""cum"", ""bucket"", ""marco"", ""rubio""]",offensive,Caucasian,"[0, 0, 0, 0, 1, 0, 0, 0, 0, 0, 0, 0, 0, 0, 0, 0, 0, 0, 0, 0, 0, 0, 0, 0, 0, 0, 0, 1, 1, 1, 1, 1, 1]","[""establishment"", ""cuban"", ""cuck"", ""cum"", ""bucket"", ""marco"", ""rubio""]",199,33,7,True,offensive,"[0, 0, 0, 0, 0, 0, 0, 0, 0, 0, 0, 0, 0, 0, 0, 0, 0, 0, 0, 0, 0, 0, 0, 0, 0, 0, 0, 1, 1, 1, 1, 0, 0]","[""cuban"", ""cuck"", ""cum"", ""bucket""]"
1076982515276152832_twitter,val,hey liberals i am an immigrant and i hate niggers triggered yet snowflakes 😂 😂 😂 😂,"[""hey"", ""liberals"", ""i"", ""am"", ""an"", ""immigrant"", ""and"", ""i"", ""hate"", ""niggers"", ""triggered"", ""yet"", ""snowflakes"", ""\ud83d\ude02"", ""\ud83d\ude02"", ""\ud83d\ude02"", ""\ud83d\ude02""]",hatespeech,Caucasian,"[0, 0, 0, 0, 0, 1, 0, 0, 1, 1, 0, 0, 0, 0, 0, 0, 0]","[""immigrant"", ""hate"", ""niggers""]",202,17,3,True,hatespeech,"[0, 0, 0, 0, 0, 0, 0, 0, 1, 1, 0, 0, 0, 0, 0, 0, 0]","[""hate"", ""niggers""]"
1076989272291459072_twitter,train,i really need a tan because i am tired of ppl calling me white,"[""i"", ""really"", ""need"", ""a"", ""tan"", ""because"", ""i"", ""am"", ""tired"", ""of"", ""ppl"", ""calling"", ""me"", ""white""]",offensive,Caucasian,"[0, 0, 0, 0, 0, 0, 0, 0, 1, 1, 1, 1, 1, 1]","[""tired"", ""of"", ""ppl"", ""calling"", ""me"", ""white""]",223,14,6,True,offensive,"[0, 0, 0, 0, 0, 0, 0, 0, 0, 0, 0, 0, 0, 1]","[""white""]"
1076989272291459072_twitter,train,i really need a tan because i am tired of ppl calling me white,"[""i"", ""really"", ""need"", ""a"", ""tan"", ""because"", ""i"", ""am"", ""tired"", ""of"", ""ppl"", ""calling"", ""me"", ""white""]",offensive,Caucasian,"[0, 0, 0, 0, 0, 0, 0, 0, 0, 0, 0, 0, 0, 1]","[""white""]",206,14,1,True,offensive,"[0, 0, 0, 0, 0, 0, 0, 0, 0, 0, 0, 0, 0, 1]","[""white""]"
1077287262709108736_twitter,train,if you still support the small handed nazi nut bag you ’ re one sick ignorant racist mother fucker fucktrumpsupporters,"[""if"", ""you"", ""still"", ""support"", ""the"", ""small"", ""handed"", ""nazi"", ""nut"", ""bag"", ""you"", ""\u2019"", ""re"", ""one"", ""sick"", ""ignorant"", ""racist"", ""mother"", ""fucker"", ""fucktrumpsupporters""]",offensive,Caucasian,"[0, 0, 0, 0, 0, 0, 0, 1, 0, 0, 0, 0, 0, 0, 0, 0, 1, 1, 0, 0]","[""nazi"", ""racist"", ""mother""]",207,20,3,True,offensive,"[0, 0, 0, 0, 0, 0, 0, 1, 0, 0, 0, 0, 0, 0, 0, 0, 1, 1, 0, 0]","[""nazi"", ""racist"", ""mother""]"
10787033_gab,val,is it just a strange coincidence that the feral dindu in america wanna kill us like their cousins are doing to the white south africans,"[""is"", ""it"", ""just"", ""a"", ""strange"", ""coincidence"", ""that"", ""the"", ""feral"", ""dindu"", ""in"", ""america"", ""wanna"", ""kill"", ""us"", ""like"", ""their"", ""cousins"", ""are"", ""doing"", ""to"", ""the"", ""white"", ""south"", ""africans""]",hatespeech,Caucasian,"[0, 0, 0, 0, 0, 0, 0, 0, 0, 0, 0, 0, 1, 1, 0, 0, 0, 0, 0, 0, 0, 0, 1, 1, 1]","[""wanna"", ""kill"", ""white"", ""south"", ""africans""]",199,25,5,True,hatespeech,"[0, 0, 0, 0, 0, 0, 0, 0, 0, 0, 0, 0, 1, 1, 0, 0, 0, 0, 0, 0, 0, 0, 0, 0, 0]","[""wanna"", ""kill""]"
1079507754719559680_twitter,test,<user> where in new york was this taken white supremist nazi radical evangelical bigoted pos road rage waiting to happen,"[""<user>"", ""where"", ""in"", ""new"", ""york"", ""was"", ""this"", ""taken"", ""white"", ""supremist"", ""nazi"", ""radical"", ""evangelical"", ""bigoted"", ""pos"", ""road"", ""rage"", ""waiting"", ""to"", ""happen""]",hatespeech,Caucasian,"[0, 0, 0, 0, 0, 0, 0, 0, 1, 1, 1, 1, 1, 1, 1, 0, 0, 0, 0, 0]","[""white"", ""supremist"", ""nazi"", ""radical"", ""evangelical"", ""bigoted"", ""pos""]",216,20,7,True,offensive,"[0, 0, 0, 0, 0, 0, 0, 0, 0, 0, 1, 0, 0, 0, 0, 0, 0, 0, 0, 0]","[""nazi""]"
1079507754719559680_twitter,test,<user> where in new york was this taken white supremist nazi radical evangelical bigoted pos road rage waiting to happen,"[""<user>"", ""where"", ""in"", ""new"", ""york"", ""was"", ""this"", ""taken"", ""white"", ""supremist"", ""nazi"", ""radical"", ""evangelical"", ""bigoted"", ""pos"", ""road"", ""rage"", ""waiting"", ""to"", ""happen""]",offensive,Caucasian,"[0, 0, 0, 0, 0, 0, 0, 0, 0, 0, 1, 0, 0, 0, 0, 0, 0, 0, 0, 0]","[""nazi""]",217,20,1,True,offensive,"[0, 0, 0, 0, 0, 0, 0, 0, 0, 0, 1, 0, 0, 0, 0, 0, 0, 0, 0, 0]","[""nazi""]"
10801417_gab,train,after white people are thoroughly minoritized in the us every white ghetto will have a robert e lee boulevard running through it,"[""after"", ""white"", ""people"", ""are"", ""thoroughly"", ""minoritized"", ""in"", ""the"", ""us"", ""every"", ""white"", ""ghetto"", ""will"", ""have"", ""a"", ""robert"", ""e"", ""lee"", ""boulevard"", ""running"", ""through"", ""it""]",offensive,Caucasian,"[0, 0, 0, 0, 0, 0, 0, 0, 0, 0, 1, 1, 0, 0, 0, 0, 0, 0, 0, 0, 0, 0]","[""white"", ""ghetto""]",206,22,2,True,offensive,"[0, 0, 0, 0, 0, 0, 0, 0, 0, 0, 1, 1, 0, 0, 0, 0, 0, 0, 0, 0, 0, 0]","[""white"", ""ghetto""]"
10801417_gab,train,after white people are thoroughly minoritized in the us every white ghetto will have a robert e lee boulevard running through it,"[""after"", ""white"", ""people"", ""are"", ""thoroughly"", ""minoritized"", ""in"", ""the"", ""us"", ""every"", ""white"", ""ghetto"", ""will"", ""have"", ""a"", ""robert"", ""e"", ""lee"", ""boulevard"", ""running"", ""through"", ""it""]",offensive,Caucasian,"[0, 0, 0, 0, 0, 0, 0, 0, 0, 0, 1, 1, 0, 0, 0, 0, 0, 0, 0, 0, 0, 0]","[""white"", ""ghetto""]",207,22,2,True,offensive,"[0, 0, 0, 0, 0, 0, 0, 0, 0, 0, 1, 1, 0, 0, 0, 0, 0, 0, 0, 0, 0, 0]","[""white"", ""ghetto""]"
1082296887150067712_twitter,train,<user> you are a traitor where do we send your nazi ass,"[""<user>"", ""you"", ""are"", ""a"", ""traitor"", ""where"", ""do"", ""we"", ""send"", ""your"", ""nazi"", ""ass""]",offensive,Caucasian,"[0, 0, 0, 0, 0, 0, 0, 0, 0, 0, 1, 1]","[""nazi"", ""ass""]",207,12,2,True,offensive,"[0, 0, 0, 0, 0, 0, 0, 0, 0, 0, 1, 1]","[""nazi"", ""ass""]"
10843940_gab,train,what can i say about the barcelona attack that has not already been said any objective person watching the reaction to charlottesville vs barcelona can only conclude that the left wants less white people and more muslims to replace them,"[""what"", ""can"", ""i"", ""say"", ""about"", ""the"", ""barcelona"", ""attack"", ""that"", ""has"", ""not"", ""already"", ""been"", ""said"", ""any"", ""objective"", ""person"", ""watching"", ""the"", ""reaction"", ""to"", ""charlottesville"", ""vs"", ""barcelona"", ""can"", ""only"", ""conclude"", ""that"", ""the"", ""left"", ""wants"", ""less"", ""white"", ""people"", ""and"", ""more"", ""muslims"", ""to"", ""replace"", ""them""]",hatespeech,Caucasian,"[0, 0, 0, 0, 0, 0, 0, 0, 0, 0, 0, 0, 0, 0, 0, 0, 0, 0, 0, 0, 0, 0, 0, 0, 0, 0, 0, 0, 0, 0, 0, 0, 0, 0, 0, 0, 1, 0, 0, 0]","[""muslims""]",210,40,1,True,hatespeech,"[0, 0, 0, 0, 0, 0, 0, 0, 0, 0, 0, 0, 0, 0, 0, 0, 0, 0, 0, 0, 0, 0, 0, 0, 0, 0, 0, 0, 0, 0, 0, 0, 0, 0, 0, 0, 1, 0, 0, 0]","[""muslims""]"
1086775430013583360_twitter,train,<user> <user> you ’ re a disgrace and a nazi,"[""<user>"", ""<user>"", ""you"", ""\u2019"", ""re"", ""a"", ""disgrace"", ""and"", ""a"", ""nazi""]",offensive,Caucasian,"[0, 0, 0, 0, 0, 0, 1, 1, 1, 1]","[""disgrace"", ""and"", ""a"", ""nazi""]",207,10,4,True,offensive,"[0, 0, 0, 0, 0, 0, 0, 0, 0, 1]","[""nazi""]"
1091316503058792448_twitter,train,<user> fuck y ’ all white bitch add niggas on god,"[""<user>"", ""fuck"", ""y"", ""\u2019"", ""all"", ""white"", ""bitch"", ""add"", ""niggas"", ""on"", ""god""]",offensive,Caucasian,"[0, 0, 1, 1, 1, 1, 1, 1, 1, 0, 0]","[""y"", ""\u2019"", ""all"", ""white"", ""bitch"", ""add"", ""niggas""]",203,11,7,True,offensive,"[0, 0, 1, 1, 1, 1, 1, 1, 1, 0, 0]","[""y"", ""\u2019"", ""all"", ""white"", ""bitch"", ""add"", ""niggas""]"
1091316503058792448_twitter,train,<user> fuck y ’ all white bitch add niggas on god,"[""<user>"", ""fuck"", ""y"", ""\u2019"", ""all"", ""white"", ""bitch"", ""add"", ""niggas"", ""on"", ""god""]",offensive,Caucasian,"[0, 1, 1, 1, 1, 1, 1, 1, 1, 0, 0]","[""fuck"", ""y"", ""\u2019"", ""all"", ""white"", ""bitch"", ""add"", ""niggas""]",199,11,8,True,offensive,"[0, 0, 1, 1, 1, 1, 1, 1, 1, 0, 0]","[""y"", ""\u2019"", ""all"", ""white"", ""bitch"", ""add"", ""niggas""]"
1091597986973413376_twitter,val,<user> bro change your twitter name back it ’ literally nazi u realize that right,"[""<user>"", ""bro"", ""change"", ""your"", ""twitter"", ""name"", ""back"", ""it"", ""\u2019"", ""literally"", ""nazi"", ""u"", ""realize"", ""that"", ""right""]",offensive,Caucasian,"[0, 0, 0, 0, 0, 0, 0, 0, 1, 1, 1, 1, 1, 0, 0]","[""\u2019"", ""literally"", ""nazi"", ""u"", ""realize""]",205,15,5,True,offensive,"[0, 0, 0, 0, 0, 0, 0, 0, 0, 0, 1, 0, 0, 0, 0]","[""nazi""]"
1092406126350647296_twitter,test,tomi lahren is the epitome of the white bitches all our folks wanted us to avoid,"[""tomi"", ""lahren"", ""is"", ""the"", ""epitome"", ""of"", ""the"", ""white"", ""bitches"", ""all"", ""our"", ""folks"", ""wanted"", ""us"", ""to"", ""avoid""]",normal,Caucasian,"[0, 0, 0, 0, 0, 0, 0, 1, 1, 0, 0, 0, 0, 0, 0, 0]","[""white"", ""bitches""]",221,16,2,True,offensive,"[0, 0, 0, 0, 0, 0, 0, 1, 1, 0, 0, 0, 0, 0, 0, 0]","[""white"", ""bitches""]"
1092406126350647296_twitter,test,tomi lahren is the epitome of the white bitches all our folks wanted us to avoid,"[""tomi"", ""lahren"", ""is"", ""the"", ""epitome"", ""of"", ""the"", ""white"", ""bitches"", ""all"", ""our"", ""folks"", ""wanted"", ""us"", ""to"", ""avoid""]",offensive,Caucasian,"[0, 0, 0, 0, 0, 0, 0, 1, 1, 0, 0, 0, 0, 0, 0, 0]","[""white"", ""bitches""]",204,16,2,True,offensive,"[0, 0, 0, 0, 0, 0, 0, 1, 1, 0, 0, 0, 0, 0, 0, 0]","[""white"", ""bitches""]"
1092441251776024576_twitter,test,you white with pink nasty locs or w e you wanna call those yo i wanna kick this bitch,"[""you"", ""white"", ""with"", ""pink"", ""nasty"", ""locs"", ""or"", ""w"", ""e"", ""you"", ""wanna"", ""call"", ""those"", ""yo"", ""i"", ""wanna"", ""kick"", ""this"", ""bitch""]",offensive,Caucasian,"[0, 1, 1, 1, 0, 0, 0, 0, 0, 0, 0, 0, 0, 0, 0, 1, 1, 1, 1]","[""white"", ""with"", ""pink"", ""wanna"", ""kick"", ""this"", ""bitch""]",200,19,7,True,offensive,"[0, 0, 0, 1, 0, 0, 0, 0, 0, 0, 0, 0, 0, 0, 0, 0, 1, 1, 1]","[""pink"", ""kick"", ""this"", ""bitch""]"
1092521010665009152_twitter,train,why do white queers and gays all look the same,"[""why"", ""do"", ""white"", ""queers"", ""and"", ""gays"", ""all"", ""look"", ""the"", ""same""]",offensive,Caucasian,"[0, 0, 0, 0, 0, 1, 0, 0, 0, 0]","[""gays""]",202,10,1,True,offensive,"[0, 0, 0, 0, 0, 1, 0, 0, 0, 0]","[""gays""]"
1093057053755654144_twitter,train,i like my bitches brown skin amp dark skin can ’ t get with a light skin female 😂 😂,"[""i"", ""like"", ""my"", ""bitches"", ""brown"", ""skin"", ""amp"", ""dark"", ""skin"", ""can"", ""\u2019"", ""t"", ""get"", ""with"", ""a"", ""light"", ""skin"", ""female"", ""\ud83d\ude02"", ""\ud83d\ude02""]",normal,Caucasian,"[0, 0, 0, 1, 0, 0, 0, 1, 1, 1, 1, 1, 1, 1, 0, 1, 1, 1, 0, 0]","[""bitches"", ""dark"", ""skin"", ""can"", ""\u2019"", ""t"", ""get"", ""with"", ""light"", ""skin"", ""female""]",223,20,11,True,offensive,"[0, 0, 0, 1, 0, 0, 0, 1, 1, 0, 0, 0, 0, 0, 0, 1, 1, 1, 0, 0]","[""bitches"", ""dark"", ""skin"", ""light"", ""skin"", ""female""]"
1094842390177894400_twitter,test,every job in the world exists solely to make a white woman life better,"[""every"", ""job"", ""in"", ""the"", ""world"", ""exists"", ""solely"", ""to"", ""make"", ""a"", ""white"", ""woman"", ""life"", ""better""]",normal,Caucasian,"[0, 0, 0, 0, 0, 0, 0, 0, 1, 1, 1, 1, 1, 1]","[""make"", ""a"", ""white"", ""woman"", ""life"", ""better""]",203,14,6,True,offensive,"[0, 0, 0, 0, 0, 0, 0, 0, 0, 0, 1, 1, 0, 0]","[""white"", ""woman""]"
1094842390177894400_twitter,test,every job in the world exists solely to make a white woman life better,"[""every"", ""job"", ""in"", ""the"", ""world"", ""exists"", ""solely"", ""to"", ""make"", ""a"", ""white"", ""woman"", ""life"", ""better""]",offensive,Caucasian,"[0, 0, 0, 0, 0, 0, 0, 0, 0, 0, 1, 1, 0, 0]","[""white"", ""woman""]",235,14,2,True,offensive,"[0, 0, 0, 0, 0, 0, 0, 0, 0, 0, 1, 1, 0, 0]","[""white"", ""woman""]"
1095440443729416193_twitter,val,u.s. “ patriotism ” is just genocidal and fascist apologism taking pride in a white supremacist settler colonial empire is violence,"[""u.s."", ""\u201c"", ""patriotism"", ""\u201d"", ""is"", ""just"", ""genocidal"", ""and"", ""fascist"", ""apologism"", ""taking"", ""pride"", ""in"", ""a"", ""white"", ""supremacist"", ""settler"", ""colonial"", ""empire"", ""is"", ""violence""]",offensive,Caucasian,"[0, 0, 0, 0, 0, 0, 1, 1, 1, 1, 0, 0, 0, 0, 0, 0, 0, 0, 0, 0, 0]","[""genocidal"", ""and"", ""fascist"", ""apologism""]",229,21,4,True,offensive,"[0, 0, 0, 0, 0, 0, 1, 1, 1, 1, 0, 0, 0, 0, 0, 0, 0, 0, 0, 0, 0]","[""genocidal"", ""and"", ""fascist"", ""apologism""]"
1095829695776653312_twitter,train,<user> <user> mariah carey can you not read white bitch v,"[""<user>"", ""<user>"", ""mariah"", ""carey"", ""can"", ""you"", ""not"", ""read"", ""white"", ""bitch"", ""v""]",offensive,Caucasian,"[0, 0, 0, 0, 1, 1, 1, 1, 1, 1, 0]","[""can"", ""you"", ""not"", ""read"", ""white"", ""bitch""]",200,11,6,True,offensive,"[0, 0, 0, 0, 0, 0, 0, 0, 1, 1, 0]","[""white"", ""bitch""]"
1095829695776653312_twitter,train,<user> <user> mariah carey can you not read white bitch v,"[""<user>"", ""<user>"", ""mariah"", ""carey"", ""can"", ""you"", ""not"", ""read"", ""white"", ""bitch"", ""v""]",offensive,Caucasian,"[0, 0, 0, 0, 0, 0, 0, 0, 1, 1, 0]","[""white"", ""bitch""]",199,11,2,True,offensive,"[0, 0, 0, 0, 0, 0, 0, 0, 1, 1, 0]","[""white"", ""bitch""]"
1097362424498315264_twitter,train,<user> fuck you and your anti white blood libel,"[""<user>"", ""fuck"", ""you"", ""and"", ""your"", ""anti"", ""white"", ""blood"", ""libel""]",offensive,Caucasian,"[0, 1, 1, 1, 1, 1, 1, 0, 0]","[""fuck"", ""you"", ""and"", ""your"", ""anti"", ""white""]",199,9,6,True,offensive,"[0, 0, 0, 0, 0, 1, 1, 0, 0]","[""anti"", ""white""]"
1098457695672246273_twitter,val,<user> you stupid fat fucking white cracker bitch quit opening your mouth like you have a tic on the red carpet retard,"[""<user>"", ""you"", ""stupid"", ""fat"", ""fucking"", ""white"", ""cracker"", ""bitch"", ""quit"", ""opening"", ""your"", ""mouth"", ""like"", ""you"", ""have"", ""a"", ""tic"", ""on"", ""the"", ""red"", ""carpet"", ""retard""]",hatespeech,Caucasian,"[0, 0, 1, 1, 1, 1, 1, 1, 0, 0, 0, 0, 0, 0, 0, 0, 0, 0, 0, 0, 0, 0]","[""stupid"", ""fat"", ""fucking"", ""white"", ""cracker"", ""bitch""]",235,22,6,True,offensive,"[0, 0, 0, 1, 1, 1, 1, 1, 0, 0, 0, 0, 0, 0, 0, 0, 0, 0, 0, 0, 0, 0]","[""fat"", ""fucking"", ""white"", ""cracker"", ""bitch""]"
1099854268876627968_twitter,train,<user> ur noy missing anything trust us still boring af amp still white af,"[""<user>"", ""ur"", ""noy"", ""missing"", ""anything"", ""trust"", ""us"", ""still"", ""boring"", ""af"", ""amp"", ""still"", ""white"", ""af""]",offensive,Caucasian,"[0, 0, 0, 0, 0, 0, 0, 1, 1, 1, 1, 1, 1, 1]","[""still"", ""boring"", ""af"", ""amp"", ""still"", ""white"", ""af""]",229,14,7,True,offensive,"[0, 0, 0, 0, 0, 0, 0, 0, 0, 1, 1, 1, 1, 1]","[""af"", ""amp"", ""still"", ""white"", ""af""]"
1099854268876627968_twitter,train,<user> ur noy missing anything trust us still boring af amp still white af,"[""<user>"", ""ur"", ""noy"", ""missing"", ""anything"", ""trust"", ""us"", ""still"", ""boring"", ""af"", ""amp"", ""still"", ""white"", ""af""]",offensive,Caucasian,"[0, 0, 0, 0, 0, 0, 0, 0, 0, 1, 1, 1, 1, 1]","[""af"", ""amp"", ""still"", ""white"", ""af""]",223,14,5,True,offensive,"[0, 0, 0, 0, 0, 0, 0, 0, 0, 1, 1, 1, 1, 1]","[""af"", ""amp"", ""still"", ""white"", ""af""]"
11012135_gab,test,all you so called jewish people and asians you actually white supremes,"[""all"", ""you"", ""so"", ""called"", ""jewish"", ""people"", ""and"", ""asians"", ""you"", ""actually"", ""white"", ""supremes""]",offensive,Caucasian,"[0, 0, 0, 0, 1, 1, 1, 1, 1, 0, 1, 1]","[""jewish"", ""people"", ""and"", ""asians"", ""you"", ""white"", ""supremes""]",203,12,7,True,hatespeech,"[0, 0, 0, 0, 1, 0, 0, 1, 0, 0, 0, 0]","[""jewish"", ""asians""]"
1104597573699076096_twitter,train,i get along with asians and whites very well mulattos not so much,"[""i"", ""get"", ""along"", ""with"", ""asians"", ""and"", ""whites"", ""very"", ""well"", ""mulattos"", ""not"", ""so"", ""much""]",offensive,Caucasian,"[0, 0, 0, 0, 0, 0, 0, 0, 0, 1, 0, 0, 0]","[""mulattos""]",205,13,1,True,offensive,"[0, 0, 0, 0, 0, 0, 0, 0, 0, 1, 0, 0, 0]","[""mulattos""]"
11058354_gab,test,we sound stupid when we talk ghetto remember white women calling jewelry bling it was embarrassing to hear my favorite is white guys wearing their pants below their asses whoever told them this was cool,"[""we"", ""sound"", ""stupid"", ""when"", ""we"", ""talk"", ""ghetto"", ""remember"", ""white"", ""women"", ""calling"", ""jewelry"", ""bling"", ""it"", ""was"", ""embarrassing"", ""to"", ""hear"", ""my"", ""favorite"", ""is"", ""white"", ""guys"", ""wearing"", ""their"", ""pants"", ""below"", ""their"", ""asses"", ""whoever"", ""told"", ""them"", ""this"", ""was"", ""cool""]",offensive,Caucasian,"[0, 0, 0, 0, 0, 0, 1, 0, 0, 0, 0, 0, 0, 0, 0, 0, 0, 0, 0, 0, 0, 0, 0, 0, 0, 0, 0, 0, 1, 0, 0, 0, 0, 0, 0]","[""ghetto"", ""asses""]",202,35,2,True,offensive,"[0, 0, 0, 0, 0, 0, 1, 0, 0, 0, 0, 0, 0, 0, 0, 0, 0, 0, 0, 0, 0, 0, 0, 0, 0, 0, 0, 0, 0, 0, 0, 0, 0, 0, 0]","[""ghetto""]"
11058354_gab,test,we sound stupid when we talk ghetto remember white women calling jewelry bling it was embarrassing to hear my favorite is white guys wearing their pants below their asses whoever told them this was cool,"[""we"", ""sound"", ""stupid"", ""when"", ""we"", ""talk"", ""ghetto"", ""remember"", ""white"", ""women"", ""calling"", ""jewelry"", ""bling"", ""it"", ""was"", ""embarrassing"", ""to"", ""hear"", ""my"", ""favorite"", ""is"", ""white"", ""guys"", ""wearing"", ""their"", ""pants"", ""below"", ""their"", ""asses"", ""whoever"", ""told"", ""them"", ""this"", ""was"", ""cool""]",offensive,Caucasian,"[0, 0, 0, 0, 1, 1, 1, 0, 0, 0, 0, 0, 0, 0, 0, 0, 0, 0, 0, 0, 0, 0, 0, 0, 0, 0, 0, 0, 0, 0, 0, 0, 0, 0, 0]","[""we"", ""talk"", ""ghetto""]",205,35,3,True,offensive,"[0, 0, 0, 0, 0, 0, 1, 0, 0, 0, 0, 0, 0, 0, 0, 0, 0, 0, 0, 0, 0, 0, 0, 0, 0, 0, 0, 0, 0, 0, 0, 0, 0, 0, 0]","[""ghetto""]"
11063815_gab,train,lmao says the person who insulted me stop doing things when it done back you u bitch up and cower in a corner and try and be a victim pussy still no denial you are trailer trash and a product of incest,"[""lmao"", ""says"", ""the"", ""person"", ""who"", ""insulted"", ""me"", ""stop"", ""doing"", ""things"", ""when"", ""it"", ""done"", ""back"", ""you"", ""u"", ""bitch"", ""up"", ""and"", ""cower"", ""in"", ""a"", ""corner"", ""and"", ""try"", ""and"", ""be"", ""a"", ""victim"", ""pussy"", ""still"", ""no"", ""denial"", ""you"", ""are"", ""trailer"", ""trash"", ""and"", ""a"", ""product"", ""of"", ""incest""]",normal,Caucasian,"[0, 0, 0, 0, 0, 0, 0, 0, 0, 0, 0, 0, 0, 0, 0, 1, 1, 1, 1, 1, 0, 0, 0, 0, 0, 0, 0, 0, 0, 1, 0, 0, 0, 0, 0, 1, 1, 1, 1, 1, 1, 1]","[""u"", ""bitch"", ""up"", ""and"", ""cower"", ""pussy"", ""trailer"", ""trash"", ""and"", ""a"", ""product"", ""of"", ""incest""]",248,42,13,True,offensive,"[0, 0, 0, 0, 0, 0, 0, 0, 0, 0, 0, 0, 0, 0, 0, 0, 1, 0, 0, 0, 0, 0, 0, 0, 0, 0, 0, 0, 0, 1, 0, 0, 0, 0, 0, 0, 0, 0, 0, 0, 0, 0]","[""bitch"", ""pussy""]"
1109500157232480256_twitter,train,<user> black on black violence is impossible the white man 👨 did it whitey also didn ’ t move in to save the save screw whitey,"[""<user>"", ""black"", ""on"", ""black"", ""violence"", ""is"", ""impossible"", ""the"", ""white"", ""man"", ""\ud83d\udc68"", ""did"", ""it"", ""whitey"", ""also"", ""didn"", ""\u2019"", ""t"", ""move"", ""in"", ""to"", ""save"", ""the"", ""save"", ""screw"", ""whitey""]",hatespeech,Caucasian,"[0, 0, 0, 0, 0, 0, 0, 0, 0, 0, 0, 0, 0, 1, 0, 0, 0, 0, 0, 0, 0, 0, 0, 0, 1, 1]","[""whitey"", ""screw"", ""whitey""]",200,26,3,True,hatespeech,"[0, 0, 0, 0, 0, 0, 0, 0, 0, 0, 0, 0, 0, 0, 0, 0, 0, 0, 0, 0, 0, 0, 0, 0, 1, 1]","[""screw"", ""whitey""]"
1109500157232480256_twitter,train,<user> black on black violence is impossible the white man 👨 did it whitey also didn ’ t move in to save the save screw whitey,"[""<user>"", ""black"", ""on"", ""black"", ""violence"", ""is"", ""impossible"", ""the"", ""white"", ""man"", ""\ud83d\udc68"", ""did"", ""it"", ""whitey"", ""also"", ""didn"", ""\u2019"", ""t"", ""move"", ""in"", ""to"", ""save"", ""the"", ""save"", ""screw"", ""whitey""]",hatespeech,Caucasian,"[0, 0, 0, 0, 0, 0, 0, 0, 0, 0, 0, 0, 0, 0, 0, 0, 0, 0, 0, 0, 0, 0, 0, 0, 1, 1]","[""screw"", ""whitey""]",211,26,2,True,hatespeech,"[0, 0, 0, 0, 0, 0, 0, 0, 0, 0, 0, 0, 0, 0, 0, 0, 0, 0, 0, 0, 0, 0, 0, 0, 1, 1]","[""screw"", ""whitey""]"
1109574501291810817_twitter,train,<user> but you ’ re ok with palestinians killing their own people very nazi of u,"[""<user>"", ""but"", ""you"", ""\u2019"", ""re"", ""ok"", ""with"", ""palestinians"", ""killing"", ""their"", ""own"", ""people"", ""very"", ""nazi"", ""of"", ""u""]",offensive,Caucasian,"[0, 0, 0, 0, 0, 0, 0, 0, 0, 0, 0, 0, 0, 1, 0, 0]","[""nazi""]",205,16,1,True,offensive,"[0, 0, 0, 0, 0, 0, 0, 0, 0, 0, 0, 0, 0, 1, 0, 0]","[""nazi""]"
1111263476218056706_twitter,train,i ’ m so sick of all white parties,"[""i"", ""\u2019"", ""m"", ""so"", ""sick"", ""of"", ""all"", ""white"", ""parties""]",offensive,Caucasian,"[0, 0, 0, 0, 0, 0, 0, 1, 1]","[""white"", ""parties""]",245,9,2,True,offensive,"[0, 0, 0, 0, 0, 0, 0, 1, 1]","[""white"", ""parties""]"
1111263476218056706_twitter,train,i ’ m so sick of all white parties,"[""i"", ""\u2019"", ""m"", ""so"", ""sick"", ""of"", ""all"", ""white"", ""parties""]",offensive,Caucasian,"[0, 0, 0, 1, 1, 1, 1, 1, 1]","[""so"", ""sick"", ""of"", ""all"", ""white"", ""parties""]",206,9,6,True,offensive,"[0, 0, 0, 0, 0, 0, 0, 1, 1]","[""white"", ""parties""]"
11114636_gab,train,<user> if we avoid the brown mutt path i think humanity has to speciate the west and asians are too far ahead of the others you will always end up with a high level of segregation and discord mixing the lower populations and the gap is only accelerating,"[""<user>"", ""if"", ""we"", ""avoid"", ""the"", ""brown"", ""mutt"", ""path"", ""i"", ""think"", ""humanity"", ""has"", ""to"", ""speciate"", ""the"", ""west"", ""and"", ""asians"", ""are"", ""too"", ""far"", ""ahead"", ""of"", ""the"", ""others"", ""you"", ""will"", ""always"", ""end"", ""up"", ""with"", ""a"", ""high"", ""level"", ""of"", ""segregation"", ""and"", ""discord"", ""mixing"", ""the"", ""lower"", ""populations"", ""and"", ""the"", ""gap"", ""is"", ""only"", ""accelerating""]",offensive,Caucasian,"[0, 0, 0, 0, 0, 1, 1, 0, 0, 0, 0, 0, 0, 0, 0, 0, 0, 0, 0, 0, 0, 0, 0, 0, 0, 0, 0, 0, 0, 0, 0, 0, 0, 0, 0, 0, 0, 0, 0, 0, 0, 0, 0, 0, 0, 0, 0, 0]","[""brown"", ""mutt""]",208,48,2,True,offensive,"[0, 0, 0, 0, 0, 1, 1, 0, 0, 0, 0, 0, 0, 0, 0, 0, 0, 0, 0, 0, 0, 0, 0, 0, 0, 0, 0, 0, 0, 0, 0, 0, 0, 0, 0, 0, 0, 0, 0, 0, 0, 0, 0, 0, 0, 0, 0, 0]","[""brown"", ""mutt""]"
1112711240881586176_twitter,val,<user> i don ’ t take self help or career advice from white men or most white women most are too blind to poorer dynamics,"[""<user>"", ""i"", ""don"", ""\u2019"", ""t"", ""take"", ""self"", ""help"", ""or"", ""career"", ""advice"", ""from"", ""white"", ""men"", ""or"", ""most"", ""white"", ""women"", ""most"", ""are"", ""too"", ""blind"", ""to"", ""poorer"", ""dynamics""]",offensive,Caucasian,"[0, 0, 0, 0, 0, 0, 0, 0, 0, 0, 0, 0, 1, 1, 1, 1, 1, 1, 0, 0, 0, 0, 0, 0, 0]","[""white"", ""men"", ""or"", ""most"", ""white"", ""women""]",206,25,6,True,offensive,"[0, 0, 0, 0, 0, 0, 0, 0, 0, 0, 0, 0, 1, 1, 1, 1, 1, 1, 0, 0, 0, 0, 0, 0, 0]","[""white"", ""men"", ""or"", ""most"", ""white"", ""women""]"
1112711240881586176_twitter,val,<user> i don ’ t take self help or career advice from white men or most white women most are too blind to poorer dynamics,"[""<user>"", ""i"", ""don"", ""\u2019"", ""t"", ""take"", ""self"", ""help"", ""or"", ""career"", ""advice"", ""from"", ""white"", ""men"", ""or"", ""most"", ""white"", ""women"", ""most"", ""are"", ""too"", ""blind"", ""to"", ""poorer"", ""dynamics""]",offensive,Caucasian,"[0, 1, 1, 1, 1, 1, 1, 1, 1, 1, 1, 1, 1, 1, 1, 1, 1, 1, 0, 0, 0, 0, 0, 0, 0]","[""i"", ""don"", ""\u2019"", ""t"", ""take"", ""self"", ""help"", ""or"", ""career"", ""advice"", ""from"", ""white"", ""men"", ""or"", ""most"", ""white"", ""women""]",217,25,17,True,offensive,"[0, 0, 0, 0, 0, 0, 0, 0, 0, 0, 0, 0, 1, 1, 1, 1, 1, 1, 0, 0, 0, 0, 0, 0, 0]","[""white"", ""men"", ""or"", ""most"", ""white"", ""women""]"
1113499178632658944_twitter,train,<user> serbs are asian but i suppose a low class geographically retarded american would not be able to tell,"[""<user>"", ""serbs"", ""are"", ""asian"", ""but"", ""i"", ""suppose"", ""a"", ""low"", ""class"", ""geographically"", ""retarded"", ""american"", ""would"", ""not"", ""be"", ""able"", ""to"", ""tell""]",offensive,Caucasian,"[0, 0, 0, 0, 0, 0, 0, 0, 0, 0, 0, 1, 0, 0, 0, 0, 0, 0, 0]","[""retarded""]",207,19,1,True,offensive,"[0, 0, 0, 0, 0, 0, 0, 0, 0, 0, 0, 1, 0, 0, 0, 0, 0, 0, 0]","[""retarded""]"
11138092_gab,train,if they are not white they have to go back start with those on social security pensions,"[""if"", ""they"", ""are"", ""not"", ""white"", ""they"", ""have"", ""to"", ""go"", ""back"", ""start"", ""with"", ""those"", ""on"", ""social"", ""security"", ""pensions""]",normal,Caucasian,"[1, 1, 1, 1, 1, 1, 1, 1, 1, 1, 0, 0, 0, 0, 0, 0, 0]","[""if"", ""they"", ""are"", ""not"", ""white"", ""they"", ""have"", ""to"", ""go"", ""back""]",210,17,10,True,hatespeech,"[1, 1, 1, 1, 1, 1, 1, 1, 1, 1, 0, 0, 0, 0, 0, 0, 0]","[""if"", ""they"", ""are"", ""not"", ""white"", ""they"", ""have"", ""to"", ""go"", ""back""]"
11138433_gab,train,i remember another time the fucktards got their panties in a twist about a white baby pic,"[""i"", ""remember"", ""another"", ""time"", ""the"", ""fucktards"", ""got"", ""their"", ""panties"", ""in"", ""a"", ""twist"", ""about"", ""a"", ""white"", ""baby"", ""pic""]",hatespeech,Caucasian,"[0, 0, 0, 0, 0, 1, 0, 0, 1, 1, 1, 1, 0, 0, 0, 0, 0]","[""fucktards"", ""panties"", ""in"", ""a"", ""twist""]",210,17,5,True,hatespeech,"[0, 0, 0, 0, 0, 1, 0, 0, 0, 0, 0, 0, 0, 0, 0, 0, 0]","[""fucktards""]"
1115764597720408064_twitter,test,do the democrats feel white privilege or white racists are the problem these retards are retarted,"[""do"", ""the"", ""democrats"", ""feel"", ""white"", ""privilege"", ""or"", ""white"", ""racists"", ""are"", ""the"", ""problem"", ""these"", ""retards"", ""are"", ""retarted""]",offensive,Caucasian,"[0, 0, 0, 0, 0, 0, 0, 0, 0, 0, 0, 0, 0, 1, 1, 1]","[""retards"", ""are"", ""retarted""]",202,16,3,True,offensive,"[0, 0, 0, 0, 0, 0, 0, 0, 0, 0, 0, 0, 0, 1, 0, 1]","[""retards"", ""retarted""]"
11175158_gab,train,the type of individualism to which you refer is jewish inculcated special snowflake faggotry everyone group but retarded white cuckservatives practices identity politics collectivists will roll over the individual every time just admit you are too cowardly to stand up for your people,"[""the"", ""type"", ""of"", ""individualism"", ""to"", ""which"", ""you"", ""refer"", ""is"", ""jewish"", ""inculcated"", ""special"", ""snowflake"", ""faggotry"", ""everyone"", ""group"", ""but"", ""retarded"", ""white"", ""cuckservatives"", ""practices"", ""identity"", ""politics"", ""collectivists"", ""will"", ""roll"", ""over"", ""the"", ""individual"", ""every"", ""time"", ""just"", ""admit"", ""you"", ""are"", ""too"", ""cowardly"", ""to"", ""stand"", ""up"", ""for"", ""your"", ""people""]",hatespeech,Caucasian,"[0, 0, 0, 0, 0, 0, 0, 0, 0, 1, 1, 1, 1, 1, 0, 0, 0, 1, 1, 1, 0, 0, 0, 0, 0, 0, 0, 0, 0, 0, 0, 0, 0, 0, 0, 0, 0, 0, 0, 0, 0, 0, 0]","[""jewish"", ""inculcated"", ""special"", ""snowflake"", ""faggotry"", ""retarded"", ""white"", ""cuckservatives""]",248,43,8,True,hatespeech,"[0, 0, 0, 0, 0, 0, 0, 0, 0, 0, 0, 1, 1, 1, 0, 0, 0, 1, 1, 1, 0, 0, 0, 0, 0, 0, 0, 0, 0, 0, 0, 0, 0, 0, 0, 0, 0, 0, 0, 0, 0, 0, 0]","[""special"", ""snowflake"", ""faggotry"", ""retarded"", ""white"", ""cuckservatives""]"
1120040632548909056_twitter,train,the world would be much better off without sick whites towel heads and basketball americans,"[""the"", ""world"", ""would"", ""be"", ""much"", ""better"", ""off"", ""without"", ""sick"", ""whites"", ""towel"", ""heads"", ""and"", ""basketball"", ""americans""]",hatespeech,Caucasian,"[0, 0, 0, 0, 0, 0, 0, 0, 0, 0, 1, 1, 0, 0, 0]","[""towel"", ""heads""]",200,15,2,True,offensive,"[0, 0, 0, 0, 0, 0, 0, 0, 0, 0, 1, 1, 0, 0, 0]","[""towel"", ""heads""]"
1120040632548909056_twitter,train,the world would be much better off without sick whites towel heads and basketball americans,"[""the"", ""world"", ""would"", ""be"", ""much"", ""better"", ""off"", ""without"", ""sick"", ""whites"", ""towel"", ""heads"", ""and"", ""basketball"", ""americans""]",offensive,Caucasian,"[0, 0, 0, 0, 0, 0, 0, 0, 1, 1, 1, 1, 0, 1, 1]","[""sick"", ""whites"", ""towel"", ""heads"", ""basketball"", ""americans""]",202,15,6,True,offensive,"[0, 0, 0, 0, 0, 0, 0, 0, 0, 0, 1, 1, 0, 0, 0]","[""towel"", ""heads""]"
1121465772549844998_twitter,train,<user> im unsure as to why <number> of the people in this comment section are weeaboos or nazis but draw a furry pussy,"[""<user>"", ""im"", ""unsure"", ""as"", ""to"", ""why"", ""<number>"", ""of"", ""the"", ""people"", ""in"", ""this"", ""comment"", ""section"", ""are"", ""weeaboos"", ""or"", ""nazis"", ""but"", ""draw"", ""a"", ""furry"", ""pussy""]",offensive,Caucasian,"[0, 0, 0, 0, 0, 0, 0, 0, 0, 0, 0, 0, 0, 0, 0, 1, 1, 1, 0, 0, 0, 1, 1]","[""weeaboos"", ""or"", ""nazis"", ""furry"", ""pussy""]",206,23,5,True,offensive,"[0, 0, 0, 0, 0, 0, 0, 0, 0, 0, 0, 0, 0, 0, 0, 1, 0, 1, 0, 0, 0, 1, 1]","[""weeaboos"", ""nazis"", ""furry"", ""pussy""]"
1121601667999440901_twitter,train,that shit was not relevant at all white people lame,"[""that"", ""shit"", ""was"", ""not"", ""relevant"", ""at"", ""all"", ""white"", ""people"", ""lame""]",offensive,Caucasian,"[0, 1, 0, 0, 0, 0, 0, 1, 1, 1]","[""shit"", ""white"", ""people"", ""lame""]",205,10,4,True,offensive,"[0, 0, 0, 0, 0, 0, 0, 1, 1, 1]","[""white"", ""people"", ""lame""]"
1121601667999440901_twitter,train,that shit was not relevant at all white people lame,"[""that"", ""shit"", ""was"", ""not"", ""relevant"", ""at"", ""all"", ""white"", ""people"", ""lame""]",hatespeech,Caucasian,"[0, 0, 0, 0, 0, 0, 0, 1, 1, 1]","[""white"", ""people"", ""lame""]",213,10,3,True,offensive,"[0, 0, 0, 0, 0, 0, 0, 1, 1, 1]","[""white"", ""people"", ""lame""]"
1125022374586400768_twitter,train,<user> the difference is the fat nazi screaming propaganda and vitamins,"[""<user>"", ""the"", ""difference"", ""is"", ""the"", ""fat"", ""nazi"", ""screaming"", ""propaganda"", ""and"", ""vitamins""]",offensive,Caucasian,"[0, 0, 0, 0, 0, 0, 1, 0, 0, 0, 0]","[""nazi""]",229,11,1,True,offensive,"[0, 0, 0, 0, 0, 0, 1, 0, 0, 0, 0]","[""nazi""]"
1125142965003927554_twitter,train,my manager is a white boy who thinks he ’ ghetto lmao,"[""my"", ""manager"", ""is"", ""a"", ""white"", ""boy"", ""who"", ""thinks"", ""he"", ""\u2019"", ""ghetto"", ""lmao""]",offensive,Caucasian,"[0, 0, 0, 0, 0, 0, 0, 0, 0, 0, 1, 0]","[""ghetto""]",203,12,1,True,offensive,"[0, 0, 0, 0, 0, 0, 0, 0, 0, 0, 1, 0]","[""ghetto""]"
1125142965003927554_twitter,train,my manager is a white boy who thinks he ’ ghetto lmao,"[""my"", ""manager"", ""is"", ""a"", ""white"", ""boy"", ""who"", ""thinks"", ""he"", ""\u2019"", ""ghetto"", ""lmao""]",offensive,Caucasian,"[0, 0, 0, 0, 1, 1, 1, 1, 1, 1, 1, 1]","[""white"", ""boy"", ""who"", ""thinks"", ""he"", ""\u2019"", ""ghetto"", ""lmao""]",223,12,8,True,offensive,"[0, 0, 0, 0, 0, 0, 0, 0, 0, 0, 1, 0]","[""ghetto""]"
11264427_gab,val,the irony is if you are a straight white male in decent shape they are going to label you a nazi anyway might as well rock it,"[""the"", ""irony"", ""is"", ""if"", ""you"", ""are"", ""a"", ""straight"", ""white"", ""male"", ""in"", ""decent"", ""shape"", ""they"", ""are"", ""going"", ""to"", ""label"", ""you"", ""a"", ""nazi"", ""anyway"", ""might"", ""as"", ""well"", ""rock"", ""it""]",offensive,Caucasian,"[0, 0, 0, 0, 0, 0, 0, 1, 1, 1, 1, 1, 1, 1, 1, 1, 1, 1, 1, 1, 1, 1, 1, 1, 1, 1, 1]","[""straight"", ""white"", ""male"", ""in"", ""decent"", ""shape"", ""they"", ""are"", ""going"", ""to"", ""label"", ""you"", ""a"", ""nazi"", ""anyway"", ""might"", ""as"", ""well"", ""rock"", ""it""]",203,27,20,True,offensive,"[0, 0, 0, 0, 0, 0, 0, 0, 0, 0, 0, 0, 0, 0, 0, 0, 0, 0, 0, 0, 1, 0, 0, 0, 0, 0, 0]","[""nazi""]"
11288242_gab,train,remember only the white supremacists are responsible for violence,"[""remember"", ""only"", ""the"", ""white"", ""supremacists"", ""are"", ""responsible"", ""for"", ""violence""]",hatespeech,Caucasian,"[0, 1, 1, 1, 1, 1, 1, 1, 1]","[""only"", ""the"", ""white"", ""supremacists"", ""are"", ""responsible"", ""for"", ""violence""]",206,9,8,True,offensive,"[0, 0, 0, 1, 1, 0, 0, 0, 0]","[""white"", ""supremacists""]"
11288242_gab,train,remember only the white supremacists are responsible for violence,"[""remember"", ""only"", ""the"", ""white"", ""supremacists"", ""are"", ""responsible"", ""for"", ""violence""]",offensive,Caucasian,"[0, 0, 0, 1, 1, 0, 0, 0, 0]","[""white"", ""supremacists""]",223,9,2,True,offensive,"[0, 0, 0, 1, 1, 0, 0, 0, 0]","[""white"", ""supremacists""]"
11313936_gab,train,even whites hate whites in fact to not hate yourself if you are white and to think you have a right to exist is white supremacy in the current year so it just objectively true,"[""even"", ""whites"", ""hate"", ""whites"", ""in"", ""fact"", ""to"", ""not"", ""hate"", ""yourself"", ""if"", ""you"", ""are"", ""white"", ""and"", ""to"", ""think"", ""you"", ""have"", ""a"", ""right"", ""to"", ""exist"", ""is"", ""white"", ""supremacy"", ""in"", ""the"", ""current"", ""year"", ""so"", ""it"", ""just"", ""objectively"", ""true""]",normal,Caucasian,"[0, 0, 0, 0, 0, 0, 0, 0, 0, 0, 0, 0, 0, 0, 0, 1, 1, 1, 1, 1, 1, 1, 1, 1, 1, 1, 0, 0, 0, 0, 0, 0, 0, 0, 0]","[""to"", ""think"", ""you"", ""have"", ""a"", ""right"", ""to"", ""exist"", ""is"", ""white"", ""supremacy""]",221,35,11,True,offensive,"[0, 0, 0, 0, 0, 0, 0, 0, 0, 0, 0, 0, 0, 0, 0, 0, 0, 0, 0, 0, 0, 0, 0, 0, 0, 0, 0, 0, 0, 0, 0, 0, 0, 0, 0]",[]
11326528_gab,train,muh based peanut butter dat da oneliest invention whites ain t steal from da black man actually blax ain t invent no peanut butter but it possible their <number> invention was slavery de jews invented da turrible turrible legacy of slabery ™,"[""muh"", ""based"", ""peanut"", ""butter"", ""dat"", ""da"", ""oneliest"", ""invention"", ""whites"", ""ain"", ""t"", ""steal"", ""from"", ""da"", ""black"", ""man"", ""actually"", ""blax"", ""ain"", ""t"", ""invent"", ""no"", ""peanut"", ""butter"", ""but"", ""it"", ""possible"", ""their"", ""<number>"", ""invention"", ""was"", ""slavery"", ""de"", ""jews"", ""invented"", ""da"", ""turrible"", ""turrible"", ""legacy"", ""of"", ""slabery"", ""\u2122""]",offensive,Caucasian,"[0, 0, 0, 0, 0, 0, 0, 0, 0, 0, 0, 0, 0, 0, 0, 0, 0, 1, 1, 1, 1, 1, 0, 0, 0, 0, 0, 1, 0, 0, 0, 0, 0, 1, 1, 1, 1, 1, 1, 1, 1, 0]","[""blax"", ""ain"", ""t"", ""invent"", ""no"", ""their"", ""jews"", ""invented"", ""da"", ""turrible"", ""turrible"", ""legacy"", ""of"", ""slabery""]",199,42,14,True,offensive,"[0, 0, 0, 0, 0, 0, 0, 0, 0, 0, 0, 0, 0, 0, 0, 0, 0, 0, 0, 0, 0, 0, 0, 0, 0, 0, 0, 0, 0, 0, 0, 0, 0, 0, 0, 0, 0, 1, 1, 0, 1, 0]","[""turrible"", ""legacy"", ""slabery""]"
11345551_gab,train,yes it was them evil dirty white southerners who were responsible for slavery aye kike,"[""yes"", ""it"", ""was"", ""them"", ""evil"", ""dirty"", ""white"", ""southerners"", ""who"", ""were"", ""responsible"", ""for"", ""slavery"", ""aye"", ""kike""]",hatespeech,Caucasian,"[0, 0, 0, 0, 0, 0, 0, 0, 0, 0, 0, 0, 0, 0, 1]","[""kike""]",199,15,1,True,hatespeech,"[0, 0, 0, 0, 0, 0, 0, 0, 0, 0, 0, 0, 0, 0, 1]","[""kike""]"
11357038_gab,train,shows how coopted white reps are izrael is never flooded with refugees,"[""shows"", ""how"", ""coopted"", ""white"", ""reps"", ""are"", ""izrael"", ""is"", ""never"", ""flooded"", ""with"", ""refugees""]",normal,Caucasian,"[0, 0, 0, 0, 0, 0, 1, 0, 0, 0, 0, 0]","[""izrael""]",222,12,1,True,offensive,"[0, 0, 0, 0, 0, 0, 1, 0, 0, 0, 0, 0]","[""izrael""]"
1143188400138330113_twitter,val,<user> shut the fuck up nazi,"[""<user>"", ""shut"", ""the"", ""fuck"", ""up"", ""nazi""]",offensive,Caucasian,"[0, 1, 1, 1, 1, 1]","[""shut"", ""the"", ""fuck"", ""up"", ""nazi""]",206,6,5,True,offensive,"[0, 1, 1, 1, 1, 1]","[""shut"", ""the"", ""fuck"", ""up"", ""nazi""]"
1145043360438214657_twitter,train,<user> they did nazi that coming,"[""<user>"", ""they"", ""did"", ""nazi"", ""that"", ""coming""]",offensive,Caucasian,"[0, 0, 0, 1, 0, 0]","[""nazi""]",205,6,1,True,offensive,"[0, 0, 0, 1, 0, 0]","[""nazi""]"
1145450669291102208_twitter,val,he was so dirty brought the girl to her work events whew caucasians are a different kind of petty,"[""he"", ""was"", ""so"", ""dirty"", ""brought"", ""the"", ""girl"", ""to"", ""her"", ""work"", ""events"", ""whew"", ""caucasians"", ""are"", ""a"", ""different"", ""kind"", ""of"", ""petty""]",offensive,Caucasian,"[0, 0, 1, 1, 0, 0, 0, 0, 0, 0, 0, 0, 1, 0, 0, 0, 0, 0, 1]","[""so"", ""dirty"", ""caucasians"", ""petty""]",211,19,4,True,offensive,"[0, 0, 0, 0, 0, 0, 0, 0, 0, 0, 0, 0, 1, 0, 0, 0, 0, 0, 1]","[""caucasians"", ""petty""]"
1145450669291102208_twitter,val,he was so dirty brought the girl to her work events whew caucasians are a different kind of petty,"[""he"", ""was"", ""so"", ""dirty"", ""brought"", ""the"", ""girl"", ""to"", ""her"", ""work"", ""events"", ""whew"", ""caucasians"", ""are"", ""a"", ""different"", ""kind"", ""of"", ""petty""]",normal,Caucasian,"[0, 0, 0, 0, 0, 0, 0, 0, 0, 0, 0, 0, 1, 1, 1, 1, 1, 1, 1]","[""caucasians"", ""are"", ""a"", ""different"", ""kind"", ""of"", ""petty""]",199,19,7,True,offensive,"[0, 0, 0, 0, 0, 0, 0, 0, 0, 0, 0, 0, 1, 0, 0, 0, 0, 0, 1]","[""caucasians"", ""petty""]"
1146251013822668800_twitter,test,<user> <user> ok how about we give mestizos no welfare in exchange for free land like white immigrants then huh,"[""<user>"", ""<user>"", ""ok"", ""how"", ""about"", ""we"", ""give"", ""mestizos"", ""no"", ""welfare"", ""in"", ""exchange"", ""for"", ""free"", ""land"", ""like"", ""white"", ""immigrants"", ""then"", ""huh""]",offensive,Caucasian,"[0, 0, 0, 0, 0, 0, 0, 1, 1, 1, 0, 0, 0, 0, 0, 0, 0, 0, 0, 0]","[""mestizos"", ""no"", ""welfare""]",203,20,3,True,offensive,"[0, 0, 0, 0, 0, 0, 0, 1, 0, 0, 0, 0, 0, 0, 0, 0, 0, 0, 0, 0]","[""mestizos""]"
1146251013822668800_twitter,test,<user> <user> ok how about we give mestizos no welfare in exchange for free land like white immigrants then huh,"[""<user>"", ""<user>"", ""ok"", ""how"", ""about"", ""we"", ""give"", ""mestizos"", ""no"", ""welfare"", ""in"", ""exchange"", ""for"", ""free"", ""land"", ""like"", ""white"", ""immigrants"", ""then"", ""huh""]",hatespeech,Caucasian,"[0, 0, 0, 0, 0, 0, 0, 1, 0, 0, 0, 0, 0, 0, 0, 0, 0, 0, 0, 0]","[""mestizos""]",206,20,1,True,offensive,"[0, 0, 0, 0, 0, 0, 0, 1, 0, 0, 0, 0, 0, 0, 0, 0, 0, 0, 0, 0]","[""mestizos""]"
11570079_gab,train,if there anything that those angry young white boys that have their pants to their knees have shown us is that being black or nigger is more of a lifestyle choice and an actual race thing,"[""if"", ""there"", ""anything"", ""that"", ""those"", ""angry"", ""young"", ""white"", ""boys"", ""that"", ""have"", ""their"", ""pants"", ""to"", ""their"", ""knees"", ""have"", ""shown"", ""us"", ""is"", ""that"", ""being"", ""black"", ""or"", ""nigger"", ""is"", ""more"", ""of"", ""a"", ""lifestyle"", ""choice"", ""and"", ""an"", ""actual"", ""race"", ""thing""]",offensive,Caucasian,"[0, 0, 0, 0, 0, 0, 0, 0, 0, 0, 0, 0, 0, 0, 0, 0, 0, 0, 0, 0, 0, 0, 0, 0, 1, 0, 0, 0, 0, 0, 0, 0, 0, 0, 0, 0]","[""nigger""]",202,36,1,True,hatespeech,"[0, 0, 0, 0, 0, 0, 0, 0, 0, 0, 0, 0, 0, 0, 0, 0, 0, 0, 0, 0, 0, 0, 0, 0, 1, 0, 0, 0, 0, 0, 0, 0, 0, 0, 0, 0]","[""nigger""]"
1160429099321561090_twitter,train,<user> swear that almost <number> of school shooters are white americans but yeah no watch out for them scary muslims they might getcha,"[""<user>"", ""swear"", ""that"", ""almost"", ""<number>"", ""of"", ""school"", ""shooters"", ""are"", ""white"", ""americans"", ""but"", ""yeah"", ""no"", ""watch"", ""out"", ""for"", ""them"", ""scary"", ""muslims"", ""they"", ""might"", ""getcha""]",offensive,Caucasian,"[0, 0, 0, 0, 1, 1, 1, 1, 1, 1, 1, 0, 0, 0, 0, 0, 0, 0, 1, 1, 0, 0, 0]","[""<number>"", ""of"", ""school"", ""shooters"", ""are"", ""white"", ""americans"", ""scary"", ""muslims""]",223,23,9,True,offensive,"[0, 0, 0, 0, 1, 1, 1, 1, 1, 1, 1, 0, 0, 0, 0, 0, 0, 0, 1, 1, 0, 0, 0]","[""<number>"", ""of"", ""school"", ""shooters"", ""are"", ""white"", ""americans"", ""scary"", ""muslims""]"
1162960598604361728_twitter,train,<user> i ’ ve always dated white men who ’ ve never dated black women they all from america mytwocents,"[""<user>"", ""i"", ""\u2019"", ""ve"", ""always"", ""dated"", ""white"", ""men"", ""who"", ""\u2019"", ""ve"", ""never"", ""dated"", ""black"", ""women"", ""they"", ""all"", ""from"", ""america"", ""mytwocents""]",offensive,Caucasian,"[0, 0, 0, 0, 0, 0, 1, 1, 0, 0, 0, 0, 0, 1, 1, 0, 1, 1, 1, 0]","[""white"", ""men"", ""black"", ""women"", ""all"", ""from"", ""america""]",203,20,7,True,offensive,"[0, 0, 0, 0, 0, 0, 1, 1, 0, 0, 0, 0, 0, 1, 1, 0, 0, 0, 0, 0]","[""white"", ""men"", ""black"", ""women""]"
1162960598604361728_twitter,train,<user> i ’ ve always dated white men who ’ ve never dated black women they all from america mytwocents,"[""<user>"", ""i"", ""\u2019"", ""ve"", ""always"", ""dated"", ""white"", ""men"", ""who"", ""\u2019"", ""ve"", ""never"", ""dated"", ""black"", ""women"", ""they"", ""all"", ""from"", ""america"", ""mytwocents""]",normal,Caucasian,"[0, 0, 0, 0, 0, 0, 1, 1, 1, 1, 1, 1, 1, 1, 1, 0, 0, 0, 0, 0]","[""white"", ""men"", ""who"", ""\u2019"", ""ve"", ""never"", ""dated"", ""black"", ""women""]",199,20,9,True,offensive,"[0, 0, 0, 0, 0, 0, 1, 1, 0, 0, 0, 0, 0, 1, 1, 0, 0, 0, 0, 0]","[""white"", ""men"", ""black"", ""women""]"
11630789_gab,train,that may be true but at least its our ghetto we find a work around jews cosmopolitans niggers dindus spics jumping beans chinks squints we should just superimpose pictures of heather as a white male and brag about killing skinny white males,"[""that"", ""may"", ""be"", ""true"", ""but"", ""at"", ""least"", ""its"", ""our"", ""ghetto"", ""we"", ""find"", ""a"", ""work"", ""around"", ""jews"", ""cosmopolitans"", ""niggers"", ""dindus"", ""spics"", ""jumping"", ""beans"", ""chinks"", ""squints"", ""we"", ""should"", ""just"", ""superimpose"", ""pictures"", ""of"", ""heather"", ""as"", ""a"", ""white"", ""male"", ""and"", ""brag"", ""about"", ""killing"", ""skinny"", ""white"", ""males""]",hatespeech,Caucasian,"[0, 0, 0, 0, 0, 0, 0, 0, 0, 1, 0, 0, 0, 0, 0, 1, 1, 1, 1, 1, 1, 1, 1, 1, 0, 0, 0, 0, 0, 0, 0, 0, 0, 0, 0, 0, 0, 0, 1, 1, 1, 1]","[""ghetto"", ""jews"", ""cosmopolitans"", ""niggers"", ""dindus"", ""spics"", ""jumping"", ""beans"", ""chinks"", ""squints"", ""killing"", ""skinny"", ""white"", ""males""]",210,42,14,True,offensive,"[0, 0, 0, 0, 0, 0, 0, 0, 0, 0, 0, 0, 0, 0, 0, 1, 1, 1, 1, 1, 1, 1, 1, 1, 0, 0, 0, 0, 0, 0, 0, 0, 0, 0, 0, 0, 0, 0, 0, 0, 0, 0]","[""jews"", ""cosmopolitans"", ""niggers"", ""dindus"", ""spics"", ""jumping"", ""beans"", ""chinks"", ""squints""]"
1164166953969364992_twitter,train,trump as king of israel is entirely appropriate an ethnostate ought to have a racist and nazi sympathiser as a monarch,"[""trump"", ""as"", ""king"", ""of"", ""israel"", ""is"", ""entirely"", ""appropriate"", ""an"", ""ethnostate"", ""ought"", ""to"", ""have"", ""a"", ""racist"", ""and"", ""nazi"", ""sympathiser"", ""as"", ""a"", ""monarch""]",offensive,Caucasian,"[0, 0, 0, 0, 0, 0, 0, 0, 0, 0, 0, 0, 0, 0, 1, 1, 1, 0, 0, 0, 0]","[""racist"", ""and"", ""nazi""]",229,21,3,True,offensive,"[0, 0, 0, 0, 0, 0, 0, 0, 0, 0, 0, 0, 0, 0, 1, 1, 1, 0, 0, 0, 0]","[""racist"", ""and"", ""nazi""]"
11645691_gab,train,i agree there is a new aggressive ugly vile trend in pornography however it features white women being beaten raped sodomized degraded and pissed on often by blacks or mexicans while their white husbands watch nothing new i know but now it is more popular than ever not good,"[""i"", ""agree"", ""there"", ""is"", ""a"", ""new"", ""aggressive"", ""ugly"", ""vile"", ""trend"", ""in"", ""pornography"", ""however"", ""it"", ""features"", ""white"", ""women"", ""being"", ""beaten"", ""raped"", ""sodomized"", ""degraded"", ""and"", ""pissed"", ""on"", ""often"", ""by"", ""blacks"", ""or"", ""mexicans"", ""while"", ""their"", ""white"", ""husbands"", ""watch"", ""nothing"", ""new"", ""i"", ""know"", ""but"", ""now"", ""it"", ""is"", ""more"", ""popular"", ""than"", ""ever"", ""not"", ""good""]",normal,Caucasian,"[0, 0, 0, 0, 0, 0, 0, 0, 0, 0, 0, 0, 0, 0, 0, 1, 1, 1, 1, 1, 0, 0, 0, 1, 1, 0, 0, 0, 0, 0, 0, 0, 0, 0, 0, 0, 0, 0, 0, 0, 0, 0, 0, 0, 0, 0, 0, 0, 0]","[""white"", ""women"", ""being"", ""beaten"", ""raped"", ""pissed"", ""on""]",224,49,7,True,offensive,"[0, 0, 0, 0, 0, 0, 0, 0, 0, 0, 0, 0, 0, 0, 0, 1, 1, 1, 1, 1, 0, 0, 0, 1, 1, 0, 0, 0, 0, 0, 0, 0, 0, 0, 0, 0, 0, 0, 0, 0, 0, 0, 0, 0, 0, 0, 0, 0, 0]","[""white"", ""women"", ""being"", ""beaten"", ""raped"", ""pissed"", ""on""]"
11676523_gab,train,yall aint take my freedom of speech hillbilly fucks blacklivesmatter,"[""yall"", ""aint"", ""take"", ""my"", ""freedom"", ""of"", ""speech"", ""hillbilly"", ""fucks"", ""blacklivesmatter""]",hatespeech,Caucasian,"[0, 0, 0, 0, 0, 0, 0, 1, 1, 0]","[""hillbilly"", ""fucks""]",210,10,2,True,offensive,"[0, 0, 0, 0, 0, 0, 0, 1, 1, 0]","[""hillbilly"", ""fucks""]"
11677096_gab,train,so i heard some black tranny bitch said all white people are racist she got fired from l oreal for her comments which i am so happy about it about time an anti white asshole suffered from her actions race bating scum should not have any respect among their peers,"[""so"", ""i"", ""heard"", ""some"", ""black"", ""tranny"", ""bitch"", ""said"", ""all"", ""white"", ""people"", ""are"", ""racist"", ""she"", ""got"", ""fired"", ""from"", ""l"", ""oreal"", ""for"", ""her"", ""comments"", ""which"", ""i"", ""am"", ""so"", ""happy"", ""about"", ""it"", ""about"", ""time"", ""an"", ""anti"", ""white"", ""asshole"", ""suffered"", ""from"", ""her"", ""actions"", ""race"", ""bating"", ""scum"", ""should"", ""not"", ""have"", ""any"", ""respect"", ""among"", ""their"", ""peers""]",offensive,Caucasian,"[0, 0, 0, 0, 1, 1, 1, 1, 0, 0, 0, 0, 0, 0, 0, 0, 0, 0, 0, 0, 0, 0, 0, 0, 0, 0, 0, 0, 0, 0, 0, 0, 0, 0, 0, 0, 0, 0, 0, 1, 1, 1, 0, 0, 0, 0, 0, 0, 0, 0]","[""black"", ""tranny"", ""bitch"", ""said"", ""race"", ""bating"", ""scum""]",206,50,7,True,hatespeech,"[0, 0, 0, 0, 1, 1, 1, 1, 0, 0, 0, 0, 0, 0, 0, 0, 0, 0, 0, 0, 0, 0, 0, 0, 0, 0, 0, 0, 0, 0, 0, 0, 0, 0, 0, 0, 0, 0, 0, 0, 0, 0, 0, 0, 0, 0, 0, 0, 0, 0]","[""black"", ""tranny"", ""bitch"", ""said""]"
1169936967133536256_twitter,train,i cannot stand straight white women who think women ’ only purpose is to birth children,"[""i"", ""cannot"", ""stand"", ""straight"", ""white"", ""women"", ""who"", ""think"", ""women"", ""\u2019"", ""only"", ""purpose"", ""is"", ""to"", ""birth"", ""children""]",offensive,Caucasian,"[1, 1, 1, 1, 1, 1, 0, 0, 0, 0, 0, 0, 0, 0, 0, 0]","[""i"", ""cannot"", ""stand"", ""straight"", ""white"", ""women""]",217,16,6,True,offensive,"[0, 0, 0, 0, 1, 1, 0, 0, 0, 0, 0, 0, 0, 0, 0, 0]","[""white"", ""women""]"
1169994129901666304_twitter,train,what kind of asian are you idk bby hut something between abg and white washed,"[""what"", ""kind"", ""of"", ""asian"", ""are"", ""you"", ""idk"", ""bby"", ""hut"", ""something"", ""between"", ""abg"", ""and"", ""white"", ""washed""]",offensive,Caucasian,"[1, 1, 1, 1, 1, 1, 0, 0, 0, 0, 0, 0, 0, 0, 0]","[""what"", ""kind"", ""of"", ""asian"", ""are"", ""you""]",223,15,6,True,offensive,"[1, 1, 1, 1, 1, 1, 0, 0, 0, 0, 0, 0, 0, 0, 0]","[""what"", ""kind"", ""of"", ""asian"", ""are"", ""you""]"
1170049670858645504_twitter,train,<user> only white ppl fall for that shit,"[""<user>"", ""only"", ""white"", ""ppl"", ""fall"", ""for"", ""that"", ""shit""]",offensive,Caucasian,"[0, 0, 0, 0, 0, 0, 0, 1]","[""shit""]",214,8,1,True,offensive,"[0, 0, 0, 0, 0, 0, 0, 1]","[""shit""]"
1170049670858645504_twitter,train,<user> only white ppl fall for that shit,"[""<user>"", ""only"", ""white"", ""ppl"", ""fall"", ""for"", ""that"", ""shit""]",hatespeech,Caucasian,"[0, 1, 1, 1, 1, 1, 1, 1]","[""only"", ""white"", ""ppl"", ""fall"", ""for"", ""that"", ""shit""]",211,8,7,True,offensive,"[0, 0, 0, 0, 0, 0, 0, 1]","[""shit""]"
1171270708267290625_twitter,train,i just had the most white washed tacos tonight,"[""i"", ""just"", ""had"", ""the"", ""most"", ""white"", ""washed"", ""tacos"", ""tonight""]",normal,Caucasian,"[0, 0, 0, 0, 0, 1, 1, 1, 0]","[""white"", ""washed"", ""tacos""]",224,9,3,True,offensive,"[0, 0, 0, 0, 0, 1, 1, 0, 0]","[""white"", ""washed""]"
1172974359968960518_twitter,train,i am the white man ’ whore,"[""i"", ""am"", ""the"", ""white"", ""man"", ""\u2019"", ""whore""]",offensive,Caucasian,"[0, 0, 0, 0, 0, 0, 1]","[""whore""]",205,7,1,True,hatespeech,"[0, 0, 0, 0, 0, 0, 1]","[""whore""]"
1174851825964605440_twitter,train,that ’ what u get for liking white girls,"[""that"", ""\u2019"", ""what"", ""u"", ""get"", ""for"", ""liking"", ""white"", ""girls""]",offensive,Caucasian,"[0, 0, 1, 1, 1, 1, 1, 1, 1]","[""what"", ""u"", ""get"", ""for"", ""liking"", ""white"", ""girls""]",200,9,7,True,offensive,"[0, 0, 1, 1, 1, 1, 1, 1, 1]","[""what"", ""u"", ""get"", ""for"", ""liking"", ""white"", ""girls""]"
1174851825964605440_twitter,train,that ’ what u get for liking white girls,"[""that"", ""\u2019"", ""what"", ""u"", ""get"", ""for"", ""liking"", ""white"", ""girls""]",offensive,Caucasian,"[1, 1, 1, 1, 1, 1, 1, 1, 1]","[""that"", ""\u2019"", ""what"", ""u"", ""get"", ""for"", ""liking"", ""white"", ""girls""]",202,9,9,True,offensive,"[0, 0, 1, 1, 1, 1, 1, 1, 1]","[""what"", ""u"", ""get"", ""for"", ""liking"", ""white"", ""girls""]"
11764653_gab,train,no no personal accountability here and no whites arrested must be institutional structural racism yeah that it yep all that racism is keeping asians from raising their kids and having families too damn whites damn them goddamn america,"[""no"", ""no"", ""personal"", ""accountability"", ""here"", ""and"", ""no"", ""whites"", ""arrested"", ""must"", ""be"", ""institutional"", ""structural"", ""racism"", ""yeah"", ""that"", ""it"", ""yep"", ""all"", ""that"", ""racism"", ""is"", ""keeping"", ""asians"", ""from"", ""raising"", ""their"", ""kids"", ""and"", ""having"", ""families"", ""too"", ""damn"", ""whites"", ""damn"", ""them"", ""goddamn"", ""america""]",offensive,Caucasian,"[0, 0, 0, 0, 0, 0, 0, 0, 0, 0, 0, 0, 0, 1, 0, 0, 0, 0, 0, 0, 0, 0, 0, 0, 0, 0, 0, 0, 0, 0, 0, 0, 1, 1, 1, 1, 1, 1]","[""racism"", ""damn"", ""whites"", ""damn"", ""them"", ""goddamn"", ""america""]",204,38,7,True,offensive,"[0, 0, 0, 0, 0, 0, 0, 0, 0, 0, 0, 0, 0, 0, 0, 0, 0, 0, 0, 0, 0, 0, 0, 0, 0, 0, 0, 0, 0, 0, 0, 0, 1, 1, 0, 0, 0, 0]","[""damn"", ""whites""]"
1177216103896035328_twitter,test,white moms yeah my mom is gay black moms yeah he call hisself liking boys,"[""white"", ""moms"", ""yeah"", ""my"", ""mom"", ""is"", ""gay"", ""black"", ""moms"", ""yeah"", ""he"", ""call"", ""hisself"", ""liking"", ""boys""]",offensive,Caucasian,"[0, 0, 0, 0, 0, 0, 1, 0, 0, 0, 0, 0, 0, 0, 0]","[""gay""]",216,15,1,True,offensive,"[0, 0, 0, 0, 0, 0, 1, 0, 0, 0, 0, 0, 0, 0, 0]","[""gay""]"
1177833645270343680_twitter,train,<user> white man are the true illegal immigrants,"[""<user>"", ""white"", ""man"", ""are"", ""the"", ""true"", ""illegal"", ""immigrants""]",offensive,Caucasian,"[0, 0, 0, 0, 0, 0, 1, 1]","[""illegal"", ""immigrants""]",223,8,2,True,offensive,"[0, 0, 0, 0, 0, 0, 1, 1]","[""illegal"", ""immigrants""]"
11797678_gab,train,go to any whole foods in a swipple neighborhood and watch the hillary and bernie supporters quietly avoid the lines with negro cashiers similarly there are not many leftists who seek out negro physicians and dentists when your health is on the line race realism trumps race quotas,"[""go"", ""to"", ""any"", ""whole"", ""foods"", ""in"", ""a"", ""swipple"", ""neighborhood"", ""and"", ""watch"", ""the"", ""hillary"", ""and"", ""bernie"", ""supporters"", ""quietly"", ""avoid"", ""the"", ""lines"", ""with"", ""negro"", ""cashiers"", ""similarly"", ""there"", ""are"", ""not"", ""many"", ""leftists"", ""who"", ""seek"", ""out"", ""negro"", ""physicians"", ""and"", ""dentists"", ""when"", ""your"", ""health"", ""is"", ""on"", ""the"", ""line"", ""race"", ""realism"", ""trumps"", ""race"", ""quotas""]",offensive,Caucasian,"[0, 0, 0, 0, 0, 0, 0, 0, 0, 0, 0, 0, 0, 0, 0, 0, 0, 0, 0, 0, 0, 1, 0, 0, 0, 0, 0, 0, 0, 0, 0, 0, 1, 0, 0, 0, 0, 0, 0, 0, 0, 0, 0, 0, 0, 0, 0, 0]","[""negro"", ""negro""]",202,48,2,True,offensive,"[0, 0, 0, 0, 0, 0, 0, 0, 0, 0, 0, 0, 0, 0, 0, 0, 0, 0, 0, 0, 0, 1, 0, 0, 0, 0, 0, 0, 0, 0, 0, 0, 1, 0, 0, 0, 0, 0, 0, 0, 0, 0, 0, 0, 0, 0, 0, 0]","[""negro"", ""negro""]"
11826052_gab,train,aww how sad lol <number> your short comment is riddled with grammatical errors your misuse of commas alone is hysterically funny <number> i have never gotten any free anything from the government <number> as a white trash racist nazi i doubt you can say the same,"[""aww"", ""how"", ""sad"", ""lol"", ""<number>"", ""your"", ""short"", ""comment"", ""is"", ""riddled"", ""with"", ""grammatical"", ""errors"", ""your"", ""misuse"", ""of"", ""commas"", ""alone"", ""is"", ""hysterically"", ""funny"", ""<number>"", ""i"", ""have"", ""never"", ""gotten"", ""any"", ""free"", ""anything"", ""from"", ""the"", ""government"", ""<number>"", ""as"", ""a"", ""white"", ""trash"", ""racist"", ""nazi"", ""i"", ""doubt"", ""you"", ""can"", ""say"", ""the"", ""same""]",hatespeech,Caucasian,"[0, 0, 0, 0, 0, 0, 0, 0, 0, 0, 0, 0, 0, 0, 0, 0, 0, 0, 0, 1, 1, 0, 0, 0, 0, 0, 0, 0, 0, 0, 0, 0, 0, 0, 0, 1, 1, 1, 1, 0, 0, 0, 0, 0, 0, 0]","[""hysterically"", ""funny"", ""white"", ""trash"", ""racist"", ""nazi""]",223,46,6,True,offensive,"[0, 0, 0, 0, 0, 0, 0, 0, 0, 0, 0, 0, 0, 0, 0, 0, 0, 0, 0, 0, 0, 0, 0, 0, 0, 0, 0, 0, 0, 0, 0, 0, 0, 0, 0, 1, 1, 1, 1, 0, 0, 0, 0, 0, 0, 0]","[""white"", ""trash"", ""racist"", ""nazi""]"
1183369366903152641_twitter,test,<user> ffs these ghetto blacks are ignorant like cracker mountain hillbillies,"[""<user>"", ""ffs"", ""these"", ""ghetto"", ""blacks"", ""are"", ""ignorant"", ""like"", ""cracker"", ""mountain"", ""hillbillies""]",hatespeech,Caucasian,"[0, 0, 0, 1, 1, 0, 1, 0, 1, 1, 1]","[""ghetto"", ""blacks"", ""ignorant"", ""cracker"", ""mountain"", ""hillbillies""]",202,11,6,True,hatespeech,"[0, 0, 0, 1, 1, 0, 0, 0, 1, 1, 1]","[""ghetto"", ""blacks"", ""cracker"", ""mountain"", ""hillbillies""]"
1183369366903152641_twitter,test,<user> ffs these ghetto blacks are ignorant like cracker mountain hillbillies,"[""<user>"", ""ffs"", ""these"", ""ghetto"", ""blacks"", ""are"", ""ignorant"", ""like"", ""cracker"", ""mountain"", ""hillbillies""]",offensive,Caucasian,"[0, 0, 0, 1, 1, 0, 0, 0, 1, 1, 1]","[""ghetto"", ""blacks"", ""cracker"", ""mountain"", ""hillbillies""]",233,11,5,True,hatespeech,"[0, 0, 0, 1, 1, 0, 0, 0, 1, 1, 1]","[""ghetto"", ""blacks"", ""cracker"", ""mountain"", ""hillbillies""]"
1184521852556845056_twitter,train,<user> critics say that sand sold by trans black lesbians tastes better than pizza made by cis straight white men,"[""<user>"", ""critics"", ""say"", ""that"", ""sand"", ""sold"", ""by"", ""trans"", ""black"", ""lesbians"", ""tastes"", ""better"", ""than"", ""pizza"", ""made"", ""by"", ""cis"", ""straight"", ""white"", ""men""]",offensive,Caucasian,"[0, 0, 0, 0, 1, 1, 0, 1, 1, 1, 0, 0, 0, 0, 0, 0, 0, 0, 0, 0]","[""sand"", ""sold"", ""trans"", ""black"", ""lesbians""]",223,20,5,True,offensive,"[0, 0, 0, 0, 0, 0, 0, 1, 1, 1, 0, 0, 0, 0, 0, 0, 0, 0, 0, 0]","[""trans"", ""black"", ""lesbians""]"
11860581_gab,train,answer my question idiot i am not gonna convince you that blacks do not have lower iq since you are already entrenched in that viewpoint but let see how long you stay there what your excuse for the superior whites playing into the jew hand,"[""answer"", ""my"", ""question"", ""idiot"", ""i"", ""am"", ""not"", ""gonna"", ""convince"", ""you"", ""that"", ""blacks"", ""do"", ""not"", ""have"", ""lower"", ""iq"", ""since"", ""you"", ""are"", ""already"", ""entrenched"", ""in"", ""that"", ""viewpoint"", ""but"", ""let"", ""see"", ""how"", ""long"", ""you"", ""stay"", ""there"", ""what"", ""your"", ""excuse"", ""for"", ""the"", ""superior"", ""whites"", ""playing"", ""into"", ""the"", ""jew"", ""hand""]",hatespeech,Caucasian,"[0, 0, 0, 0, 0, 0, 0, 0, 0, 0, 0, 0, 0, 0, 0, 0, 0, 0, 0, 0, 0, 0, 0, 0, 0, 0, 0, 0, 0, 0, 0, 0, 0, 0, 0, 0, 0, 0, 1, 1, 1, 1, 1, 1, 1]","[""superior"", ""whites"", ""playing"", ""into"", ""the"", ""jew"", ""hand""]",200,45,7,True,offensive,"[0, 0, 0, 0, 0, 0, 0, 0, 0, 0, 0, 0, 0, 0, 0, 0, 0, 0, 0, 0, 0, 0, 0, 0, 0, 0, 0, 0, 0, 0, 0, 0, 0, 0, 0, 0, 0, 0, 1, 1, 0, 0, 0, 1, 0]","[""superior"", ""whites"", ""jew""]"
11907745_gab,train,whiteskins are so stuped by xtianity they think jews are just fellow whites with bbn no they are different race sick of racists who dont take race seriously,"[""whiteskins"", ""are"", ""so"", ""stuped"", ""by"", ""xtianity"", ""they"", ""think"", ""jews"", ""are"", ""just"", ""fellow"", ""whites"", ""with"", ""bbn"", ""no"", ""they"", ""are"", ""different"", ""race"", ""sick"", ""of"", ""racists"", ""who"", ""dont"", ""take"", ""race"", ""seriously""]",offensive,Caucasian,"[0, 0, 0, 0, 0, 0, 0, 0, 1, 1, 0, 0, 0, 0, 0, 0, 0, 0, 0, 0, 0, 0, 0, 0, 0, 0, 0, 0]","[""jews"", ""are""]",199,28,2,True,offensive,"[0, 0, 0, 0, 0, 0, 0, 0, 1, 1, 0, 0, 0, 0, 0, 0, 0, 0, 0, 0, 0, 0, 0, 0, 0, 0, 0, 0]","[""jews"", ""are""]"
11971229_gab,train,read trump ran a campaign of nostalgia that was a comfort to millions of white people who watched their own ethnic cleansing in slow motion over half a century and wanted to put a stop to it fucking racists,"[""read"", ""trump"", ""ran"", ""a"", ""campaign"", ""of"", ""nostalgia"", ""that"", ""was"", ""a"", ""comfort"", ""to"", ""millions"", ""of"", ""white"", ""people"", ""who"", ""watched"", ""their"", ""own"", ""ethnic"", ""cleansing"", ""in"", ""slow"", ""motion"", ""over"", ""half"", ""a"", ""century"", ""and"", ""wanted"", ""to"", ""put"", ""a"", ""stop"", ""to"", ""it"", ""fucking"", ""racists""]",offensive,Caucasian,"[0, 0, 0, 0, 0, 0, 0, 0, 0, 0, 0, 0, 0, 0, 0, 0, 0, 0, 1, 1, 1, 1, 0, 0, 0, 0, 0, 0, 0, 0, 0, 0, 0, 0, 0, 0, 0, 0, 0]","[""their"", ""own"", ""ethnic"", ""cleansing""]",205,39,4,True,offensive,"[0, 0, 0, 0, 0, 0, 0, 0, 0, 0, 0, 0, 0, 0, 0, 0, 0, 0, 0, 0, 0, 0, 0, 0, 0, 0, 0, 0, 0, 0, 0, 0, 0, 0, 0, 0, 0, 0, 0]",[]
11972072_gab,test,the so called right kicking out the alt white has to be the most retarded thing i have every seen we are literally fighting in the streets against antifa while they play philospher on the net <user> understands this <user> doens t,"[""the"", ""so"", ""called"", ""right"", ""kicking"", ""out"", ""the"", ""alt"", ""white"", ""has"", ""to"", ""be"", ""the"", ""most"", ""retarded"", ""thing"", ""i"", ""have"", ""every"", ""seen"", ""we"", ""are"", ""literally"", ""fighting"", ""in"", ""the"", ""streets"", ""against"", ""antifa"", ""while"", ""they"", ""play"", ""philospher"", ""on"", ""the"", ""net"", ""<user>"", ""understands"", ""this"", ""<user>"", ""doens"", ""t""]",offensive,Caucasian,"[0, 0, 0, 0, 0, 0, 0, 0, 0, 0, 0, 0, 0, 0, 1, 0, 0, 0, 0, 0, 0, 0, 0, 0, 0, 0, 0, 0, 0, 0, 0, 0, 0, 0, 0, 0, 0, 0, 0, 0, 0, 0]","[""retarded""]",210,42,1,True,offensive,"[0, 0, 0, 0, 0, 0, 0, 0, 0, 0, 0, 0, 0, 0, 1, 0, 0, 0, 0, 0, 0, 0, 0, 0, 0, 0, 0, 0, 0, 0, 0, 0, 0, 0, 0, 0, 0, 0, 0, 0, 0, 0]","[""retarded""]"
11980925_gab,train,a majority white area is a suburb a majority non white area is a ghetto,"[""a"", ""majority"", ""white"", ""area"", ""is"", ""a"", ""suburb"", ""a"", ""majority"", ""non"", ""white"", ""area"", ""is"", ""a"", ""ghetto""]",offensive,Caucasian,"[0, 0, 0, 0, 0, 0, 0, 0, 0, 0, 0, 0, 0, 0, 1]","[""ghetto""]",201,15,1,True,offensive,"[0, 0, 0, 0, 0, 0, 0, 0, 0, 0, 0, 0, 0, 0, 1]","[""ghetto""]"
11983952_gab,train,pretty soon the ivy league will be synonymous with the china league because a foolish and stubborn insistence on open borders in perpetuity means studygrind cheating asians gradually taking over all white western schools i am not chinese so i am not happy about this outcome,"[""pretty"", ""soon"", ""the"", ""ivy"", ""league"", ""will"", ""be"", ""synonymous"", ""with"", ""the"", ""china"", ""league"", ""because"", ""a"", ""foolish"", ""and"", ""stubborn"", ""insistence"", ""on"", ""open"", ""borders"", ""in"", ""perpetuity"", ""means"", ""studygrind"", ""cheating"", ""asians"", ""gradually"", ""taking"", ""over"", ""all"", ""white"", ""western"", ""schools"", ""i"", ""am"", ""not"", ""chinese"", ""so"", ""i"", ""am"", ""not"", ""happy"", ""about"", ""this"", ""outcome""]",offensive,Caucasian,"[1, 1, 1, 1, 1, 1, 1, 1, 1, 1, 1, 1, 1, 1, 1, 1, 1, 1, 1, 1, 1, 1, 1, 1, 1, 1, 1, 1, 1, 1, 1, 1, 1, 1, 0, 0, 0, 0, 0, 0, 0, 0, 0, 0, 0, 0]","[""pretty"", ""soon"", ""the"", ""ivy"", ""league"", ""will"", ""be"", ""synonymous"", ""with"", ""the"", ""china"", ""league"", ""because"", ""a"", ""foolish"", ""and"", ""stubborn"", ""insistence"", ""on"", ""open"", ""borders"", ""in"", ""perpetuity"", ""means"", ""studygrind"", ""cheating"", ""asians"", ""gradually"", ""taking"", ""over"", ""all"", ""white"", ""western"", ""schools""]",225,46,34,True,offensive,"[0, 0, 0, 0, 0, 0, 0, 0, 0, 0, 0, 0, 0, 0, 0, 0, 0, 0, 0, 0, 0, 0, 0, 0, 0, 1, 1, 1, 1, 0, 0, 0, 0, 0, 0, 0, 0, 0, 0, 0, 0, 0, 0, 0, 0, 0]","[""cheating"", ""asians"", ""gradually"", ""taking""]"
11986515_gab,train,altretard this tag ironically describes all of you cucks that worship vox why do not you grow some balls and become pro white instead of anti white anti free speech you must all be a part of <user> and <user> pedo ring,"[""altretard"", ""this"", ""tag"", ""ironically"", ""describes"", ""all"", ""of"", ""you"", ""cucks"", ""that"", ""worship"", ""vox"", ""why"", ""do"", ""not"", ""you"", ""grow"", ""some"", ""balls"", ""and"", ""become"", ""pro"", ""white"", ""instead"", ""of"", ""anti"", ""white"", ""anti"", ""free"", ""speech"", ""you"", ""must"", ""all"", ""be"", ""a"", ""part"", ""of"", ""<user>"", ""and"", ""<user>"", ""pedo"", ""ring""]",offensive,Caucasian,"[0, 1, 1, 1, 1, 1, 1, 1, 1, 1, 1, 1, 1, 1, 1, 1, 1, 1, 1, 1, 1, 1, 1, 1, 1, 1, 1, 1, 1, 1, 0, 0, 0, 0, 0, 0, 0, 0, 0, 0, 0, 0]","[""this"", ""tag"", ""ironically"", ""describes"", ""all"", ""of"", ""you"", ""cucks"", ""that"", ""worship"", ""vox"", ""why"", ""do"", ""not"", ""you"", ""grow"", ""some"", ""balls"", ""and"", ""become"", ""pro"", ""white"", ""instead"", ""of"", ""anti"", ""white"", ""anti"", ""free"", ""speech""]",206,42,29,True,offensive,"[0, 0, 0, 0, 0, 0, 0, 0, 1, 0, 0, 0, 0, 0, 0, 0, 0, 1, 1, 0, 0, 0, 1, 1, 1, 1, 1, 0, 0, 0, 0, 0, 0, 0, 0, 0, 0, 0, 0, 0, 0, 0]","[""cucks"", ""some"", ""balls"", ""white"", ""instead"", ""of"", ""anti"", ""white""]"
1203077205988958208_twitter,train,<user> <user> illegal immigrants do t get funding whites get illegal funding but you can ’ t see that fact,"[""<user>"", ""<user>"", ""illegal"", ""immigrants"", ""do"", ""t"", ""get"", ""funding"", ""whites"", ""get"", ""illegal"", ""funding"", ""but"", ""you"", ""can"", ""\u2019"", ""t"", ""see"", ""that"", ""fact""]",offensive,Caucasian,"[0, 0, 1, 1, 1, 1, 1, 1, 1, 1, 1, 1, 0, 0, 0, 0, 0, 0, 0, 0]","[""illegal"", ""immigrants"", ""do"", ""t"", ""get"", ""funding"", ""whites"", ""get"", ""illegal"", ""funding""]",222,20,10,True,offensive,"[0, 0, 1, 1, 1, 1, 1, 1, 0, 0, 0, 0, 0, 0, 0, 0, 0, 0, 0, 0]","[""illegal"", ""immigrants"", ""do"", ""t"", ""get"", ""funding""]"
1203077205988958208_twitter,train,<user> <user> illegal immigrants do t get funding whites get illegal funding but you can ’ t see that fact,"[""<user>"", ""<user>"", ""illegal"", ""immigrants"", ""do"", ""t"", ""get"", ""funding"", ""whites"", ""get"", ""illegal"", ""funding"", ""but"", ""you"", ""can"", ""\u2019"", ""t"", ""see"", ""that"", ""fact""]",offensive,Caucasian,"[0, 0, 1, 1, 1, 1, 1, 1, 0, 0, 0, 0, 0, 0, 0, 0, 0, 0, 0, 0]","[""illegal"", ""immigrants"", ""do"", ""t"", ""get"", ""funding""]",206,20,6,True,offensive,"[0, 0, 1, 1, 1, 1, 1, 1, 0, 0, 0, 0, 0, 0, 0, 0, 0, 0, 0, 0]","[""illegal"", ""immigrants"", ""do"", ""t"", ""get"", ""funding""]"
1203595146295742464_twitter,train,<user> he must be talking to the alt right or nazism,"[""<user>"", ""he"", ""must"", ""be"", ""talking"", ""to"", ""the"", ""alt"", ""right"", ""or"", ""nazism""]",normal,Caucasian,"[0, 0, 0, 0, 0, 0, 0, 1, 1, 1, 1]","[""alt"", ""right"", ""or"", ""nazism""]",206,11,4,True,offensive,"[0, 0, 0, 0, 0, 0, 0, 1, 1, 1, 1]","[""alt"", ""right"", ""or"", ""nazism""]"
1205929047508819974_twitter,train,wishing for a white wignat christmas 🎄,"[""wishing"", ""for"", ""a"", ""white"", ""wignat"", ""christmas"", ""\ud83c\udf84""]",offensive,Caucasian,"[0, 0, 0, 1, 1, 1, 0]","[""white"", ""wignat"", ""christmas""]",217,7,3,True,offensive,"[0, 0, 0, 1, 1, 0, 0]","[""white"", ""wignat""]"
1205929047508819974_twitter,train,wishing for a white wignat christmas 🎄,"[""wishing"", ""for"", ""a"", ""white"", ""wignat"", ""christmas"", ""\ud83c\udf84""]",offensive,Caucasian,"[0, 0, 0, 1, 1, 0, 0]","[""white"", ""wignat""]",206,7,2,True,offensive,"[0, 0, 0, 1, 1, 0, 0]","[""white"", ""wignat""]"
1207723806950866951_twitter,train,whats scarier than hearing a white person talking in french i just know they saying something racist or islamophobic,"[""whats"", ""scarier"", ""than"", ""hearing"", ""a"", ""white"", ""person"", ""talking"", ""in"", ""french"", ""i"", ""just"", ""know"", ""they"", ""saying"", ""something"", ""racist"", ""or"", ""islamophobic""]",offensive,Caucasian,"[1, 1, 1, 1, 1, 1, 1, 1, 1, 1, 1, 1, 1, 1, 1, 1, 1, 1, 1]","[""whats"", ""scarier"", ""than"", ""hearing"", ""a"", ""white"", ""person"", ""talking"", ""in"", ""french"", ""i"", ""just"", ""know"", ""they"", ""saying"", ""something"", ""racist"", ""or"", ""islamophobic""]",202,19,19,True,offensive,"[0, 0, 0, 0, 0, 0, 0, 0, 0, 0, 0, 0, 0, 0, 1, 1, 1, 1, 1]","[""saying"", ""something"", ""racist"", ""or"", ""islamophobic""]"
1208041861035778048_twitter,test,<user> i hate caucasians,"[""<user>"", ""i"", ""hate"", ""caucasians""]",hatespeech,Caucasian,"[0, 1, 1, 1]","[""i"", ""hate"", ""caucasians""]",202,4,3,True,hatespeech,"[0, 1, 1, 1]","[""i"", ""hate"", ""caucasians""]"
1208041861035778048_twitter,test,<user> i hate caucasians,"[""<user>"", ""i"", ""hate"", ""caucasians""]",hatespeech,Caucasian,"[0, 1, 1, 1]","[""i"", ""hate"", ""caucasians""]",200,4,3,True,hatespeech,"[0, 1, 1, 1]","[""i"", ""hate"", ""caucasians""]"
12089686_gab,train,indeed let me repeat that nugget of wisdom socialism is slavery not just white slavery it is slavery for all humankind but it is being wielded against us white people with a force unknown in history,"[""indeed"", ""let"", ""me"", ""repeat"", ""that"", ""nugget"", ""of"", ""wisdom"", ""socialism"", ""is"", ""slavery"", ""not"", ""just"", ""white"", ""slavery"", ""it"", ""is"", ""slavery"", ""for"", ""all"", ""humankind"", ""but"", ""it"", ""is"", ""being"", ""wielded"", ""against"", ""us"", ""white"", ""people"", ""with"", ""a"", ""force"", ""unknown"", ""in"", ""history""]",normal,Caucasian,"[0, 0, 0, 0, 0, 0, 0, 0, 1, 0, 0, 0, 0, 0, 0, 0, 0, 0, 0, 0, 0, 0, 0, 0, 0, 0, 0, 0, 0, 0, 0, 0, 0, 0, 0, 0]","[""socialism""]",201,36,1,True,offensive,"[0, 0, 0, 0, 0, 0, 0, 0, 0, 0, 0, 0, 0, 0, 0, 0, 0, 0, 0, 0, 0, 0, 0, 0, 0, 0, 0, 0, 0, 0, 0, 0, 0, 0, 0, 0]",[]
1211457542850670592_twitter,train,i ’ m that white girl that fuckin hates being a white girl and was raised by a black parent lol and not even full white i hate it here,"[""i"", ""\u2019"", ""m"", ""that"", ""white"", ""girl"", ""that"", ""fuckin"", ""hates"", ""being"", ""a"", ""white"", ""girl"", ""and"", ""was"", ""raised"", ""by"", ""a"", ""black"", ""parent"", ""lol"", ""and"", ""not"", ""even"", ""full"", ""white"", ""i"", ""hate"", ""it"", ""here""]",offensive,Caucasian,"[0, 0, 0, 0, 0, 0, 0, 1, 1, 1, 1, 1, 1, 0, 0, 0, 0, 0, 0, 0, 0, 0, 0, 0, 0, 0, 0, 0, 0, 0]","[""fuckin"", ""hates"", ""being"", ""a"", ""white"", ""girl""]",229,30,6,True,hatespeech,"[0, 0, 0, 0, 0, 0, 0, 1, 1, 0, 0, 0, 0, 0, 0, 0, 0, 0, 0, 0, 0, 0, 0, 0, 0, 0, 0, 0, 0, 0]","[""fuckin"", ""hates""]"
1211457542850670592_twitter,train,i ’ m that white girl that fuckin hates being a white girl and was raised by a black parent lol and not even full white i hate it here,"[""i"", ""\u2019"", ""m"", ""that"", ""white"", ""girl"", ""that"", ""fuckin"", ""hates"", ""being"", ""a"", ""white"", ""girl"", ""and"", ""was"", ""raised"", ""by"", ""a"", ""black"", ""parent"", ""lol"", ""and"", ""not"", ""even"", ""full"", ""white"", ""i"", ""hate"", ""it"", ""here""]",hatespeech,Caucasian,"[0, 0, 0, 0, 0, 0, 0, 1, 1, 0, 0, 0, 0, 0, 0, 0, 0, 0, 0, 0, 0, 0, 0, 0, 0, 0, 0, 0, 0, 0]","[""fuckin"", ""hates""]",223,30,2,True,hatespeech,"[0, 0, 0, 0, 0, 0, 0, 1, 1, 0, 0, 0, 0, 0, 0, 0, 0, 0, 0, 0, 0, 0, 0, 0, 0, 0, 0, 0, 0, 0]","[""fuckin"", ""hates""]"
12122233_gab,train,unless of course you are an illegal immigrant or muslim or perhaps some other minority these people will be allowed special get out of jail free cards to some degree fuck you citizen fuck you white people you owe the world everything gabfam,"[""unless"", ""of"", ""course"", ""you"", ""are"", ""an"", ""illegal"", ""immigrant"", ""or"", ""muslim"", ""or"", ""perhaps"", ""some"", ""other"", ""minority"", ""these"", ""people"", ""will"", ""be"", ""allowed"", ""special"", ""get"", ""out"", ""of"", ""jail"", ""free"", ""cards"", ""to"", ""some"", ""degree"", ""fuck"", ""you"", ""citizen"", ""fuck"", ""you"", ""white"", ""people"", ""you"", ""owe"", ""the"", ""world"", ""everything"", ""gabfam""]",hatespeech,Caucasian,"[0, 0, 0, 0, 0, 0, 0, 0, 0, 0, 0, 0, 0, 0, 0, 0, 0, 0, 0, 0, 0, 1, 1, 1, 1, 1, 1, 0, 0, 0, 1, 1, 1, 1, 1, 1, 1, 0, 0, 0, 0, 0, 0]","[""get"", ""out"", ""of"", ""jail"", ""free"", ""cards"", ""fuck"", ""you"", ""citizen"", ""fuck"", ""you"", ""white"", ""people""]",204,43,13,True,hatespeech,"[0, 0, 0, 0, 0, 0, 0, 0, 0, 0, 0, 0, 0, 0, 0, 0, 0, 0, 0, 0, 0, 0, 0, 0, 0, 0, 0, 0, 0, 0, 0, 0, 0, 1, 1, 1, 1, 0, 0, 0, 0, 0, 0]","[""fuck"", ""you"", ""white"", ""people""]"
1214210751109447680_twitter,test,<user> <user> there are literally nazis all over all the time rigjt now throw a rock you hit a nazi,"[""<user>"", ""<user>"", ""there"", ""are"", ""literally"", ""nazis"", ""all"", ""over"", ""all"", ""the"", ""time"", ""rigjt"", ""now"", ""throw"", ""a"", ""rock"", ""you"", ""hit"", ""a"", ""nazi""]",offensive,Caucasian,"[0, 0, 0, 0, 0, 1, 0, 0, 0, 0, 0, 0, 0, 0, 0, 0, 0, 0, 0, 1]","[""nazis"", ""nazi""]",207,20,2,True,offensive,"[0, 0, 0, 0, 0, 0, 0, 0, 0, 0, 0, 0, 0, 0, 0, 0, 0, 0, 0, 1]","[""nazi""]"
12154153_gab,train,london stan under attack again police suspect it was four old white women upset because they did not have enough recreational centers i would suspect liberalism and jews paying sand niggers but hey i do not have a degree in journalism,"[""london"", ""stan"", ""under"", ""attack"", ""again"", ""police"", ""suspect"", ""it"", ""was"", ""four"", ""old"", ""white"", ""women"", ""upset"", ""because"", ""they"", ""did"", ""not"", ""have"", ""enough"", ""recreational"", ""centers"", ""i"", ""would"", ""suspect"", ""liberalism"", ""and"", ""jews"", ""paying"", ""sand"", ""niggers"", ""but"", ""hey"", ""i"", ""do"", ""not"", ""have"", ""a"", ""degree"", ""in"", ""journalism""]",hatespeech,Caucasian,"[0, 0, 0, 0, 0, 0, 0, 0, 0, 0, 0, 0, 0, 0, 0, 0, 0, 0, 0, 0, 0, 0, 1, 1, 1, 1, 1, 1, 1, 1, 1, 1, 1, 1, 1, 1, 1, 1, 0, 0, 0]","[""i"", ""would"", ""suspect"", ""liberalism"", ""and"", ""jews"", ""paying"", ""sand"", ""niggers"", ""but"", ""hey"", ""i"", ""do"", ""not"", ""have"", ""a""]",199,41,16,True,hatespeech,"[0, 0, 0, 0, 0, 0, 0, 0, 0, 0, 0, 0, 0, 0, 0, 0, 0, 0, 0, 0, 0, 0, 0, 0, 0, 0, 0, 0, 0, 1, 1, 0, 0, 0, 0, 0, 0, 0, 0, 0, 0]","[""sand"", ""niggers""]"
1215594254858248192_twitter,train,<user> no they ’ re wonho in white and shownu in black from monsta x,"[""<user>"", ""no"", ""they"", ""\u2019"", ""re"", ""wonho"", ""in"", ""white"", ""and"", ""shownu"", ""in"", ""black"", ""from"", ""monsta"", ""x""]",offensive,Caucasian,"[0, 0, 0, 0, 0, 1, 0, 0, 0, 1, 0, 0, 0, 0, 0]","[""wonho"", ""shownu""]",200,15,2,True,offensive,"[0, 0, 0, 0, 0, 1, 0, 0, 0, 1, 0, 0, 0, 0, 0]","[""wonho"", ""shownu""]"
12156413_gab,train,alt retard is gonna alt retard cultlife,"[""alt"", ""retard"", ""is"", ""gonna"", ""alt"", ""retard"", ""cultlife""]",offensive,Caucasian,"[0, 1, 0, 0, 0, 1, 0]","[""retard"", ""retard""]",207,7,2,True,offensive,"[0, 1, 0, 0, 0, 1, 0]","[""retard"", ""retard""]"
1216713290971303939_twitter,test,that <number> bouncer and the boys you jumped up little nazi fag you wont see him again case closed,"[""that"", ""<number>"", ""bouncer"", ""and"", ""the"", ""boys"", ""you"", ""jumped"", ""up"", ""little"", ""nazi"", ""fag"", ""you"", ""wont"", ""see"", ""him"", ""again"", ""case"", ""closed""]",offensive,Caucasian,"[0, 0, 0, 0, 0, 0, 0, 0, 0, 1, 1, 1, 0, 0, 0, 0, 0, 0, 0]","[""little"", ""nazi"", ""fag""]",207,19,3,True,offensive,"[0, 0, 0, 0, 0, 0, 0, 0, 0, 1, 1, 1, 0, 0, 0, 0, 0, 0, 0]","[""little"", ""nazi"", ""fag""]"
12171004_gab,train,well <number> there are hundreds of thousands if not millions of instances of blacks saying kill all whites on twitter that will never get removed <number> even in the rare instance of a tweet post removal it almost certain the user wasn t banned point being google apple do not enforce their standard,"[""well"", ""<number>"", ""there"", ""are"", ""hundreds"", ""of"", ""thousands"", ""if"", ""not"", ""millions"", ""of"", ""instances"", ""of"", ""blacks"", ""saying"", ""kill"", ""all"", ""whites"", ""on"", ""twitter"", ""that"", ""will"", ""never"", ""get"", ""removed"", ""<number>"", ""even"", ""in"", ""the"", ""rare"", ""instance"", ""of"", ""a"", ""tweet"", ""post"", ""removal"", ""it"", ""almost"", ""certain"", ""the"", ""user"", ""wasn"", ""t"", ""banned"", ""point"", ""being"", ""google"", ""apple"", ""do"", ""not"", ""enforce"", ""their"", ""standard""]",offensive,Caucasian,"[0, 0, 0, 0, 0, 0, 0, 0, 0, 0, 0, 0, 1, 1, 1, 1, 1, 1, 0, 0, 0, 0, 0, 0, 0, 0, 0, 0, 0, 0, 0, 0, 0, 0, 0, 0, 0, 0, 0, 0, 0, 0, 0, 0, 0, 0, 0, 0, 0, 0, 0, 0, 0]","[""of"", ""blacks"", ""saying"", ""kill"", ""all"", ""whites""]",203,53,6,True,offensive,"[0, 0, 0, 0, 0, 0, 0, 0, 0, 0, 0, 0, 0, 1, 1, 1, 1, 1, 0, 0, 0, 0, 0, 0, 0, 0, 0, 0, 0, 0, 0, 0, 0, 0, 0, 0, 0, 0, 0, 0, 0, 0, 0, 0, 0, 0, 0, 0, 0, 0, 0, 0, 0]","[""blacks"", ""saying"", ""kill"", ""all"", ""whites""]"
12197031_gab,train,we do not want legal immigrants unless they are white europeans,"[""we"", ""do"", ""not"", ""want"", ""legal"", ""immigrants"", ""unless"", ""they"", ""are"", ""white"", ""europeans""]",offensive,Caucasian,"[1, 1, 1, 1, 1, 1, 1, 1, 1, 1, 1]","[""we"", ""do"", ""not"", ""want"", ""legal"", ""immigrants"", ""unless"", ""they"", ""are"", ""white"", ""europeans""]",199,11,11,True,offensive,"[1, 1, 1, 1, 1, 1, 0, 0, 0, 0, 0]","[""we"", ""do"", ""not"", ""want"", ""legal"", ""immigrants""]"
1222569675982286848_twitter,val,the next cracker who makes some racist joke on asians getting coughed on,"[""the"", ""next"", ""cracker"", ""who"", ""makes"", ""some"", ""racist"", ""joke"", ""on"", ""asians"", ""getting"", ""coughed"", ""on""]",offensive,Caucasian,"[0, 0, 1, 0, 0, 0, 1, 1, 1, 1, 1, 1, 1]","[""cracker"", ""racist"", ""joke"", ""on"", ""asians"", ""getting"", ""coughed"", ""on""]",206,13,8,True,offensive,"[0, 0, 0, 0, 0, 0, 1, 1, 1, 1, 1, 1, 1]","[""racist"", ""joke"", ""on"", ""asians"", ""getting"", ""coughed"", ""on""]"
12295225_gab,train,the newright is scrambling around the trumpisawhitesupremacist tag trying to prove to racists that trump is not one doing exactly what non whites want it not so much nonwhites as it virtue signalling cowardly guilt ridden white bitches wanting desperately to show how not racist they are,"[""the"", ""newright"", ""is"", ""scrambling"", ""around"", ""the"", ""trumpisawhitesupremacist"", ""tag"", ""trying"", ""to"", ""prove"", ""to"", ""racists"", ""that"", ""trump"", ""is"", ""not"", ""one"", ""doing"", ""exactly"", ""what"", ""non"", ""whites"", ""want"", ""it"", ""not"", ""so"", ""much"", ""nonwhites"", ""as"", ""it"", ""virtue"", ""signalling"", ""cowardly"", ""guilt"", ""ridden"", ""white"", ""bitches"", ""wanting"", ""desperately"", ""to"", ""show"", ""how"", ""not"", ""racist"", ""they"", ""are""]",offensive,Caucasian,"[0, 0, 0, 0, 0, 0, 0, 0, 0, 0, 0, 0, 0, 0, 0, 0, 0, 0, 0, 0, 0, 0, 0, 0, 0, 0, 0, 0, 0, 0, 0, 1, 1, 1, 1, 1, 1, 1, 0, 0, 0, 0, 0, 0, 0, 0, 0]","[""virtue"", ""signalling"", ""cowardly"", ""guilt"", ""ridden"", ""white"", ""bitches""]",217,47,7,True,offensive,"[0, 0, 0, 0, 0, 0, 0, 0, 0, 0, 0, 0, 0, 0, 0, 0, 0, 0, 0, 0, 0, 0, 0, 0, 0, 0, 0, 0, 0, 0, 0, 0, 0, 0, 1, 1, 1, 1, 0, 0, 0, 0, 0, 0, 0, 0, 0]","[""guilt"", ""ridden"", ""white"", ""bitches""]"
12296231_gab,train,my mom was watching blues brothers the movie there a part where neo nazis have a rally she said to me mockingly look jews are using blacks to gang up on white people i honestly did not see what was inaccurate about that,"[""my"", ""mom"", ""was"", ""watching"", ""blues"", ""brothers"", ""the"", ""movie"", ""there"", ""a"", ""part"", ""where"", ""neo"", ""nazis"", ""have"", ""a"", ""rally"", ""she"", ""said"", ""to"", ""me"", ""mockingly"", ""look"", ""jews"", ""are"", ""using"", ""blacks"", ""to"", ""gang"", ""up"", ""on"", ""white"", ""people"", ""i"", ""honestly"", ""did"", ""not"", ""see"", ""what"", ""was"", ""inaccurate"", ""about"", ""that""]",offensive,Caucasian,"[0, 0, 0, 0, 0, 0, 0, 0, 0, 0, 0, 0, 0, 0, 0, 0, 0, 0, 0, 0, 0, 0, 0, 1, 1, 1, 1, 1, 1, 1, 1, 1, 1, 0, 0, 0, 0, 0, 0, 0, 0, 0, 0]","[""jews"", ""are"", ""using"", ""blacks"", ""to"", ""gang"", ""up"", ""on"", ""white"", ""people""]",202,43,10,True,offensive,"[0, 0, 0, 0, 0, 0, 0, 0, 0, 0, 0, 0, 0, 0, 0, 0, 0, 0, 0, 0, 0, 0, 0, 1, 1, 1, 1, 1, 1, 1, 1, 1, 1, 0, 0, 0, 0, 0, 0, 0, 0, 0, 0]","[""jews"", ""are"", ""using"", ""blacks"", ""to"", ""gang"", ""up"", ""on"", ""white"", ""people""]"
1230294296328318977_twitter,train,<user> fought nazis only to come home and support a nazi makes sense 🙃 propaganda,"[""<user>"", ""fought"", ""nazis"", ""only"", ""to"", ""come"", ""home"", ""and"", ""support"", ""a"", ""nazi"", ""makes"", ""sense"", ""\ud83d\ude43"", ""propaganda""]",offensive,Caucasian,"[0, 0, 1, 0, 0, 0, 0, 0, 0, 0, 1, 0, 0, 0, 0]","[""nazis"", ""nazi""]",202,15,2,True,offensive,"[0, 0, 0, 0, 0, 0, 0, 0, 0, 0, 1, 0, 0, 0, 0]","[""nazi""]"
1231344591980253184_twitter,test,white people are fucking retarded,"[""white"", ""people"", ""are"", ""fucking"", ""retarded""]",offensive,Caucasian,"[0, 0, 0, 1, 1]","[""fucking"", ""retarded""]",235,5,2,True,offensive,"[0, 0, 0, 1, 1]","[""fucking"", ""retarded""]"
12329154_gab,train,wow this guy is seriously retarded he considers racist socialism to be hate speech when practiced by black people but it ok if it done by white people this is so dumb i am tempted to say this thing is subhuman and witnout any valid claims to rights,"[""wow"", ""this"", ""guy"", ""is"", ""seriously"", ""retarded"", ""he"", ""considers"", ""racist"", ""socialism"", ""to"", ""be"", ""hate"", ""speech"", ""when"", ""practiced"", ""by"", ""black"", ""people"", ""but"", ""it"", ""ok"", ""if"", ""it"", ""done"", ""by"", ""white"", ""people"", ""this"", ""is"", ""so"", ""dumb"", ""i"", ""am"", ""tempted"", ""to"", ""say"", ""this"", ""thing"", ""is"", ""subhuman"", ""and"", ""witnout"", ""any"", ""valid"", ""claims"", ""to"", ""rights""]",offensive,Caucasian,"[0, 0, 0, 0, 0, 1, 0, 0, 0, 0, 0, 0, 0, 0, 0, 0, 0, 1, 0, 0, 0, 0, 0, 0, 0, 0, 1, 0, 0, 0, 0, 0, 0, 0, 0, 0, 0, 0, 0, 0, 1, 0, 0, 0, 0, 0, 0, 0]","[""retarded"", ""black"", ""white"", ""subhuman""]",212,48,4,True,offensive,"[0, 0, 0, 0, 0, 1, 0, 0, 0, 0, 0, 0, 0, 0, 0, 0, 0, 0, 0, 0, 0, 0, 0, 0, 0, 0, 0, 0, 0, 0, 0, 0, 0, 0, 0, 0, 0, 0, 0, 0, 1, 0, 0, 0, 0, 0, 0, 0]","[""retarded"", ""subhuman""]"
12331741_gab,test,i m guessing that the first thing a white muslim terrorist man would do is throw this thing off a very tall building,"[""i"", ""m"", ""guessing"", ""that"", ""the"", ""first"", ""thing"", ""a"", ""white"", ""muslim"", ""terrorist"", ""man"", ""would"", ""do"", ""is"", ""throw"", ""this"", ""thing"", ""off"", ""a"", ""very"", ""tall"", ""building""]",hatespeech,Caucasian,"[0, 0, 0, 0, 0, 0, 0, 0, 1, 1, 1, 1, 0, 0, 0, 0, 0, 0, 0, 0, 0, 0, 0]","[""white"", ""muslim"", ""terrorist"", ""man""]",205,23,4,True,hatespeech,"[0, 0, 0, 0, 0, 0, 0, 0, 1, 1, 1, 1, 0, 0, 0, 0, 0, 0, 0, 0, 0, 0, 0]","[""white"", ""muslim"", ""terrorist"", ""man""]"
12331741_gab,test,i m guessing that the first thing a white muslim terrorist man would do is throw this thing off a very tall building,"[""i"", ""m"", ""guessing"", ""that"", ""the"", ""first"", ""thing"", ""a"", ""white"", ""muslim"", ""terrorist"", ""man"", ""would"", ""do"", ""is"", ""throw"", ""this"", ""thing"", ""off"", ""a"", ""very"", ""tall"", ""building""]",hatespeech,Caucasian,"[0, 0, 0, 0, 0, 0, 0, 0, 1, 1, 1, 1, 0, 0, 0, 0, 0, 0, 0, 0, 0, 0, 0]","[""white"", ""muslim"", ""terrorist"", ""man""]",206,23,4,True,hatespeech,"[0, 0, 0, 0, 0, 0, 0, 0, 1, 1, 1, 1, 0, 0, 0, 0, 0, 0, 0, 0, 0, 0, 0]","[""white"", ""muslim"", ""terrorist"", ""man""]"
1236466168501854208_twitter,train,<user> same for white nationalism and fascism that ’ you,"[""<user>"", ""same"", ""for"", ""white"", ""nationalism"", ""and"", ""fascism"", ""that"", ""\u2019"", ""you""]",offensive,Caucasian,"[0, 0, 0, 1, 1, 1, 1, 0, 0, 0]","[""white"", ""nationalism"", ""and"", ""fascism""]",236,10,4,True,offensive,"[0, 0, 0, 1, 1, 1, 1, 0, 0, 0]","[""white"", ""nationalism"", ""and"", ""fascism""]"
1236632774678904833_twitter,train,oh no white gun boy on facebook living in his girlfriend ’ grandma ’ house rent free has another opinion about bernie,"[""oh"", ""no"", ""white"", ""gun"", ""boy"", ""on"", ""facebook"", ""living"", ""in"", ""his"", ""girlfriend"", ""\u2019"", ""grandma"", ""\u2019"", ""house"", ""rent"", ""free"", ""has"", ""another"", ""opinion"", ""about"", ""bernie""]",offensive,Caucasian,"[0, 0, 1, 1, 1, 1, 0, 0, 0, 0, 0, 0, 0, 0, 0, 0, 0, 0, 0, 0, 0, 0]","[""white"", ""gun"", ""boy"", ""on""]",203,22,4,True,offensive,"[0, 0, 1, 1, 1, 0, 0, 0, 0, 0, 0, 0, 0, 0, 0, 0, 0, 0, 0, 0, 0, 0]","[""white"", ""gun"", ""boy""]"
12376502_gab,test,fucking idiot dont believe anything you see they stole the white child imbasill you are retarded,"[""fucking"", ""idiot"", ""dont"", ""believe"", ""anything"", ""you"", ""see"", ""they"", ""stole"", ""the"", ""white"", ""child"", ""imbasill"", ""you"", ""are"", ""retarded""]",offensive,Caucasian,"[1, 1, 0, 0, 0, 0, 0, 0, 0, 0, 0, 0, 0, 0, 0, 1]","[""fucking"", ""idiot"", ""retarded""]",199,16,3,True,offensive,"[1, 1, 0, 0, 0, 0, 0, 0, 0, 0, 0, 0, 0, 0, 0, 0]","[""fucking"", ""idiot""]"
1237773908570509313_twitter,test,<user> normalize hating white people,"[""<user>"", ""normalize"", ""hating"", ""white"", ""people""]",offensive,Caucasian,"[0, 0, 0, 1, 1]","[""white"", ""people""]",203,5,2,True,offensive,"[0, 0, 0, 1, 1]","[""white"", ""people""]"
1237773908570509313_twitter,test,<user> normalize hating white people,"[""<user>"", ""normalize"", ""hating"", ""white"", ""people""]",hatespeech,Caucasian,"[0, 1, 1, 1, 1]","[""normalize"", ""hating"", ""white"", ""people""]",235,5,4,True,offensive,"[0, 0, 0, 1, 1]","[""white"", ""people""]"
12383837_gab,train,whites are better than jews and arabs yeah that odin does a much better job than yhwh,"[""whites"", ""are"", ""better"", ""than"", ""jews"", ""and"", ""arabs"", ""yeah"", ""that"", ""odin"", ""does"", ""a"", ""much"", ""better"", ""job"", ""than"", ""yhwh""]",offensive,Caucasian,"[0, 0, 0, 0, 0, 0, 0, 0, 0, 1, 1, 1, 1, 1, 1, 1, 1]","[""odin"", ""does"", ""a"", ""much"", ""better"", ""job"", ""than"", ""yhwh""]",203,17,8,True,hatespeech,"[0, 0, 0, 0, 0, 0, 0, 0, 0, 0, 0, 0, 0, 0, 0, 0, 0]",[]
12388273_gab,val,you ugly fat nigger what are you doing in a white internet zone your balls will be kk ed for this in real life do you understand what you did wrong me nigga,"[""you"", ""ugly"", ""fat"", ""nigger"", ""what"", ""are"", ""you"", ""doing"", ""in"", ""a"", ""white"", ""internet"", ""zone"", ""your"", ""balls"", ""will"", ""be"", ""kk"", ""ed"", ""for"", ""this"", ""in"", ""real"", ""life"", ""do"", ""you"", ""understand"", ""what"", ""you"", ""did"", ""wrong"", ""me"", ""nigga""]",hatespeech,Caucasian,"[0, 1, 1, 1, 0, 0, 0, 0, 0, 0, 0, 0, 0, 1, 1, 1, 1, 1, 1, 0, 0, 0, 0, 0, 0, 0, 0, 0, 0, 0, 0, 0, 1]","[""ugly"", ""fat"", ""nigger"", ""your"", ""balls"", ""will"", ""be"", ""kk"", ""ed"", ""nigga""]",199,33,10,True,hatespeech,"[0, 1, 1, 1, 0, 0, 0, 0, 0, 0, 0, 0, 0, 0, 0, 0, 0, 1, 1, 0, 0, 0, 0, 0, 0, 0, 0, 0, 0, 0, 0, 0, 1]","[""ugly"", ""fat"", ""nigger"", ""kk"", ""ed"", ""nigga""]"
1240029444812791808_twitter,train,“ i wanna spank ur creamy ass until it turns pink ” sir i am a negro,"[""\u201c"", ""i"", ""wanna"", ""spank"", ""ur"", ""creamy"", ""ass"", ""until"", ""it"", ""turns"", ""pink"", ""\u201d"", ""sir"", ""i"", ""am"", ""a"", ""negro""]",offensive,Caucasian,"[0, 0, 0, 0, 0, 0, 0, 0, 0, 0, 0, 0, 0, 0, 0, 0, 1]","[""negro""]",233,17,1,True,offensive,"[0, 0, 0, 0, 0, 0, 0, 0, 0, 0, 0, 0, 0, 0, 0, 0, 1]","[""negro""]"
1241113692210593792_twitter,train,never in my life will you see me date a white butch lesbian i will never do that to myself,"[""never"", ""in"", ""my"", ""life"", ""will"", ""you"", ""see"", ""me"", ""date"", ""a"", ""white"", ""butch"", ""lesbian"", ""i"", ""will"", ""never"", ""do"", ""that"", ""to"", ""myself""]",offensive,Caucasian,"[0, 0, 0, 0, 0, 0, 0, 0, 0, 0, 1, 1, 1, 1, 1, 1, 1, 1, 1, 1]","[""white"", ""butch"", ""lesbian"", ""i"", ""will"", ""never"", ""do"", ""that"", ""to"", ""myself""]",202,20,10,True,offensive,"[0, 0, 0, 0, 0, 0, 0, 0, 0, 0, 1, 1, 1, 1, 1, 1, 1, 1, 1, 1]","[""white"", ""butch"", ""lesbian"", ""i"", ""will"", ""never"", ""do"", ""that"", ""to"", ""myself""]"
12411881_gab,train,white athletes protesting white genocide or black on white violence would make some serious news imagine a white college football player kneeling during the anthem and saying he did it to protest the 2 0 k white girls that blacks rape and sexually assault every year,"[""white"", ""athletes"", ""protesting"", ""white"", ""genocide"", ""or"", ""black"", ""on"", ""white"", ""violence"", ""would"", ""make"", ""some"", ""serious"", ""news"", ""imagine"", ""a"", ""white"", ""college"", ""football"", ""player"", ""kneeling"", ""during"", ""the"", ""anthem"", ""and"", ""saying"", ""he"", ""did"", ""it"", ""to"", ""protest"", ""the"", ""2"", ""0"", ""k"", ""white"", ""girls"", ""that"", ""blacks"", ""rape"", ""and"", ""sexually"", ""assault"", ""every"", ""year""]",offensive,Caucasian,"[0, 0, 0, 0, 0, 0, 0, 0, 0, 0, 0, 0, 0, 0, 0, 0, 0, 0, 0, 0, 0, 0, 0, 0, 0, 0, 0, 0, 0, 0, 0, 0, 0, 1, 1, 1, 1, 1, 1, 1, 1, 1, 1, 1, 1, 0]","[""2"", ""0"", ""k"", ""white"", ""girls"", ""that"", ""blacks"", ""rape"", ""and"", ""sexually"", ""assault"", ""every""]",199,46,12,True,offensive,"[0, 0, 0, 0, 0, 0, 0, 0, 0, 0, 0, 0, 0, 0, 0, 0, 0, 0, 0, 0, 0, 0, 0, 0, 0, 0, 0, 0, 0, 0, 0, 0, 0, 1, 1, 1, 1, 1, 1, 1, 1, 1, 1, 1, 1, 0]","[""2"", ""0"", ""k"", ""white"", ""girls"", ""that"", ""blacks"", ""rape"", ""and"", ""sexually"", ""assault"", ""every""]"
1241491288651939840_twitter,train,i ’ m convinced all white girls are hoes,"[""i"", ""\u2019"", ""m"", ""convinced"", ""all"", ""white"", ""girls"", ""are"", ""hoes""]",offensive,Caucasian,"[0, 0, 0, 0, 1, 1, 1, 1, 1]","[""all"", ""white"", ""girls"", ""are"", ""hoes""]",235,9,5,True,offensive,"[0, 0, 0, 0, 0, 1, 1, 1, 1]","[""white"", ""girls"", ""are"", ""hoes""]"
1241491288651939840_twitter,train,i ’ m convinced all white girls are hoes,"[""i"", ""\u2019"", ""m"", ""convinced"", ""all"", ""white"", ""girls"", ""are"", ""hoes""]",offensive,Caucasian,"[0, 0, 0, 0, 0, 1, 1, 1, 1]","[""white"", ""girls"", ""are"", ""hoes""]",212,9,4,True,offensive,"[0, 0, 0, 0, 0, 1, 1, 1, 1]","[""white"", ""girls"", ""are"", ""hoes""]"
1242121645621276674_twitter,train,<user> <user> eat shit nazi,"[""<user>"", ""<user>"", ""eat"", ""shit"", ""nazi""]",normal,Caucasian,"[0, 0, 1, 1, 1]","[""eat"", ""shit"", ""nazi""]",207,5,3,True,offensive,"[0, 0, 1, 1, 1]","[""eat"", ""shit"", ""nazi""]"
1242188730099793920_twitter,test,white bitch pink pussy,"[""white"", ""bitch"", ""pink"", ""pussy""]",offensive,Caucasian,"[1, 1, 1, 1]","[""white"", ""bitch"", ""pink"", ""pussy""]",207,4,4,True,offensive,"[1, 1, 1, 1]","[""white"", ""bitch"", ""pink"", ""pussy""]"
1242188730099793920_twitter,test,white bitch pink pussy,"[""white"", ""bitch"", ""pink"", ""pussy""]",normal,Caucasian,"[1, 1, 1, 1]","[""white"", ""bitch"", ""pink"", ""pussy""]",221,4,4,True,offensive,"[1, 1, 1, 1]","[""white"", ""bitch"", ""pink"", ""pussy""]"
1242193717131239424_twitter,train,jesus better run from the gang stalker real man killing nazi americans,"[""jesus"", ""better"", ""run"", ""from"", ""the"", ""gang"", ""stalker"", ""real"", ""man"", ""killing"", ""nazi"", ""americans""]",offensive,Caucasian,"[0, 0, 0, 0, 0, 1, 1, 1, 1, 1, 1, 1]","[""gang"", ""stalker"", ""real"", ""man"", ""killing"", ""nazi"", ""americans""]",207,12,7,True,offensive,"[0, 0, 0, 0, 0, 1, 1, 1, 1, 1, 1, 1]","[""gang"", ""stalker"", ""real"", ""man"", ""killing"", ""nazi"", ""americans""]"
12428925_gab,train,swedish police chiefs agree to start bombing native swedish neighbourhoods to drive racists out of their homes and make them seek refuge elsewhere only then will they learn about empathy and stop regarding foreign refugees as the other mega,"[""swedish"", ""police"", ""chiefs"", ""agree"", ""to"", ""start"", ""bombing"", ""native"", ""swedish"", ""neighbourhoods"", ""to"", ""drive"", ""racists"", ""out"", ""of"", ""their"", ""homes"", ""and"", ""make"", ""them"", ""seek"", ""refuge"", ""elsewhere"", ""only"", ""then"", ""will"", ""they"", ""learn"", ""about"", ""empathy"", ""and"", ""stop"", ""regarding"", ""foreign"", ""refugees"", ""as"", ""the"", ""other"", ""mega""]",offensive,Caucasian,"[0, 0, 0, 0, 0, 0, 0, 0, 0, 0, 0, 0, 0, 0, 0, 0, 0, 0, 0, 0, 0, 0, 0, 0, 0, 0, 0, 0, 0, 0, 0, 0, 1, 1, 1, 1, 1, 1, 0]","[""regarding"", ""foreign"", ""refugees"", ""as"", ""the"", ""other""]",202,39,6,True,offensive,"[0, 0, 0, 0, 0, 0, 0, 0, 0, 0, 0, 0, 0, 0, 0, 0, 0, 0, 0, 0, 0, 0, 0, 0, 0, 0, 0, 0, 0, 0, 0, 0, 0, 0, 0, 0, 0, 0, 0]",[]
12437441_gab,train,nobody forces blacks to take welfare nobody forces white women to be dirty whores look at the muslums enforcing their morality in the west they do not give a fuck if bitch decides to show ankle bitch get honor killed,"[""nobody"", ""forces"", ""blacks"", ""to"", ""take"", ""welfare"", ""nobody"", ""forces"", ""white"", ""women"", ""to"", ""be"", ""dirty"", ""whores"", ""look"", ""at"", ""the"", ""muslums"", ""enforcing"", ""their"", ""morality"", ""in"", ""the"", ""west"", ""they"", ""do"", ""not"", ""give"", ""a"", ""fuck"", ""if"", ""bitch"", ""decides"", ""to"", ""show"", ""ankle"", ""bitch"", ""get"", ""honor"", ""killed""]",hatespeech,Caucasian,"[0, 0, 0, 0, 0, 0, 0, 0, 1, 1, 1, 1, 1, 1, 0, 0, 0, 0, 0, 0, 0, 0, 0, 0, 0, 0, 0, 1, 1, 1, 0, 1, 0, 0, 0, 0, 1, 1, 1, 1]","[""white"", ""women"", ""to"", ""be"", ""dirty"", ""whores"", ""give"", ""a"", ""fuck"", ""bitch"", ""bitch"", ""get"", ""honor"", ""killed""]",204,40,14,True,offensive,"[0, 0, 0, 0, 0, 0, 0, 0, 0, 0, 0, 0, 1, 1, 0, 0, 0, 0, 0, 0, 0, 0, 0, 0, 0, 0, 0, 0, 0, 1, 0, 1, 0, 0, 0, 0, 1, 0, 1, 1]","[""dirty"", ""whores"", ""fuck"", ""bitch"", ""bitch"", ""honor"", ""killed""]"
12444187_gab,val,ah yes the pseudo penis estrus rite of swinging wildly while some marxist racist white bitch teacher stands in the middle dance nicely caught on an african safari the cameraman must have set up for days behind a blind to catch that shot,"[""ah"", ""yes"", ""the"", ""pseudo"", ""penis"", ""estrus"", ""rite"", ""of"", ""swinging"", ""wildly"", ""while"", ""some"", ""marxist"", ""racist"", ""white"", ""bitch"", ""teacher"", ""stands"", ""in"", ""the"", ""middle"", ""dance"", ""nicely"", ""caught"", ""on"", ""an"", ""african"", ""safari"", ""the"", ""cameraman"", ""must"", ""have"", ""set"", ""up"", ""for"", ""days"", ""behind"", ""a"", ""blind"", ""to"", ""catch"", ""that"", ""shot""]",offensive,Caucasian,"[0, 0, 0, 0, 0, 0, 0, 0, 0, 0, 0, 0, 1, 1, 1, 1, 0, 0, 0, 0, 0, 0, 0, 0, 0, 0, 0, 0, 0, 0, 0, 0, 0, 0, 0, 0, 0, 0, 0, 0, 0, 0, 0]","[""marxist"", ""racist"", ""white"", ""bitch""]",228,43,4,True,offensive,"[0, 0, 0, 0, 0, 0, 0, 0, 0, 0, 0, 0, 0, 0, 0, 1, 0, 0, 0, 0, 0, 0, 0, 0, 0, 0, 0, 0, 0, 0, 0, 0, 0, 0, 0, 0, 0, 0, 0, 0, 0, 0, 0]","[""bitch""]"
1256082039142563840_twitter,val,<user> guys i think stephen miller is a nazi just like other stephen miller is fuck off you white supremacist piece of shit,"[""<user>"", ""guys"", ""i"", ""think"", ""stephen"", ""miller"", ""is"", ""a"", ""nazi"", ""just"", ""like"", ""other"", ""stephen"", ""miller"", ""is"", ""fuck"", ""off"", ""you"", ""white"", ""supremacist"", ""piece"", ""of"", ""shit""]",hatespeech,Caucasian,"[0, 0, 0, 0, 1, 1, 1, 1, 1, 0, 0, 0, 0, 0, 0, 1, 1, 0, 1, 1, 1, 1, 1]","[""stephen"", ""miller"", ""is"", ""a"", ""nazi"", ""fuck"", ""off"", ""white"", ""supremacist"", ""piece"", ""of"", ""shit""]",205,23,12,True,hatespeech,"[0, 0, 0, 0, 1, 1, 1, 1, 1, 0, 0, 0, 0, 0, 0, 1, 1, 0, 1, 1, 1, 1, 1]","[""stephen"", ""miller"", ""is"", ""a"", ""nazi"", ""fuck"", ""off"", ""white"", ""supremacist"", ""piece"", ""of"", ""shit""]"
1257376380385464320_twitter,train,thinking about the fact that neo nazi author gregory hood is actually an italian shithead called kevin deanna it marvelous,"[""thinking"", ""about"", ""the"", ""fact"", ""that"", ""neo"", ""nazi"", ""author"", ""gregory"", ""hood"", ""is"", ""actually"", ""an"", ""italian"", ""shithead"", ""called"", ""kevin"", ""deanna"", ""it"", ""marvelous""]",offensive,Caucasian,"[0, 0, 0, 0, 0, 1, 1, 0, 0, 0, 0, 0, 0, 1, 1, 0, 0, 0, 0, 0]","[""neo"", ""nazi"", ""italian"", ""shithead""]",205,20,4,True,offensive,"[0, 0, 0, 0, 0, 0, 0, 0, 0, 0, 0, 0, 0, 1, 1, 0, 0, 0, 0, 0]","[""italian"", ""shithead""]"
12603315_gab,val,can not wait to see the european refugees flooding to america when their countries are overrun with crazy dogmatic extremists,"[""can"", ""not"", ""wait"", ""to"", ""see"", ""the"", ""european"", ""refugees"", ""flooding"", ""to"", ""america"", ""when"", ""their"", ""countries"", ""are"", ""overrun"", ""with"", ""crazy"", ""dogmatic"", ""extremists""]",offensive,Caucasian,"[1, 1, 1, 1, 1, 1, 1, 1, 1, 1, 1, 1, 1, 1, 1, 1, 1, 1, 1, 1]","[""can"", ""not"", ""wait"", ""to"", ""see"", ""the"", ""european"", ""refugees"", ""flooding"", ""to"", ""america"", ""when"", ""their"", ""countries"", ""are"", ""overrun"", ""with"", ""crazy"", ""dogmatic"", ""extremists""]",209,20,20,True,offensive,"[0, 0, 0, 0, 0, 0, 0, 0, 0, 0, 0, 0, 0, 0, 0, 0, 0, 1, 1, 1]","[""crazy"", ""dogmatic"", ""extremists""]"
12611448_gab,train,you can surround yourself with a bunch of white virtue signaling bata males all you want but that narrative goes away the second blacks talk about how scared they are just because they lost an election or one cop shoots a black criminal in self defense,"[""you"", ""can"", ""surround"", ""yourself"", ""with"", ""a"", ""bunch"", ""of"", ""white"", ""virtue"", ""signaling"", ""bata"", ""males"", ""all"", ""you"", ""want"", ""but"", ""that"", ""narrative"", ""goes"", ""away"", ""the"", ""second"", ""blacks"", ""talk"", ""about"", ""how"", ""scared"", ""they"", ""are"", ""just"", ""because"", ""they"", ""lost"", ""an"", ""election"", ""or"", ""one"", ""cop"", ""shoots"", ""a"", ""black"", ""criminal"", ""in"", ""self"", ""defense""]",hatespeech,Caucasian,"[0, 0, 0, 0, 0, 0, 0, 0, 0, 1, 1, 0, 0, 0, 0, 0, 0, 0, 0, 0, 0, 0, 0, 0, 0, 0, 0, 0, 0, 0, 0, 0, 0, 0, 0, 0, 0, 0, 1, 1, 1, 1, 1, 1, 1, 1]","[""virtue"", ""signaling"", ""cop"", ""shoots"", ""a"", ""black"", ""criminal"", ""in"", ""self"", ""defense""]",210,46,10,True,hatespeech,"[0, 0, 0, 0, 0, 0, 0, 0, 0, 1, 1, 0, 0, 0, 0, 0, 0, 0, 0, 0, 0, 0, 0, 0, 0, 0, 0, 0, 0, 0, 0, 0, 0, 0, 0, 0, 0, 0, 1, 1, 1, 1, 1, 1, 1, 1]","[""virtue"", ""signaling"", ""cop"", ""shoots"", ""a"", ""black"", ""criminal"", ""in"", ""self"", ""defense""]"
12627684_gab,test,construct bread and circuses ghettoes for white men to crowd into football and video games to keep them from being political but then attack the circuses with politics,"[""construct"", ""bread"", ""and"", ""circuses"", ""ghettoes"", ""for"", ""white"", ""men"", ""to"", ""crowd"", ""into"", ""football"", ""and"", ""video"", ""games"", ""to"", ""keep"", ""them"", ""from"", ""being"", ""political"", ""but"", ""then"", ""attack"", ""the"", ""circuses"", ""with"", ""politics""]",offensive,Caucasian,"[0, 0, 0, 0, 1, 0, 0, 0, 0, 0, 0, 0, 0, 0, 0, 0, 0, 0, 0, 0, 0, 0, 0, 0, 0, 0, 0, 0]","[""ghettoes""]",202,28,1,True,offensive,"[0, 0, 0, 0, 1, 0, 0, 0, 0, 0, 0, 0, 0, 0, 0, 0, 0, 0, 0, 0, 0, 0, 0, 0, 0, 0, 0, 0]","[""ghettoes""]"
1262800940857425924_twitter,train,matt healy is homophobic and racist and i don ’ t want to hear anyone say otherwise,"[""matt"", ""healy"", ""is"", ""homophobic"", ""and"", ""racist"", ""and"", ""i"", ""don"", ""\u2019"", ""t"", ""want"", ""to"", ""hear"", ""anyone"", ""say"", ""otherwise""]",offensive,Caucasian,"[1, 1, 1, 1, 1, 1, 1, 1, 1, 1, 1, 1, 1, 1, 1, 1, 1]","[""matt"", ""healy"", ""is"", ""homophobic"", ""and"", ""racist"", ""and"", ""i"", ""don"", ""\u2019"", ""t"", ""want"", ""to"", ""hear"", ""anyone"", ""say"", ""otherwise""]",205,17,17,True,offensive,"[0, 0, 0, 1, 0, 1, 0, 0, 0, 0, 0, 0, 0, 0, 0, 0, 0]","[""homophobic"", ""racist""]"
12636808_gab,train,stop being obtuse you know damn well majority of all mexicans are not white hence why you people bitch and moan about white genocide which is why u love him if it were white european immigrants you would not care neither would trump they are not white,"[""stop"", ""being"", ""obtuse"", ""you"", ""know"", ""damn"", ""well"", ""majority"", ""of"", ""all"", ""mexicans"", ""are"", ""not"", ""white"", ""hence"", ""why"", ""you"", ""people"", ""bitch"", ""and"", ""moan"", ""about"", ""white"", ""genocide"", ""which"", ""is"", ""why"", ""u"", ""love"", ""him"", ""if"", ""it"", ""were"", ""white"", ""european"", ""immigrants"", ""you"", ""would"", ""not"", ""care"", ""neither"", ""would"", ""trump"", ""they"", ""are"", ""not"", ""white""]",offensive,Caucasian,"[0, 0, 0, 1, 1, 1, 1, 1, 1, 1, 1, 1, 1, 1, 1, 1, 1, 1, 1, 1, 1, 1, 1, 1, 0, 0, 0, 0, 0, 0, 1, 1, 1, 1, 1, 1, 1, 1, 1, 1, 1, 1, 1, 1, 1, 1, 1]","[""you"", ""know"", ""damn"", ""well"", ""majority"", ""of"", ""all"", ""mexicans"", ""are"", ""not"", ""white"", ""hence"", ""why"", ""you"", ""people"", ""bitch"", ""and"", ""moan"", ""about"", ""white"", ""genocide"", ""if"", ""it"", ""were"", ""white"", ""european"", ""immigrants"", ""you"", ""would"", ""not"", ""care"", ""neither"", ""would"", ""trump"", ""they"", ""are"", ""not"", ""white""]",207,47,38,True,offensive,"[0, 0, 0, 0, 0, 0, 0, 0, 0, 0, 1, 1, 1, 1, 0, 0, 0, 0, 0, 0, 0, 0, 0, 0, 0, 0, 0, 0, 0, 0, 0, 0, 0, 0, 0, 0, 0, 0, 0, 0, 0, 0, 0, 1, 1, 1, 1]","[""mexicans"", ""are"", ""not"", ""white"", ""they"", ""are"", ""not"", ""white""]"
1265324632602787843_twitter,train,i be so tight when my brother bring white bitches home like mcht,"[""i"", ""be"", ""so"", ""tight"", ""when"", ""my"", ""brother"", ""bring"", ""white"", ""bitches"", ""home"", ""like"", ""mcht""]",offensive,Caucasian,"[0, 0, 0, 0, 0, 0, 0, 0, 1, 1, 0, 0, 0]","[""white"", ""bitches""]",200,13,2,True,offensive,"[0, 0, 0, 0, 0, 0, 0, 0, 1, 1, 0, 0, 0]","[""white"", ""bitches""]"
1265324632602787843_twitter,train,i be so tight when my brother bring white bitches home like mcht,"[""i"", ""be"", ""so"", ""tight"", ""when"", ""my"", ""brother"", ""bring"", ""white"", ""bitches"", ""home"", ""like"", ""mcht""]",offensive,Caucasian,"[0, 0, 0, 0, 0, 0, 0, 0, 1, 1, 1, 0, 0]","[""white"", ""bitches"", ""home""]",202,13,3,True,offensive,"[0, 0, 0, 0, 0, 0, 0, 0, 1, 1, 0, 0, 0]","[""white"", ""bitches""]"
1265704619751034881_twitter,val,white people are so uncultured that they kill black people as a hobby blacklivesmatter allivesmatter,"[""white"", ""people"", ""are"", ""so"", ""uncultured"", ""that"", ""they"", ""kill"", ""black"", ""people"", ""as"", ""a"", ""hobby"", ""blacklivesmatter"", ""allivesmatter""]",offensive,Caucasian,"[1, 1, 1, 1, 1, 0, 0, 1, 1, 1, 1, 1, 1, 0, 0]","[""white"", ""people"", ""are"", ""so"", ""uncultured"", ""kill"", ""black"", ""people"", ""as"", ""a"", ""hobby""]",203,15,11,True,offensive,"[1, 1, 1, 1, 1, 0, 0, 1, 1, 1, 1, 1, 1, 0, 0]","[""white"", ""people"", ""are"", ""so"", ""uncultured"", ""kill"", ""black"", ""people"", ""as"", ""a"", ""hobby""]"
1265704619751034881_twitter,val,white people are so uncultured that they kill black people as a hobby blacklivesmatter allivesmatter,"[""white"", ""people"", ""are"", ""so"", ""uncultured"", ""that"", ""they"", ""kill"", ""black"", ""people"", ""as"", ""a"", ""hobby"", ""blacklivesmatter"", ""allivesmatter""]",offensive,Caucasian,"[1, 1, 1, 1, 1, 1, 1, 1, 1, 1, 1, 1, 1, 0, 0]","[""white"", ""people"", ""are"", ""so"", ""uncultured"", ""that"", ""they"", ""kill"", ""black"", ""people"", ""as"", ""a"", ""hobby""]",206,15,13,True,offensive,"[1, 1, 1, 1, 1, 0, 0, 1, 1, 1, 1, 1, 1, 0, 0]","[""white"", ""people"", ""are"", ""so"", ""uncultured"", ""kill"", ""black"", ""people"", ""as"", ""a"", ""hobby""]"
1266982441941471232_twitter,train,we need to take on police unions they protect these nazis in blue uniforms we see out there terrorizing people,"[""we"", ""need"", ""to"", ""take"", ""on"", ""police"", ""unions"", ""they"", ""protect"", ""these"", ""nazis"", ""in"", ""blue"", ""uniforms"", ""we"", ""see"", ""out"", ""there"", ""terrorizing"", ""people""]",offensive,Caucasian,"[1, 1, 1, 1, 1, 1, 1, 1, 1, 1, 1, 1, 1, 1, 1, 1, 1, 1, 1, 1]","[""we"", ""need"", ""to"", ""take"", ""on"", ""police"", ""unions"", ""they"", ""protect"", ""these"", ""nazis"", ""in"", ""blue"", ""uniforms"", ""we"", ""see"", ""out"", ""there"", ""terrorizing"", ""people""]",229,20,20,True,offensive,"[0, 0, 0, 0, 0, 0, 0, 0, 1, 1, 1, 1, 1, 1, 0, 0, 0, 0, 0, 0]","[""protect"", ""these"", ""nazis"", ""in"", ""blue"", ""uniforms""]"
1267990699967946755_twitter,val,on today ’ episode of white people virtue signaling,"[""on"", ""today"", ""\u2019"", ""episode"", ""of"", ""white"", ""people"", ""virtue"", ""signaling""]",normal,Caucasian,"[1, 1, 1, 1, 1, 1, 1, 1, 1]","[""on"", ""today"", ""\u2019"", ""episode"", ""of"", ""white"", ""people"", ""virtue"", ""signaling""]",203,9,9,True,offensive,"[0, 0, 0, 0, 0, 1, 1, 1, 1]","[""white"", ""people"", ""virtue"", ""signaling""]"
1267990699967946755_twitter,val,on today ’ episode of white people virtue signaling,"[""on"", ""today"", ""\u2019"", ""episode"", ""of"", ""white"", ""people"", ""virtue"", ""signaling""]",offensive,Caucasian,"[0, 0, 0, 0, 0, 1, 1, 1, 1]","[""white"", ""people"", ""virtue"", ""signaling""]",235,9,4,True,offensive,"[0, 0, 0, 0, 0, 1, 1, 1, 1]","[""white"", ""people"", ""virtue"", ""signaling""]"
1269683063908425734_twitter,train,<user> <user> mohamed didn ’ t keep any slaves you nazi bigot mohamed and islam are a religion of peace blacklivesmatteruk,"[""<user>"", ""<user>"", ""mohamed"", ""didn"", ""\u2019"", ""t"", ""keep"", ""any"", ""slaves"", ""you"", ""nazi"", ""bigot"", ""mohamed"", ""and"", ""islam"", ""are"", ""a"", ""religion"", ""of"", ""peace"", ""blacklivesmatteruk""]",offensive,Caucasian,"[0, 0, 0, 0, 0, 0, 0, 0, 0, 0, 1, 1, 0, 0, 0, 0, 0, 0, 0, 0, 0]","[""nazi"", ""bigot""]",207,21,2,True,offensive,"[0, 0, 0, 0, 0, 0, 0, 0, 0, 0, 1, 1, 0, 0, 0, 0, 0, 0, 0, 0, 0]","[""nazi"", ""bigot""]"
1270979246450761728_twitter,val,<user> <user> cunt ended up helping the nazis wanker,"[""<user>"", ""<user>"", ""cunt"", ""ended"", ""up"", ""helping"", ""the"", ""nazis"", ""wanker""]",offensive,Caucasian,"[0, 0, 1, 0, 0, 0, 0, 0, 1]","[""cunt"", ""wanker""]",206,9,2,True,offensive,"[0, 0, 1, 0, 0, 0, 0, 0, 1]","[""cunt"", ""wanker""]"
1271841805072506886_twitter,train,<user> bitch stay in your damn nazi lane we do not accept you,"[""<user>"", ""bitch"", ""stay"", ""in"", ""your"", ""damn"", ""nazi"", ""lane"", ""we"", ""do"", ""not"", ""accept"", ""you""]",hatespeech,Caucasian,"[0, 0, 0, 0, 0, 0, 1, 1, 0, 0, 0, 0, 0]","[""nazi"", ""lane""]",205,13,2,True,hatespeech,"[0, 0, 0, 0, 0, 0, 0, 0, 0, 0, 0, 0, 0]",[]
12719132_gab,train,yes irish people are essentially the blacks of whites and germans are the asians of whites its so obvious ch commenter,"[""yes"", ""irish"", ""people"", ""are"", ""essentially"", ""the"", ""blacks"", ""of"", ""whites"", ""and"", ""germans"", ""are"", ""the"", ""asians"", ""of"", ""whites"", ""its"", ""so"", ""obvious"", ""ch"", ""commenter""]",hatespeech,Caucasian,"[0, 1, 1, 1, 1, 1, 1, 1, 1, 1, 1, 1, 1, 1, 1, 1, 0, 0, 0, 0, 0]","[""irish"", ""people"", ""are"", ""essentially"", ""the"", ""blacks"", ""of"", ""whites"", ""and"", ""germans"", ""are"", ""the"", ""asians"", ""of"", ""whites""]",205,21,15,True,hatespeech,"[0, 1, 1, 1, 1, 0, 1, 1, 1, 0, 1, 1, 1, 1, 1, 1, 0, 0, 0, 0, 0]","[""irish"", ""people"", ""are"", ""essentially"", ""blacks"", ""of"", ""whites"", ""germans"", ""are"", ""the"", ""asians"", ""of"", ""whites""]"
12727769_gab,val,psa do not i repeat not trust your lily white ass cheeks to spray on sunscreens,"[""psa"", ""do"", ""not"", ""i"", ""repeat"", ""not"", ""trust"", ""your"", ""lily"", ""white"", ""ass"", ""cheeks"", ""to"", ""spray"", ""on"", ""sunscreens""]",offensive,Caucasian,"[0, 0, 0, 0, 0, 0, 0, 0, 1, 1, 1, 1, 0, 0, 0, 0]","[""lily"", ""white"", ""ass"", ""cheeks""]",202,16,4,True,offensive,"[0, 0, 0, 0, 0, 0, 0, 0, 1, 1, 1, 1, 0, 0, 0, 0]","[""lily"", ""white"", ""ass"", ""cheeks""]"
12727769_gab,val,psa do not i repeat not trust your lily white ass cheeks to spray on sunscreens,"[""psa"", ""do"", ""not"", ""i"", ""repeat"", ""not"", ""trust"", ""your"", ""lily"", ""white"", ""ass"", ""cheeks"", ""to"", ""spray"", ""on"", ""sunscreens""]",offensive,Caucasian,"[0, 0, 0, 0, 0, 0, 1, 1, 1, 1, 1, 1, 0, 0, 0, 0]","[""trust"", ""your"", ""lily"", ""white"", ""ass"", ""cheeks""]",200,16,6,True,offensive,"[0, 0, 0, 0, 0, 0, 0, 0, 1, 1, 1, 1, 0, 0, 0, 0]","[""lily"", ""white"", ""ass"", ""cheeks""]"
1273549264296140801_twitter,train,i hope i die cause i am white blacklivesmatter,"[""i"", ""hope"", ""i"", ""die"", ""cause"", ""i"", ""am"", ""white"", ""blacklivesmatter""]",normal,Caucasian,"[0, 1, 1, 1, 1, 1, 1, 1, 0]","[""hope"", ""i"", ""die"", ""cause"", ""i"", ""am"", ""white""]",212,9,7,True,hatespeech,"[0, 1, 1, 1, 1, 1, 1, 1, 0]","[""hope"", ""i"", ""die"", ""cause"", ""i"", ""am"", ""white""]"
12781022_gab,train,force normies to choose between well dressed white men with american flags and smelly commie faggots with soviet flags antifa attacks us in such a scenario they lose antifa does not attack us they lose,"[""force"", ""normies"", ""to"", ""choose"", ""between"", ""well"", ""dressed"", ""white"", ""men"", ""with"", ""american"", ""flags"", ""and"", ""smelly"", ""commie"", ""faggots"", ""with"", ""soviet"", ""flags"", ""antifa"", ""attacks"", ""us"", ""in"", ""such"", ""a"", ""scenario"", ""they"", ""lose"", ""antifa"", ""does"", ""not"", ""attack"", ""us"", ""they"", ""lose""]",offensive,Caucasian,"[0, 0, 0, 0, 0, 0, 0, 0, 0, 0, 0, 0, 0, 1, 1, 1, 0, 0, 0, 0, 0, 0, 0, 0, 0, 0, 0, 0, 0, 0, 0, 0, 0, 0, 0]","[""smelly"", ""commie"", ""faggots""]",202,35,3,True,offensive,"[0, 0, 0, 0, 0, 0, 0, 0, 0, 0, 0, 0, 0, 1, 1, 1, 0, 0, 0, 0, 0, 0, 0, 0, 0, 0, 0, 0, 0, 0, 0, 0, 0, 0, 0]","[""smelly"", ""commie"", ""faggots""]"
1278537386432004096_twitter,train,<user> you ’ re nazi omg that you ’ re a moron,"[""<user>"", ""you"", ""\u2019"", ""re"", ""nazi"", ""omg"", ""that"", ""you"", ""\u2019"", ""re"", ""a"", ""moron""]",offensive,Caucasian,"[0, 1, 1, 1, 1, 1, 1, 1, 1, 1, 1, 1]","[""you"", ""\u2019"", ""re"", ""nazi"", ""omg"", ""that"", ""you"", ""\u2019"", ""re"", ""a"", ""moron""]",207,12,11,True,offensive,"[0, 0, 0, 0, 1, 1, 0, 0, 0, 0, 0, 0]","[""nazi"", ""omg""]"
12802903_gab,val,only white people will preserve our whiteculture and europeanheritage tradlife altright,"[""only"", ""white"", ""people"", ""will"", ""preserve"", ""our"", ""whiteculture"", ""and"", ""europeanheritage"", ""tradlife"", ""altright""]",hatespeech,Caucasian,"[1, 1, 1, 0, 0, 0, 0, 0, 0, 0, 0]","[""only"", ""white"", ""people""]",210,11,3,True,hatespeech,"[1, 1, 1, 0, 0, 0, 0, 0, 0, 0, 0]","[""only"", ""white"", ""people""]"
12852525_gab,train,now theres the inner nazi comming out just like most white people blacklivesmatter,"[""now"", ""theres"", ""the"", ""inner"", ""nazi"", ""comming"", ""out"", ""just"", ""like"", ""most"", ""white"", ""people"", ""blacklivesmatter""]",hatespeech,Caucasian,"[0, 0, 0, 1, 1, 0, 0, 1, 1, 1, 1, 1, 0]","[""inner"", ""nazi"", ""just"", ""like"", ""most"", ""white"", ""people""]",208,13,7,True,offensive,"[0, 0, 0, 1, 1, 0, 0, 0, 0, 0, 0, 0, 0]","[""inner"", ""nazi""]"
12852525_gab,train,now theres the inner nazi comming out just like most white people blacklivesmatter,"[""now"", ""theres"", ""the"", ""inner"", ""nazi"", ""comming"", ""out"", ""just"", ""like"", ""most"", ""white"", ""people"", ""blacklivesmatter""]",offensive,Caucasian,"[0, 0, 0, 1, 1, 1, 1, 0, 0, 0, 0, 0, 0]","[""inner"", ""nazi"", ""comming"", ""out""]",227,13,4,True,offensive,"[0, 0, 0, 1, 1, 0, 0, 0, 0, 0, 0, 0, 0]","[""inner"", ""nazi""]"
12852769_gab,train,so the average european is welcoming these nigger and sandnigger rapists into their cities towns and villages,"[""so"", ""the"", ""average"", ""european"", ""is"", ""welcoming"", ""these"", ""nigger"", ""and"", ""sandnigger"", ""rapists"", ""into"", ""their"", ""cities"", ""towns"", ""and"", ""villages""]",offensive,Caucasian,"[0, 0, 0, 0, 0, 0, 0, 1, 0, 1, 1, 0, 0, 0, 0, 0, 0]","[""nigger"", ""sandnigger"", ""rapists""]",202,17,3,True,offensive,"[0, 0, 0, 0, 0, 0, 0, 1, 0, 1, 1, 0, 0, 0, 0, 0, 0]","[""nigger"", ""sandnigger"", ""rapists""]"
12861638_gab,val,tolerable slavs spanish italians greek hapas japanese maybe koreans chinese enemies blacks arabs south central americans mezistos mulatos indians pakis south east asians jews all ethnic even partially any mixes of these,"[""tolerable"", ""slavs"", ""spanish"", ""italians"", ""greek"", ""hapas"", ""japanese"", ""maybe"", ""koreans"", ""chinese"", ""enemies"", ""blacks"", ""arabs"", ""south"", ""central"", ""americans"", ""mezistos"", ""mulatos"", ""indians"", ""pakis"", ""south"", ""east"", ""asians"", ""jews"", ""all"", ""ethnic"", ""even"", ""partially"", ""any"", ""mixes"", ""of"", ""these""]",hatespeech,Caucasian,"[0, 0, 0, 0, 0, 0, 0, 0, 0, 0, 1, 1, 1, 1, 1, 1, 1, 1, 1, 1, 1, 1, 1, 1, 1, 1, 1, 1, 1, 1, 1, 1]","[""enemies"", ""blacks"", ""arabs"", ""south"", ""central"", ""americans"", ""mezistos"", ""mulatos"", ""indians"", ""pakis"", ""south"", ""east"", ""asians"", ""jews"", ""all"", ""ethnic"", ""even"", ""partially"", ""any"", ""mixes"", ""of"", ""these""]",199,32,22,True,offensive,"[0, 0, 0, 0, 0, 0, 0, 0, 0, 0, 1, 1, 1, 1, 1, 1, 1, 1, 1, 1, 1, 1, 1, 1, 1, 1, 1, 1, 1, 1, 1, 1]","[""enemies"", ""blacks"", ""arabs"", ""south"", ""central"", ""americans"", ""mezistos"", ""mulatos"", ""indians"", ""pakis"", ""south"", ""east"", ""asians"", ""jews"", ""all"", ""ethnic"", ""even"", ""partially"", ""any"", ""mixes"", ""of"", ""these""]"
12971835_gab,train,these deer in the headlights idiots were the contenders to lead canada third most popular party the ndp socialist and stupid by nature the raghead won because race trumps gender but the wog bitch is pulling a hillary it was misogyny eh the two white guys never had a chance,"[""these"", ""deer"", ""in"", ""the"", ""headlights"", ""idiots"", ""were"", ""the"", ""contenders"", ""to"", ""lead"", ""canada"", ""third"", ""most"", ""popular"", ""party"", ""the"", ""ndp"", ""socialist"", ""and"", ""stupid"", ""by"", ""nature"", ""the"", ""raghead"", ""won"", ""because"", ""race"", ""trumps"", ""gender"", ""but"", ""the"", ""wog"", ""bitch"", ""is"", ""pulling"", ""a"", ""hillary"", ""it"", ""was"", ""misogyny"", ""eh"", ""the"", ""two"", ""white"", ""guys"", ""never"", ""had"", ""a"", ""chance""]",offensive,Caucasian,"[0, 0, 0, 0, 0, 0, 0, 0, 0, 0, 0, 0, 0, 0, 0, 0, 0, 0, 0, 0, 0, 0, 0, 0, 1, 0, 0, 0, 0, 0, 0, 0, 0, 0, 0, 0, 0, 0, 0, 0, 0, 0, 0, 0, 0, 0, 0, 0, 0, 0]","[""raghead""]",201,50,1,True,hatespeech,"[0, 0, 0, 0, 0, 0, 0, 0, 0, 0, 0, 0, 0, 0, 0, 0, 0, 0, 0, 0, 0, 0, 0, 0, 1, 0, 0, 0, 0, 0, 0, 0, 0, 0, 0, 0, 0, 0, 0, 0, 0, 0, 0, 0, 0, 0, 0, 0, 0, 0]","[""raghead""]"
13129921_gab,train,muzzeez do not like dogs blax hate whites blax love to harrass whites and play the ghetto lotto take your pick,"[""muzzeez"", ""do"", ""not"", ""like"", ""dogs"", ""blax"", ""hate"", ""whites"", ""blax"", ""love"", ""to"", ""harrass"", ""whites"", ""and"", ""play"", ""the"", ""ghetto"", ""lotto"", ""take"", ""your"", ""pick""]",offensive,Caucasian,"[1, 1, 1, 1, 1, 1, 1, 1, 1, 1, 1, 1, 1, 0, 0, 0, 0, 0, 0, 0, 0]","[""muzzeez"", ""do"", ""not"", ""like"", ""dogs"", ""blax"", ""hate"", ""whites"", ""blax"", ""love"", ""to"", ""harrass"", ""whites""]",232,21,13,True,hatespeech,"[1, 1, 1, 1, 1, 1, 1, 1, 1, 1, 1, 1, 0, 0, 0, 0, 0, 0, 0, 0, 0]","[""muzzeez"", ""do"", ""not"", ""like"", ""dogs"", ""blax"", ""hate"", ""whites"", ""blax"", ""love"", ""to"", ""harrass""]"
13130030_gab,train,white billionaires and one loser inbred smelly muzzie protecting their highly overpaid antique farm equipment being disrespectful jerk offs this far into the nfl season is somewhat surprising seeing the slow bleeding week after week is a bonus though,"[""white"", ""billionaires"", ""and"", ""one"", ""loser"", ""inbred"", ""smelly"", ""muzzie"", ""protecting"", ""their"", ""highly"", ""overpaid"", ""antique"", ""farm"", ""equipment"", ""being"", ""disrespectful"", ""jerk"", ""offs"", ""this"", ""far"", ""into"", ""the"", ""nfl"", ""season"", ""is"", ""somewhat"", ""surprising"", ""seeing"", ""the"", ""slow"", ""bleeding"", ""week"", ""after"", ""week"", ""is"", ""a"", ""bonus"", ""though""]",offensive,Caucasian,"[0, 0, 0, 0, 1, 1, 1, 1, 0, 0, 0, 0, 0, 0, 0, 0, 0, 0, 0, 0, 0, 0, 0, 0, 0, 0, 0, 0, 0, 0, 0, 0, 0, 0, 0, 0, 0, 0, 0]","[""loser"", ""inbred"", ""smelly"", ""muzzie""]",205,39,4,True,offensive,"[0, 0, 0, 0, 0, 0, 1, 1, 0, 0, 0, 0, 0, 0, 0, 0, 0, 0, 0, 0, 0, 0, 0, 0, 0, 0, 0, 0, 0, 0, 0, 0, 0, 0, 0, 0, 0, 0, 0]","[""smelly"", ""muzzie""]"
13155723_gab,train,common sense says the solution to every problem in the world is white men jews say the problem with everything in the world is white men it would seem that jews are a problem,"[""common"", ""sense"", ""says"", ""the"", ""solution"", ""to"", ""every"", ""problem"", ""in"", ""the"", ""world"", ""is"", ""white"", ""men"", ""jews"", ""say"", ""the"", ""problem"", ""with"", ""everything"", ""in"", ""the"", ""world"", ""is"", ""white"", ""men"", ""it"", ""would"", ""seem"", ""that"", ""jews"", ""are"", ""a"", ""problem""]",offensive,Caucasian,"[0, 0, 0, 0, 0, 0, 0, 0, 0, 0, 0, 0, 0, 0, 0, 0, 0, 0, 0, 0, 0, 0, 0, 0, 0, 0, 0, 0, 0, 1, 1, 1, 1, 0]","[""that"", ""jews"", ""are"", ""a""]",199,34,4,True,offensive,"[0, 0, 0, 0, 0, 0, 0, 0, 0, 0, 0, 0, 0, 0, 0, 0, 0, 0, 0, 0, 0, 0, 0, 0, 0, 0, 0, 0, 0, 0, 1, 1, 1, 0]","[""jews"", ""are"", ""a""]"
13174721_gab,train,no white person should ever work for any jew not ever for any reason,"[""no"", ""white"", ""person"", ""should"", ""ever"", ""work"", ""for"", ""any"", ""jew"", ""not"", ""ever"", ""for"", ""any"", ""reason""]",offensive,Caucasian,"[1, 1, 1, 1, 1, 1, 1, 1, 1, 0, 0, 0, 0, 0]","[""no"", ""white"", ""person"", ""should"", ""ever"", ""work"", ""for"", ""any"", ""jew""]",202,14,9,True,hatespeech,"[0, 1, 1, 0, 0, 0, 0, 1, 1, 0, 0, 0, 0, 0]","[""white"", ""person"", ""any"", ""jew""]"
13225377_gab,val,lol i did not want to run out of space but do not forget deplorable redneck bible clinging gun toting homo hating science deniers,"[""lol"", ""i"", ""did"", ""not"", ""want"", ""to"", ""run"", ""out"", ""of"", ""space"", ""but"", ""do"", ""not"", ""forget"", ""deplorable"", ""redneck"", ""bible"", ""clinging"", ""gun"", ""toting"", ""homo"", ""hating"", ""science"", ""deniers""]",hatespeech,Caucasian,"[0, 0, 0, 0, 0, 0, 0, 0, 0, 0, 0, 0, 0, 0, 1, 1, 1, 1, 0, 0, 1, 1, 1, 1]","[""deplorable"", ""redneck"", ""bible"", ""clinging"", ""homo"", ""hating"", ""science"", ""deniers""]",202,24,8,True,hatespeech,"[0, 0, 0, 0, 0, 0, 0, 0, 0, 0, 0, 0, 0, 0, 1, 1, 0, 0, 0, 0, 1, 1, 0, 0]","[""deplorable"", ""redneck"", ""homo"", ""hating""]"
13253575_gab,train,amusing to think that white people will never be given a referendum on expelling the jews from our nations when you think about things in such terms it becomes abundantly clear that we are expected by our governments to suffer jewish parasitism without the right to defend ourselves,"[""amusing"", ""to"", ""think"", ""that"", ""white"", ""people"", ""will"", ""never"", ""be"", ""given"", ""a"", ""referendum"", ""on"", ""expelling"", ""the"", ""jews"", ""from"", ""our"", ""nations"", ""when"", ""you"", ""think"", ""about"", ""things"", ""in"", ""such"", ""terms"", ""it"", ""becomes"", ""abundantly"", ""clear"", ""that"", ""we"", ""are"", ""expected"", ""by"", ""our"", ""governments"", ""to"", ""suffer"", ""jewish"", ""parasitism"", ""without"", ""the"", ""right"", ""to"", ""defend"", ""ourselves""]",offensive,Caucasian,"[0, 0, 0, 0, 0, 0, 0, 0, 0, 0, 0, 0, 0, 1, 1, 1, 1, 1, 1, 0, 0, 0, 0, 0, 0, 0, 0, 0, 0, 0, 0, 0, 0, 0, 0, 0, 0, 0, 0, 0, 1, 1, 0, 0, 0, 0, 0, 0]","[""expelling"", ""the"", ""jews"", ""from"", ""our"", ""nations"", ""jewish"", ""parasitism""]",203,48,8,True,offensive,"[0, 0, 0, 0, 0, 0, 0, 0, 0, 0, 0, 0, 0, 1, 1, 1, 1, 1, 1, 0, 0, 0, 0, 0, 0, 0, 0, 0, 0, 0, 0, 0, 0, 0, 0, 0, 0, 0, 0, 0, 1, 1, 0, 0, 0, 0, 0, 0]","[""expelling"", ""the"", ""jews"", ""from"", ""our"", ""nations"", ""jewish"", ""parasitism""]"
13254628_gab,train,no one cares what that overpaid wigger thinks,"[""no"", ""one"", ""cares"", ""what"", ""that"", ""overpaid"", ""wigger"", ""thinks""]",hatespeech,Caucasian,"[0, 0, 0, 0, 0, 1, 1, 0]","[""overpaid"", ""wigger""]",210,8,2,True,hatespeech,"[0, 0, 0, 0, 0, 1, 1, 0]","[""overpaid"", ""wigger""]"
13254628_gab,train,no one cares what that overpaid wigger thinks,"[""no"", ""one"", ""cares"", ""what"", ""that"", ""overpaid"", ""wigger"", ""thinks""]",offensive,Caucasian,"[0, 0, 0, 0, 0, 1, 1, 1]","[""overpaid"", ""wigger"", ""thinks""]",220,8,3,True,hatespeech,"[0, 0, 0, 0, 0, 1, 1, 0]","[""overpaid"", ""wigger""]"
13277897_gab,train,well the bible says david was a fair and ruddy boy and jesus is directly descended from the line of david so that does not sound like a nigger to me maybe you should read the bible and stop watching kike propaganda,"[""well"", ""the"", ""bible"", ""says"", ""david"", ""was"", ""a"", ""fair"", ""and"", ""ruddy"", ""boy"", ""and"", ""jesus"", ""is"", ""directly"", ""descended"", ""from"", ""the"", ""line"", ""of"", ""david"", ""so"", ""that"", ""does"", ""not"", ""sound"", ""like"", ""a"", ""nigger"", ""to"", ""me"", ""maybe"", ""you"", ""should"", ""read"", ""the"", ""bible"", ""and"", ""stop"", ""watching"", ""kike"", ""propaganda""]",hatespeech,Caucasian,"[0, 0, 0, 0, 0, 0, 0, 0, 0, 0, 0, 0, 0, 0, 0, 0, 0, 0, 0, 0, 0, 0, 0, 0, 0, 0, 0, 0, 1, 0, 0, 0, 0, 0, 0, 0, 0, 0, 0, 0, 1, 0]","[""nigger"", ""kike""]",199,42,2,True,hatespeech,"[0, 0, 0, 0, 0, 0, 0, 0, 0, 0, 0, 0, 0, 0, 0, 0, 0, 0, 0, 0, 0, 0, 0, 0, 0, 0, 0, 0, 1, 0, 0, 0, 0, 0, 0, 0, 0, 0, 0, 0, 1, 0]","[""nigger"", ""kike""]"
13279118_gab,train,weak milquetoast faggots like you will never change america you are just another civic nationalist cuckold pussy too scared to even talk about race because you are such a chickenshit so scared like a woman of being called a wayciss or a white supwemasiss lol what a nutless coward,"[""weak"", ""milquetoast"", ""faggots"", ""like"", ""you"", ""will"", ""never"", ""change"", ""america"", ""you"", ""are"", ""just"", ""another"", ""civic"", ""nationalist"", ""cuckold"", ""pussy"", ""too"", ""scared"", ""to"", ""even"", ""talk"", ""about"", ""race"", ""because"", ""you"", ""are"", ""such"", ""a"", ""chickenshit"", ""so"", ""scared"", ""like"", ""a"", ""woman"", ""of"", ""being"", ""called"", ""a"", ""wayciss"", ""or"", ""a"", ""white"", ""supwemasiss"", ""lol"", ""what"", ""a"", ""nutless"", ""coward""]",hatespeech,Caucasian,"[1, 1, 1, 0, 0, 0, 0, 0, 0, 0, 0, 0, 0, 0, 0, 1, 1, 0, 0, 0, 0, 0, 0, 0, 0, 0, 0, 0, 0, 0, 0, 0, 0, 0, 0, 0, 0, 0, 0, 0, 0, 0, 0, 0, 0, 0, 0, 1, 1]","[""weak"", ""milquetoast"", ""faggots"", ""cuckold"", ""pussy"", ""nutless"", ""coward""]",204,49,7,True,hatespeech,"[1, 1, 1, 0, 0, 0, 0, 0, 0, 0, 0, 0, 0, 0, 0, 1, 1, 0, 0, 0, 0, 0, 0, 0, 0, 0, 0, 0, 0, 0, 0, 0, 0, 0, 0, 0, 0, 0, 0, 0, 0, 0, 0, 0, 0, 0, 0, 1, 1]","[""weak"", ""milquetoast"", ""faggots"", ""cuckold"", ""pussy"", ""nutless"", ""coward""]"
13291541_gab,train,no they do not if what you consider to be races you refer to negroes caucasians and asians mongoloids i assure you that i attend churches of christ with all three represented,"[""no"", ""they"", ""do"", ""not"", ""if"", ""what"", ""you"", ""consider"", ""to"", ""be"", ""races"", ""you"", ""refer"", ""to"", ""negroes"", ""caucasians"", ""and"", ""asians"", ""mongoloids"", ""i"", ""assure"", ""you"", ""that"", ""i"", ""attend"", ""churches"", ""of"", ""christ"", ""with"", ""all"", ""three"", ""represented""]",hatespeech,Caucasian,"[0, 0, 0, 0, 0, 0, 0, 0, 0, 0, 0, 0, 0, 0, 1, 0, 0, 0, 0, 0, 0, 0, 0, 0, 0, 0, 0, 0, 0, 0, 0, 0]","[""negroes""]",210,32,1,True,hatespeech,"[0, 0, 0, 0, 0, 0, 0, 0, 0, 0, 0, 0, 0, 0, 1, 0, 0, 0, 0, 0, 0, 0, 0, 0, 0, 0, 0, 0, 0, 0, 0, 0]","[""negroes""]"
13291541_gab,train,no they do not if what you consider to be races you refer to negroes caucasians and asians mongoloids i assure you that i attend churches of christ with all three represented,"[""no"", ""they"", ""do"", ""not"", ""if"", ""what"", ""you"", ""consider"", ""to"", ""be"", ""races"", ""you"", ""refer"", ""to"", ""negroes"", ""caucasians"", ""and"", ""asians"", ""mongoloids"", ""i"", ""assure"", ""you"", ""that"", ""i"", ""attend"", ""churches"", ""of"", ""christ"", ""with"", ""all"", ""three"", ""represented""]",normal,Caucasian,"[0, 0, 0, 0, 0, 0, 0, 0, 0, 0, 0, 0, 0, 0, 1, 1, 1, 1, 1, 0, 0, 0, 0, 0, 0, 0, 0, 0, 0, 0, 0, 0]","[""negroes"", ""caucasians"", ""and"", ""asians"", ""mongoloids""]",201,32,5,True,hatespeech,"[0, 0, 0, 0, 0, 0, 0, 0, 0, 0, 0, 0, 0, 0, 1, 0, 0, 0, 0, 0, 0, 0, 0, 0, 0, 0, 0, 0, 0, 0, 0, 0]","[""negroes""]"
13443012_gab,train,nothing to say really i hope she doesn t get raped or get called a whitey poor buggar she got a pretty shitty life ahead of her,"[""nothing"", ""to"", ""say"", ""really"", ""i"", ""hope"", ""she"", ""doesn"", ""t"", ""get"", ""raped"", ""or"", ""get"", ""called"", ""a"", ""whitey"", ""poor"", ""buggar"", ""she"", ""got"", ""a"", ""pretty"", ""shitty"", ""life"", ""ahead"", ""of"", ""her""]",offensive,Caucasian,"[0, 0, 0, 0, 0, 0, 0, 0, 0, 0, 1, 1, 1, 1, 1, 1, 0, 0, 0, 0, 0, 0, 0, 0, 0, 0, 0]","[""raped"", ""or"", ""get"", ""called"", ""a"", ""whitey""]",221,27,6,True,offensive,"[0, 0, 0, 0, 0, 0, 0, 0, 0, 0, 1, 1, 1, 1, 1, 1, 0, 0, 0, 0, 0, 0, 0, 0, 0, 0, 0]","[""raped"", ""or"", ""get"", ""called"", ""a"", ""whitey""]"
13450096_gab,val,does anyone recognize this google girl we are supposed to be celebrating she is a random brown person i cannot remember the last time anyone that could be recognized as a white man specifically has been hurrahed by google for no particular reason,"[""does"", ""anyone"", ""recognize"", ""this"", ""google"", ""girl"", ""we"", ""are"", ""supposed"", ""to"", ""be"", ""celebrating"", ""she"", ""is"", ""a"", ""random"", ""brown"", ""person"", ""i"", ""cannot"", ""remember"", ""the"", ""last"", ""time"", ""anyone"", ""that"", ""could"", ""be"", ""recognized"", ""as"", ""a"", ""white"", ""man"", ""specifically"", ""has"", ""been"", ""hurrahed"", ""by"", ""google"", ""for"", ""no"", ""particular"", ""reason""]",offensive,Caucasian,"[0, 0, 0, 0, 0, 0, 0, 0, 0, 0, 0, 0, 1, 1, 1, 1, 1, 1, 0, 0, 0, 0, 0, 0, 0, 0, 0, 0, 0, 0, 0, 0, 0, 0, 0, 0, 0, 0, 0, 0, 0, 0, 0]","[""she"", ""is"", ""a"", ""random"", ""brown"", ""person""]",199,43,6,True,offensive,"[0, 0, 0, 0, 0, 0, 0, 0, 0, 0, 0, 0, 0, 0, 0, 1, 1, 1, 0, 0, 0, 0, 0, 0, 0, 0, 0, 0, 0, 0, 0, 0, 0, 0, 0, 0, 0, 0, 0, 0, 0, 0, 0]","[""random"", ""brown"", ""person""]"
13650059_gab,train,he got follower in presiden of s_africa jacob gedleyihlekisa zuma expelled all white farmers,"[""he"", ""got"", ""follower"", ""in"", ""presiden"", ""of"", ""s_africa"", ""jacob"", ""gedleyihlekisa"", ""zuma"", ""expelled"", ""all"", ""white"", ""farmers""]",normal,Caucasian,"[0, 0, 0, 0, 1, 1, 1, 1, 1, 1, 1, 1, 1, 1]","[""presiden"", ""of"", ""s_africa"", ""jacob"", ""gedleyihlekisa"", ""zuma"", ""expelled"", ""all"", ""white"", ""farmers""]",222,14,10,True,offensive,"[0, 0, 0, 0, 0, 0, 0, 0, 0, 1, 1, 1, 1, 1]","[""zuma"", ""expelled"", ""all"", ""white"", ""farmers""]"
13650059_gab,train,he got follower in presiden of s_africa jacob gedleyihlekisa zuma expelled all white farmers,"[""he"", ""got"", ""follower"", ""in"", ""presiden"", ""of"", ""s_africa"", ""jacob"", ""gedleyihlekisa"", ""zuma"", ""expelled"", ""all"", ""white"", ""farmers""]",offensive,Caucasian,"[0, 0, 0, 0, 0, 0, 0, 0, 0, 1, 1, 1, 1, 1]","[""zuma"", ""expelled"", ""all"", ""white"", ""farmers""]",199,14,5,True,offensive,"[0, 0, 0, 0, 0, 0, 0, 0, 0, 1, 1, 1, 1, 1]","[""zuma"", ""expelled"", ""all"", ""white"", ""farmers""]"
13651700_gab,train,<user> you really are retarded you know that you can not even string a single sentence together but you want us to believe you are an intellectual european please look at this person posts it illiterate trash,"[""<user>"", ""you"", ""really"", ""are"", ""retarded"", ""you"", ""know"", ""that"", ""you"", ""can"", ""not"", ""even"", ""string"", ""a"", ""single"", ""sentence"", ""together"", ""but"", ""you"", ""want"", ""us"", ""to"", ""believe"", ""you"", ""are"", ""an"", ""intellectual"", ""european"", ""please"", ""look"", ""at"", ""this"", ""person"", ""posts"", ""it"", ""illiterate"", ""trash""]",offensive,Caucasian,"[0, 1, 1, 1, 1, 1, 1, 1, 0, 0, 0, 0, 0, 0, 0, 0, 0, 1, 1, 1, 1, 1, 1, 1, 1, 1, 1, 1, 0, 0, 0, 0, 0, 0, 1, 1, 1]","[""you"", ""really"", ""are"", ""retarded"", ""you"", ""know"", ""that"", ""but"", ""you"", ""want"", ""us"", ""to"", ""believe"", ""you"", ""are"", ""an"", ""intellectual"", ""european"", ""it"", ""illiterate"", ""trash""]",205,37,21,True,offensive,"[0, 0, 0, 0, 1, 0, 0, 0, 0, 0, 0, 0, 0, 0, 0, 0, 0, 0, 0, 0, 0, 0, 0, 0, 0, 0, 0, 0, 0, 0, 0, 0, 0, 0, 0, 0, 0]","[""retarded""]"
13721593_gab,train,he is correct though only because such folk are more intelligent than dark skinned persons but can whites claim to be discriminated against by the orientals and other asians who are better at mathematics than us,"[""he"", ""is"", ""correct"", ""though"", ""only"", ""because"", ""such"", ""folk"", ""are"", ""more"", ""intelligent"", ""than"", ""dark"", ""skinned"", ""persons"", ""but"", ""can"", ""whites"", ""claim"", ""to"", ""be"", ""discriminated"", ""against"", ""by"", ""the"", ""orientals"", ""and"", ""other"", ""asians"", ""who"", ""are"", ""better"", ""at"", ""mathematics"", ""than"", ""us""]",offensive,Caucasian,"[0, 0, 0, 0, 0, 0, 1, 1, 1, 1, 1, 1, 1, 1, 1, 0, 0, 0, 0, 0, 0, 0, 0, 0, 0, 0, 0, 0, 0, 0, 0, 0, 0, 0, 0, 0]","[""such"", ""folk"", ""are"", ""more"", ""intelligent"", ""than"", ""dark"", ""skinned"", ""persons""]",245,36,9,True,offensive,"[0, 0, 0, 0, 0, 0, 1, 1, 1, 1, 1, 1, 1, 1, 1, 0, 0, 0, 0, 0, 0, 0, 0, 0, 0, 0, 0, 0, 0, 0, 0, 0, 0, 0, 0, 0]","[""such"", ""folk"", ""are"", ""more"", ""intelligent"", ""than"", ""dark"", ""skinned"", ""persons""]"
13749051_gab,train,we were not paid we were threatened by the globalists and their calls for one worldoligarchy by the blacks and their home invasions and muggings by muslims and their terror and by the commies and their calls for white genocide who pays you,"[""we"", ""were"", ""not"", ""paid"", ""we"", ""were"", ""threatened"", ""by"", ""the"", ""globalists"", ""and"", ""their"", ""calls"", ""for"", ""one"", ""worldoligarchy"", ""by"", ""the"", ""blacks"", ""and"", ""their"", ""home"", ""invasions"", ""and"", ""muggings"", ""by"", ""muslims"", ""and"", ""their"", ""terror"", ""and"", ""by"", ""the"", ""commies"", ""and"", ""their"", ""calls"", ""for"", ""white"", ""genocide"", ""who"", ""pays"", ""you""]",hatespeech,Caucasian,"[0, 0, 0, 0, 0, 0, 0, 0, 0, 0, 0, 0, 0, 0, 0, 0, 0, 0, 1, 1, 1, 1, 1, 1, 1, 1, 1, 0, 0, 0, 0, 0, 0, 1, 0, 0, 1, 1, 1, 1, 0, 0, 0]","[""blacks"", ""and"", ""their"", ""home"", ""invasions"", ""and"", ""muggings"", ""by"", ""muslims"", ""commies"", ""calls"", ""for"", ""white"", ""genocide""]",199,43,14,True,offensive,"[0, 0, 0, 0, 0, 0, 0, 0, 0, 0, 0, 0, 0, 0, 0, 0, 0, 0, 1, 1, 1, 1, 1, 1, 1, 1, 1, 0, 0, 0, 0, 0, 0, 1, 0, 0, 1, 1, 1, 1, 0, 0, 0]","[""blacks"", ""and"", ""their"", ""home"", ""invasions"", ""and"", ""muggings"", ""by"", ""muslims"", ""commies"", ""calls"", ""for"", ""white"", ""genocide""]"
13786548_gab,train,they already are by default abortion is slowing down whitegenocide and pro lifers are always crying about how many black babies are aborted pulling the retarded liberals are the real racists talking point anti abortion polices combined with mass non white migration is the last thing we need,"[""they"", ""already"", ""are"", ""by"", ""default"", ""abortion"", ""is"", ""slowing"", ""down"", ""whitegenocide"", ""and"", ""pro"", ""lifers"", ""are"", ""always"", ""crying"", ""about"", ""how"", ""many"", ""black"", ""babies"", ""are"", ""aborted"", ""pulling"", ""the"", ""retarded"", ""liberals"", ""are"", ""the"", ""real"", ""racists"", ""talking"", ""point"", ""anti"", ""abortion"", ""polices"", ""combined"", ""with"", ""mass"", ""non"", ""white"", ""migration"", ""is"", ""the"", ""last"", ""thing"", ""we"", ""need""]",hatespeech,Caucasian,"[0, 0, 0, 0, 0, 0, 0, 0, 0, 0, 0, 0, 0, 0, 0, 0, 0, 0, 0, 0, 0, 0, 0, 0, 0, 1, 1, 1, 1, 1, 1, 0, 0, 0, 0, 0, 0, 0, 0, 0, 0, 0, 0, 0, 0, 0, 0, 0]","[""retarded"", ""liberals"", ""are"", ""the"", ""real"", ""racists""]",199,48,6,True,offensive,"[0, 0, 0, 0, 0, 0, 0, 0, 0, 0, 0, 0, 0, 0, 0, 0, 0, 0, 0, 0, 0, 0, 0, 0, 0, 1, 0, 0, 0, 0, 0, 0, 0, 0, 0, 0, 0, 0, 0, 0, 0, 0, 0, 0, 0, 0, 0, 0]","[""retarded""]"
13813720_gab,train,the retarded cowboy himself,"[""the"", ""retarded"", ""cowboy"", ""himself""]",hatespeech,Caucasian,"[0, 1, 0, 0]","[""retarded""]",211,4,1,True,offensive,"[0, 1, 0, 0]","[""retarded""]"
13818298_gab,train,i am just getting exhausted begging you to define race so far you have presented an article which you claim proves that blue eyes define caucasians so are blue eyed detroit blacks caucasians,"[""i"", ""am"", ""just"", ""getting"", ""exhausted"", ""begging"", ""you"", ""to"", ""define"", ""race"", ""so"", ""far"", ""you"", ""have"", ""presented"", ""an"", ""article"", ""which"", ""you"", ""claim"", ""proves"", ""that"", ""blue"", ""eyes"", ""define"", ""caucasians"", ""so"", ""are"", ""blue"", ""eyed"", ""detroit"", ""blacks"", ""caucasians""]",offensive,Caucasian,"[0, 0, 0, 0, 0, 0, 0, 0, 0, 0, 0, 0, 0, 0, 0, 0, 0, 0, 0, 0, 0, 0, 0, 0, 0, 0, 0, 0, 1, 1, 1, 1, 1]","[""blue"", ""eyed"", ""detroit"", ""blacks"", ""caucasians""]",205,33,5,True,offensive,"[0, 0, 0, 0, 0, 0, 0, 0, 0, 0, 0, 0, 0, 0, 0, 0, 0, 0, 0, 0, 0, 0, 0, 0, 0, 0, 0, 0, 1, 1, 1, 1, 1]","[""blue"", ""eyed"", ""detroit"", ""blacks"", ""caucasians""]"
13853158_gab,train,so basically common core dumbs down curriculum to make it easier for minorities to pass while simultaneously dumbing down the higher iq white students,"[""so"", ""basically"", ""common"", ""core"", ""dumbs"", ""down"", ""curriculum"", ""to"", ""make"", ""it"", ""easier"", ""for"", ""minorities"", ""to"", ""pass"", ""while"", ""simultaneously"", ""dumbing"", ""down"", ""the"", ""higher"", ""iq"", ""white"", ""students""]",offensive,Caucasian,"[0, 0, 1, 1, 1, 1, 1, 1, 1, 1, 1, 1, 1, 1, 1, 1, 1, 1, 1, 1, 1, 1, 1, 1]","[""common"", ""core"", ""dumbs"", ""down"", ""curriculum"", ""to"", ""make"", ""it"", ""easier"", ""for"", ""minorities"", ""to"", ""pass"", ""while"", ""simultaneously"", ""dumbing"", ""down"", ""the"", ""higher"", ""iq"", ""white"", ""students""]",217,24,22,True,offensive,"[0, 0, 0, 0, 0, 0, 0, 0, 0, 0, 1, 1, 1, 1, 1, 0, 0, 0, 0, 0, 0, 0, 0, 0]","[""easier"", ""for"", ""minorities"", ""to"", ""pass""]"
13853158_gab,train,so basically common core dumbs down curriculum to make it easier for minorities to pass while simultaneously dumbing down the higher iq white students,"[""so"", ""basically"", ""common"", ""core"", ""dumbs"", ""down"", ""curriculum"", ""to"", ""make"", ""it"", ""easier"", ""for"", ""minorities"", ""to"", ""pass"", ""while"", ""simultaneously"", ""dumbing"", ""down"", ""the"", ""higher"", ""iq"", ""white"", ""students""]",offensive,Caucasian,"[0, 0, 0, 0, 0, 0, 0, 0, 0, 0, 1, 1, 1, 1, 1, 0, 0, 0, 0, 0, 0, 0, 0, 0]","[""easier"", ""for"", ""minorities"", ""to"", ""pass""]",199,24,5,True,offensive,"[0, 0, 0, 0, 0, 0, 0, 0, 0, 0, 1, 1, 1, 1, 1, 0, 0, 0, 0, 0, 0, 0, 0, 0]","[""easier"", ""for"", ""minorities"", ""to"", ""pass""]"
1387111_gab,train,white women have really fucked this country up we will be a lot better off when they are extinct,"[""white"", ""women"", ""have"", ""really"", ""fucked"", ""this"", ""country"", ""up"", ""we"", ""will"", ""be"", ""a"", ""lot"", ""better"", ""off"", ""when"", ""they"", ""are"", ""extinct""]",hatespeech,Caucasian,"[1, 1, 1, 1, 1, 1, 1, 1, 1, 1, 1, 1, 1, 1, 1, 1, 1, 1, 1]","[""white"", ""women"", ""have"", ""really"", ""fucked"", ""this"", ""country"", ""up"", ""we"", ""will"", ""be"", ""a"", ""lot"", ""better"", ""off"", ""when"", ""they"", ""are"", ""extinct""]",200,19,19,True,hatespeech,"[1, 1, 1, 1, 1, 1, 1, 0, 0, 0, 0, 0, 0, 0, 0, 1, 1, 1, 1]","[""white"", ""women"", ""have"", ""really"", ""fucked"", ""this"", ""country"", ""when"", ""they"", ""are"", ""extinct""]"
13877415_gab,val,benny boy is just as anti white as the rest,"[""benny"", ""boy"", ""is"", ""just"", ""as"", ""anti"", ""white"", ""as"", ""the"", ""rest""]",normal,Caucasian,"[0, 0, 0, 0, 0, 1, 1, 0, 0, 0]","[""anti"", ""white""]",222,10,2,True,offensive,"[0, 0, 0, 0, 0, 1, 1, 0, 0, 0]","[""anti"", ""white""]"
13898842_gab,train,i have a suggestion for all white people that hate white people offer yourselves up as donors for heart transplants put an end to your miserable white life and save a dying muslim that way you can feel good about surrendering your life for a cause you love,"[""i"", ""have"", ""a"", ""suggestion"", ""for"", ""all"", ""white"", ""people"", ""that"", ""hate"", ""white"", ""people"", ""offer"", ""yourselves"", ""up"", ""as"", ""donors"", ""for"", ""heart"", ""transplants"", ""put"", ""an"", ""end"", ""to"", ""your"", ""miserable"", ""white"", ""life"", ""and"", ""save"", ""a"", ""dying"", ""muslim"", ""that"", ""way"", ""you"", ""can"", ""feel"", ""good"", ""about"", ""surrendering"", ""your"", ""life"", ""for"", ""a"", ""cause"", ""you"", ""love""]",hatespeech,Caucasian,"[0, 0, 0, 0, 0, 0, 0, 0, 0, 0, 0, 0, 0, 0, 0, 0, 0, 0, 0, 0, 1, 1, 1, 1, 1, 1, 1, 1, 1, 1, 1, 1, 1, 0, 0, 0, 0, 0, 0, 0, 0, 0, 0, 0, 0, 0, 0, 0]","[""put"", ""an"", ""end"", ""to"", ""your"", ""miserable"", ""white"", ""life"", ""and"", ""save"", ""a"", ""dying"", ""muslim""]",210,48,13,True,hatespeech,"[0, 0, 0, 0, 0, 0, 0, 0, 0, 0, 0, 0, 0, 0, 0, 0, 0, 0, 0, 0, 0, 0, 0, 0, 0, 0, 0, 0, 0, 0, 0, 0, 0, 0, 0, 0, 0, 0, 0, 0, 0, 0, 0, 0, 0, 0, 0, 0]",[]
13908102_gab,train,i am going to build you a brother fuck the sandniggers the arabs are pigs and here you are defending them these arabs are the ones raping your precious europeans but let not blame the muslims cuz muh zionists in israel did this bitch you are a cuck,"[""i"", ""am"", ""going"", ""to"", ""build"", ""you"", ""a"", ""brother"", ""fuck"", ""the"", ""sandniggers"", ""the"", ""arabs"", ""are"", ""pigs"", ""and"", ""here"", ""you"", ""are"", ""defending"", ""them"", ""these"", ""arabs"", ""are"", ""the"", ""ones"", ""raping"", ""your"", ""precious"", ""europeans"", ""but"", ""let"", ""not"", ""blame"", ""the"", ""muslims"", ""cuz"", ""muh"", ""zionists"", ""in"", ""israel"", ""did"", ""this"", ""bitch"", ""you"", ""are"", ""a"", ""cuck""]",hatespeech,Caucasian,"[0, 0, 0, 0, 0, 0, 0, 0, 1, 1, 1, 1, 1, 1, 1, 0, 0, 0, 0, 0, 0, 1, 1, 1, 1, 1, 1, 0, 0, 0, 0, 0, 0, 0, 0, 1, 1, 1, 1, 0, 1, 1, 1, 1, 1, 1, 1, 1]","[""fuck"", ""the"", ""sandniggers"", ""the"", ""arabs"", ""are"", ""pigs"", ""these"", ""arabs"", ""are"", ""the"", ""ones"", ""raping"", ""muslims"", ""cuz"", ""muh"", ""zionists"", ""israel"", ""did"", ""this"", ""bitch"", ""you"", ""are"", ""a"", ""cuck""]",199,48,25,True,hatespeech,"[0, 0, 0, 0, 0, 0, 0, 0, 0, 0, 1, 0, 0, 0, 0, 0, 0, 0, 0, 0, 0, 0, 0, 0, 0, 0, 0, 0, 0, 0, 0, 0, 0, 0, 0, 0, 0, 0, 0, 0, 0, 0, 0, 0, 0, 0, 0, 0]","[""sandniggers""]"
13941614_gab,train,if famous black millionaire athletes can not love this country that pretty decisive proof that blacks will never peaceably coexist w whites,"[""if"", ""famous"", ""black"", ""millionaire"", ""athletes"", ""can"", ""not"", ""love"", ""this"", ""country"", ""that"", ""pretty"", ""decisive"", ""proof"", ""that"", ""blacks"", ""will"", ""never"", ""peaceably"", ""coexist"", ""w"", ""whites""]",offensive,Caucasian,"[0, 0, 0, 0, 0, 0, 0, 0, 0, 0, 0, 0, 1, 1, 1, 1, 1, 1, 1, 1, 1, 1]","[""decisive"", ""proof"", ""that"", ""blacks"", ""will"", ""never"", ""peaceably"", ""coexist"", ""w"", ""whites""]",199,22,10,True,offensive,"[0, 0, 0, 0, 0, 0, 0, 0, 0, 0, 0, 0, 0, 0, 0, 1, 1, 1, 1, 1, 1, 1]","[""blacks"", ""will"", ""never"", ""peaceably"", ""coexist"", ""w"", ""whites""]"
13958256_gab,train,i am sorry but very nice people have assured us that before the evil lbj snookered blacks onto his ghetto reservations they never committed any crimes were doing better than whites and were busy working on cold fusion,"[""i"", ""am"", ""sorry"", ""but"", ""very"", ""nice"", ""people"", ""have"", ""assured"", ""us"", ""that"", ""before"", ""the"", ""evil"", ""lbj"", ""snookered"", ""blacks"", ""onto"", ""his"", ""ghetto"", ""reservations"", ""they"", ""never"", ""committed"", ""any"", ""crimes"", ""were"", ""doing"", ""better"", ""than"", ""whites"", ""and"", ""were"", ""busy"", ""working"", ""on"", ""cold"", ""fusion""]",normal,Caucasian,"[0, 0, 0, 0, 0, 0, 0, 0, 0, 0, 0, 0, 0, 1, 0, 1, 1, 1, 1, 1, 1, 0, 0, 0, 0, 0, 0, 0, 0, 0, 0, 0, 0, 0, 0, 0, 0, 0]","[""evil"", ""snookered"", ""blacks"", ""onto"", ""his"", ""ghetto"", ""reservations""]",232,38,7,True,hatespeech,"[0, 0, 0, 0, 0, 0, 0, 0, 0, 0, 0, 0, 0, 0, 0, 1, 1, 1, 1, 1, 1, 0, 0, 0, 0, 0, 0, 0, 0, 0, 0, 0, 0, 0, 0, 0, 0, 0]","[""snookered"", ""blacks"", ""onto"", ""his"", ""ghetto"", ""reservations""]"
13986283_gab,train,in the <number> <number> police hated pakis as we all did but it was the police who saw the results of pakis who battered and raped wives and daughters and prostituted them police thought any white girl with a paki was scum and deserved all she got,"[""in"", ""the"", ""<number>"", ""<number>"", ""police"", ""hated"", ""pakis"", ""as"", ""we"", ""all"", ""did"", ""but"", ""it"", ""was"", ""the"", ""police"", ""who"", ""saw"", ""the"", ""results"", ""of"", ""pakis"", ""who"", ""battered"", ""and"", ""raped"", ""wives"", ""and"", ""daughters"", ""and"", ""prostituted"", ""them"", ""police"", ""thought"", ""any"", ""white"", ""girl"", ""with"", ""a"", ""paki"", ""was"", ""scum"", ""and"", ""deserved"", ""all"", ""she"", ""got""]",offensive,Caucasian,"[0, 0, 0, 0, 1, 1, 1, 1, 1, 1, 1, 0, 1, 1, 1, 1, 1, 1, 1, 1, 1, 1, 1, 1, 1, 1, 1, 1, 1, 1, 1, 1, 1, 1, 1, 1, 1, 1, 1, 1, 1, 1, 1, 1, 1, 1, 1]","[""police"", ""hated"", ""pakis"", ""as"", ""we"", ""all"", ""did"", ""it"", ""was"", ""the"", ""police"", ""who"", ""saw"", ""the"", ""results"", ""of"", ""pakis"", ""who"", ""battered"", ""and"", ""raped"", ""wives"", ""and"", ""daughters"", ""and"", ""prostituted"", ""them"", ""police"", ""thought"", ""any"", ""white"", ""girl"", ""with"", ""a"", ""paki"", ""was"", ""scum"", ""and"", ""deserved"", ""all"", ""she"", ""got""]",241,47,42,True,hatespeech,"[0, 0, 0, 0, 1, 1, 1, 0, 0, 0, 0, 0, 0, 0, 0, 0, 0, 0, 0, 0, 0, 1, 1, 1, 1, 1, 1, 1, 1, 1, 1, 1, 0, 0, 0, 0, 0, 0, 0, 0, 0, 0, 0, 0, 0, 0, 0]","[""police"", ""hated"", ""pakis"", ""pakis"", ""who"", ""battered"", ""and"", ""raped"", ""wives"", ""and"", ""daughters"", ""and"", ""prostituted"", ""them""]"
14062473_gab,train,the british empire robbed the palestinian land for the wandering jews,"[""the"", ""british"", ""empire"", ""robbed"", ""the"", ""palestinian"", ""land"", ""for"", ""the"", ""wandering"", ""jews""]",hatespeech,Caucasian,"[1, 1, 1, 1, 1, 1, 1, 1, 1, 1, 1]","[""the"", ""british"", ""empire"", ""robbed"", ""the"", ""palestinian"", ""land"", ""for"", ""the"", ""wandering"", ""jews""]",206,11,11,True,offensive,"[0, 0, 0, 0, 0, 0, 0, 0, 0, 1, 1]","[""wandering"", ""jews""]"
14257831_gab,val,thank you that what i think too we are white spanairds are white hence hispanics are actually white and asians are yellow and africans are black there only <number> races,"[""thank"", ""you"", ""that"", ""what"", ""i"", ""think"", ""too"", ""we"", ""are"", ""white"", ""spanairds"", ""are"", ""white"", ""hence"", ""hispanics"", ""are"", ""actually"", ""white"", ""and"", ""asians"", ""are"", ""yellow"", ""and"", ""africans"", ""are"", ""black"", ""there"", ""only"", ""<number>"", ""races""]",offensive,Caucasian,"[0, 0, 0, 0, 0, 0, 0, 0, 0, 0, 0, 0, 0, 0, 0, 0, 0, 0, 0, 0, 0, 0, 0, 0, 0, 0, 0, 1, 1, 1]","[""only"", ""<number>"", ""races""]",200,30,3,True,offensive,"[0, 0, 0, 0, 0, 0, 0, 0, 0, 0, 0, 0, 0, 0, 0, 0, 0, 0, 0, 0, 0, 0, 0, 0, 0, 0, 0, 1, 1, 1]","[""only"", ""<number>"", ""races""]"
14311877_gab,test,honestly the only woman i would not ever date is a solid black woman hispanics are aye okay asians are qu3 <number> i do not have yellow fever anymore but white girls can be crazy ass folk indian and arab women maybe but they gotta be shaved no negotiating that shit,"[""honestly"", ""the"", ""only"", ""woman"", ""i"", ""would"", ""not"", ""ever"", ""date"", ""is"", ""a"", ""solid"", ""black"", ""woman"", ""hispanics"", ""are"", ""aye"", ""okay"", ""asians"", ""are"", ""qu3"", ""<number>"", ""i"", ""do"", ""not"", ""have"", ""yellow"", ""fever"", ""anymore"", ""but"", ""white"", ""girls"", ""can"", ""be"", ""crazy"", ""ass"", ""folk"", ""indian"", ""and"", ""arab"", ""women"", ""maybe"", ""but"", ""they"", ""gotta"", ""be"", ""shaved"", ""no"", ""negotiating"", ""that"", ""shit""]",hatespeech,Caucasian,"[0, 0, 0, 0, 0, 1, 1, 1, 1, 0, 0, 1, 1, 1, 0, 0, 0, 0, 0, 0, 0, 0, 0, 0, 0, 0, 0, 0, 0, 0, 0, 0, 0, 0, 0, 0, 0, 0, 0, 0, 0, 0, 0, 0, 0, 0, 0, 0, 0, 0, 0]","[""would"", ""not"", ""ever"", ""date"", ""solid"", ""black"", ""woman""]",210,51,7,True,hatespeech,"[0, 0, 0, 0, 0, 1, 1, 1, 1, 0, 0, 1, 1, 1, 0, 0, 0, 0, 0, 0, 0, 0, 0, 0, 0, 0, 0, 0, 0, 0, 0, 0, 0, 0, 0, 0, 0, 0, 0, 0, 0, 0, 0, 0, 0, 0, 0, 0, 0, 0, 0]","[""would"", ""not"", ""ever"", ""date"", ""solid"", ""black"", ""woman""]"
14311877_gab,test,honestly the only woman i would not ever date is a solid black woman hispanics are aye okay asians are qu3 <number> i do not have yellow fever anymore but white girls can be crazy ass folk indian and arab women maybe but they gotta be shaved no negotiating that shit,"[""honestly"", ""the"", ""only"", ""woman"", ""i"", ""would"", ""not"", ""ever"", ""date"", ""is"", ""a"", ""solid"", ""black"", ""woman"", ""hispanics"", ""are"", ""aye"", ""okay"", ""asians"", ""are"", ""qu3"", ""<number>"", ""i"", ""do"", ""not"", ""have"", ""yellow"", ""fever"", ""anymore"", ""but"", ""white"", ""girls"", ""can"", ""be"", ""crazy"", ""ass"", ""folk"", ""indian"", ""and"", ""arab"", ""women"", ""maybe"", ""but"", ""they"", ""gotta"", ""be"", ""shaved"", ""no"", ""negotiating"", ""that"", ""shit""]",hatespeech,Caucasian,"[0, 1, 1, 1, 1, 1, 1, 1, 1, 1, 1, 1, 1, 1, 1, 1, 1, 1, 1, 0, 0, 0, 0, 0, 0, 0, 0, 0, 0, 1, 1, 1, 1, 1, 1, 1, 1, 1, 1, 1, 1, 1, 1, 1, 1, 1, 1, 1, 1, 1, 1]","[""the"", ""only"", ""woman"", ""i"", ""would"", ""not"", ""ever"", ""date"", ""is"", ""a"", ""solid"", ""black"", ""woman"", ""hispanics"", ""are"", ""aye"", ""okay"", ""asians"", ""but"", ""white"", ""girls"", ""can"", ""be"", ""crazy"", ""ass"", ""folk"", ""indian"", ""and"", ""arab"", ""women"", ""maybe"", ""but"", ""they"", ""gotta"", ""be"", ""shaved"", ""no"", ""negotiating"", ""that"", ""shit""]",230,51,40,True,hatespeech,"[0, 0, 0, 0, 0, 1, 1, 1, 1, 0, 0, 1, 1, 1, 0, 0, 0, 0, 0, 0, 0, 0, 0, 0, 0, 0, 0, 0, 0, 0, 0, 0, 0, 0, 0, 0, 0, 0, 0, 0, 0, 0, 0, 0, 0, 0, 0, 0, 0, 0, 0]","[""would"", ""not"", ""ever"", ""date"", ""solid"", ""black"", ""woman""]"
14363928_gab,train,blacklivesmatter desperate to create their rfid chip black slave new world order where theyll ban cash and pay blacks with food only jews tell them they are the future just help us get rid of white people,"[""blacklivesmatter"", ""desperate"", ""to"", ""create"", ""their"", ""rfid"", ""chip"", ""black"", ""slave"", ""new"", ""world"", ""order"", ""where"", ""theyll"", ""ban"", ""cash"", ""and"", ""pay"", ""blacks"", ""with"", ""food"", ""only"", ""jews"", ""tell"", ""them"", ""they"", ""are"", ""the"", ""future"", ""just"", ""help"", ""us"", ""get"", ""rid"", ""of"", ""white"", ""people""]",offensive,Caucasian,"[1, 1, 1, 1, 1, 1, 1, 1, 1, 1, 1, 1, 1, 1, 1, 1, 1, 1, 1, 1, 1, 1, 1, 1, 1, 1, 1, 1, 1, 1, 1, 1, 1, 1, 1, 1, 1]","[""blacklivesmatter"", ""desperate"", ""to"", ""create"", ""their"", ""rfid"", ""chip"", ""black"", ""slave"", ""new"", ""world"", ""order"", ""where"", ""theyll"", ""ban"", ""cash"", ""and"", ""pay"", ""blacks"", ""with"", ""food"", ""only"", ""jews"", ""tell"", ""them"", ""they"", ""are"", ""the"", ""future"", ""just"", ""help"", ""us"", ""get"", ""rid"", ""of"", ""white"", ""people""]",224,37,37,True,offensive,"[0, 0, 0, 0, 0, 0, 0, 1, 1, 1, 1, 1, 0, 0, 0, 0, 0, 0, 0, 0, 0, 0, 1, 1, 1, 1, 1, 1, 1, 1, 1, 1, 1, 1, 1, 1, 1]","[""black"", ""slave"", ""new"", ""world"", ""order"", ""jews"", ""tell"", ""them"", ""they"", ""are"", ""the"", ""future"", ""just"", ""help"", ""us"", ""get"", ""rid"", ""of"", ""white"", ""people""]"
14463649_gab,train,nigger males are faggots on the down low another reason why aids figures so prominently in their ethnic grouping only the least desirable of white women settle for muh dick these women have either low self esteem daddy issues and or low iq a deadly combination for white women <user>,"[""nigger"", ""males"", ""are"", ""faggots"", ""on"", ""the"", ""down"", ""low"", ""another"", ""reason"", ""why"", ""aids"", ""figures"", ""so"", ""prominently"", ""in"", ""their"", ""ethnic"", ""grouping"", ""only"", ""the"", ""least"", ""desirable"", ""of"", ""white"", ""women"", ""settle"", ""for"", ""muh"", ""dick"", ""these"", ""women"", ""have"", ""either"", ""low"", ""self"", ""esteem"", ""daddy"", ""issues"", ""and"", ""or"", ""low"", ""iq"", ""a"", ""deadly"", ""combination"", ""for"", ""white"", ""women"", ""<user>""]",hatespeech,Caucasian,"[1, 0, 0, 0, 0, 0, 0, 0, 0, 0, 0, 0, 0, 0, 0, 0, 0, 0, 0, 0, 0, 0, 0, 0, 0, 0, 0, 0, 0, 0, 0, 0, 0, 0, 0, 0, 0, 0, 0, 0, 0, 0, 0, 0, 0, 0, 0, 0, 0, 0]","[""nigger""]",224,50,1,True,hatespeech,"[1, 0, 0, 0, 0, 0, 0, 0, 0, 0, 0, 0, 0, 0, 0, 0, 0, 0, 0, 0, 0, 0, 0, 0, 0, 0, 0, 0, 0, 0, 0, 0, 0, 0, 0, 0, 0, 0, 0, 0, 0, 0, 0, 0, 0, 0, 0, 0, 0, 0]","[""nigger""]"
14515332_gab,train,southern poverty law center mission statement dedicated to keeping blacks whites jews hispanics asians and everyone else as poor as possible both mentally and physically since <number>,"[""southern"", ""poverty"", ""law"", ""center"", ""mission"", ""statement"", ""dedicated"", ""to"", ""keeping"", ""blacks"", ""whites"", ""jews"", ""hispanics"", ""asians"", ""and"", ""everyone"", ""else"", ""as"", ""poor"", ""as"", ""possible"", ""both"", ""mentally"", ""and"", ""physically"", ""since"", ""<number>""]",offensive,Caucasian,"[0, 0, 0, 0, 0, 0, 1, 1, 1, 1, 1, 1, 1, 1, 1, 1, 1, 1, 1, 1, 1, 1, 1, 1, 1, 1, 1]","[""dedicated"", ""to"", ""keeping"", ""blacks"", ""whites"", ""jews"", ""hispanics"", ""asians"", ""and"", ""everyone"", ""else"", ""as"", ""poor"", ""as"", ""possible"", ""both"", ""mentally"", ""and"", ""physically"", ""since"", ""<number>""]",209,27,21,True,offensive,"[0, 0, 0, 0, 0, 0, 1, 1, 1, 1, 1, 1, 1, 1, 1, 1, 1, 1, 1, 1, 1, 1, 1, 1, 1, 1, 1]","[""dedicated"", ""to"", ""keeping"", ""blacks"", ""whites"", ""jews"", ""hispanics"", ""asians"", ""and"", ""everyone"", ""else"", ""as"", ""poor"", ""as"", ""possible"", ""both"", ""mentally"", ""and"", ""physically"", ""since"", ""<number>""]"
14515332_gab,train,southern poverty law center mission statement dedicated to keeping blacks whites jews hispanics asians and everyone else as poor as possible both mentally and physically since <number>,"[""southern"", ""poverty"", ""law"", ""center"", ""mission"", ""statement"", ""dedicated"", ""to"", ""keeping"", ""blacks"", ""whites"", ""jews"", ""hispanics"", ""asians"", ""and"", ""everyone"", ""else"", ""as"", ""poor"", ""as"", ""possible"", ""both"", ""mentally"", ""and"", ""physically"", ""since"", ""<number>""]",normal,Caucasian,"[0, 0, 0, 0, 0, 0, 1, 1, 1, 1, 1, 1, 1, 1, 1, 1, 1, 1, 1, 1, 1, 1, 1, 1, 1, 1, 1]","[""dedicated"", ""to"", ""keeping"", ""blacks"", ""whites"", ""jews"", ""hispanics"", ""asians"", ""and"", ""everyone"", ""else"", ""as"", ""poor"", ""as"", ""possible"", ""both"", ""mentally"", ""and"", ""physically"", ""since"", ""<number>""]",222,27,21,True,offensive,"[0, 0, 0, 0, 0, 0, 1, 1, 1, 1, 1, 1, 1, 1, 1, 1, 1, 1, 1, 1, 1, 1, 1, 1, 1, 1, 1]","[""dedicated"", ""to"", ""keeping"", ""blacks"", ""whites"", ""jews"", ""hispanics"", ""asians"", ""and"", ""everyone"", ""else"", ""as"", ""poor"", ""as"", ""possible"", ""both"", ""mentally"", ""and"", ""physically"", ""since"", ""<number>""]"
14521688_gab,train,keep your mind on the real face of racism the war on whites rise up and unite my brothers as others have taken up violence against you,"[""keep"", ""your"", ""mind"", ""on"", ""the"", ""real"", ""face"", ""of"", ""racism"", ""the"", ""war"", ""on"", ""whites"", ""rise"", ""up"", ""and"", ""unite"", ""my"", ""brothers"", ""as"", ""others"", ""have"", ""taken"", ""up"", ""violence"", ""against"", ""you""]",hatespeech,Caucasian,"[0, 0, 0, 0, 0, 0, 0, 0, 0, 1, 1, 1, 1, 0, 0, 0, 0, 0, 0, 0, 0, 0, 0, 0, 0, 0, 0]","[""the"", ""war"", ""on"", ""whites""]",201,27,4,True,hatespeech,"[0, 0, 0, 0, 0, 0, 0, 0, 0, 1, 1, 1, 1, 0, 0, 0, 0, 0, 0, 0, 0, 0, 0, 0, 0, 0, 0]","[""the"", ""war"", ""on"", ""whites""]"
14602251_gab,train,that is because asians and whites are prejudiced and do not being laying up with ghetto rats well i am okay you are okay whitish liberal trust fund babies do not count,"[""that"", ""is"", ""because"", ""asians"", ""and"", ""whites"", ""are"", ""prejudiced"", ""and"", ""do"", ""not"", ""being"", ""laying"", ""up"", ""with"", ""ghetto"", ""rats"", ""well"", ""i"", ""am"", ""okay"", ""you"", ""are"", ""okay"", ""whitish"", ""liberal"", ""trust"", ""fund"", ""babies"", ""do"", ""not"", ""count""]",offensive,Caucasian,"[0, 0, 0, 1, 1, 1, 1, 1, 0, 0, 0, 0, 0, 0, 0, 1, 1, 0, 0, 0, 0, 0, 0, 0, 1, 1, 1, 1, 1, 1, 1, 1]","[""asians"", ""and"", ""whites"", ""are"", ""prejudiced"", ""ghetto"", ""rats"", ""whitish"", ""liberal"", ""trust"", ""fund"", ""babies"", ""do"", ""not"", ""count""]",221,32,15,True,offensive,"[0, 0, 0, 1, 1, 1, 1, 1, 0, 0, 0, 0, 0, 0, 0, 1, 1, 0, 0, 0, 0, 0, 0, 0, 0, 0, 0, 0, 0, 0, 0, 0]","[""asians"", ""and"", ""whites"", ""are"", ""prejudiced"", ""ghetto"", ""rats""]"
14712977_gab,train,but how can anyone bridge a racial gap that so wide i do not get i can see in some instances whites having relationship with some asians the gap between white and blacks arabs hindis metizos etc to my thinking makes for something completely out of whack,"[""but"", ""how"", ""can"", ""anyone"", ""bridge"", ""a"", ""racial"", ""gap"", ""that"", ""so"", ""wide"", ""i"", ""do"", ""not"", ""get"", ""i"", ""can"", ""see"", ""in"", ""some"", ""instances"", ""whites"", ""having"", ""relationship"", ""with"", ""some"", ""asians"", ""the"", ""gap"", ""between"", ""white"", ""and"", ""blacks"", ""arabs"", ""hindis"", ""metizos"", ""etc"", ""to"", ""my"", ""thinking"", ""makes"", ""for"", ""something"", ""completely"", ""out"", ""of"", ""whack""]",offensive,Caucasian,"[0, 0, 0, 0, 0, 0, 0, 0, 0, 0, 0, 0, 0, 0, 0, 0, 0, 0, 0, 0, 0, 0, 0, 0, 0, 0, 0, 0, 1, 1, 1, 1, 1, 1, 1, 1, 0, 0, 0, 0, 0, 0, 0, 0, 0, 0, 0]","[""gap"", ""between"", ""white"", ""and"", ""blacks"", ""arabs"", ""hindis"", ""metizos""]",222,47,8,True,offensive,"[0, 0, 0, 0, 0, 0, 0, 0, 0, 0, 0, 0, 0, 0, 0, 0, 0, 0, 0, 0, 0, 0, 0, 0, 0, 0, 0, 0, 1, 1, 1, 1, 1, 1, 1, 1, 0, 0, 0, 0, 0, 0, 0, 0, 0, 0, 0]","[""gap"", ""between"", ""white"", ""and"", ""blacks"", ""arabs"", ""hindis"", ""metizos""]"
14714558_gab,train,blacks whites and asians are all different species what we are doing combining these species and producing so many different hybrid species is going against god plan for order,"[""blacks"", ""whites"", ""and"", ""asians"", ""are"", ""all"", ""different"", ""species"", ""what"", ""we"", ""are"", ""doing"", ""combining"", ""these"", ""species"", ""and"", ""producing"", ""so"", ""many"", ""different"", ""hybrid"", ""species"", ""is"", ""going"", ""against"", ""god"", ""plan"", ""for"", ""order""]",hatespeech,Caucasian,"[0, 0, 0, 0, 0, 0, 0, 0, 0, 0, 0, 0, 1, 1, 1, 1, 1, 1, 1, 1, 1, 1, 1, 1, 1, 1, 1, 1, 1]","[""combining"", ""these"", ""species"", ""and"", ""producing"", ""so"", ""many"", ""different"", ""hybrid"", ""species"", ""is"", ""going"", ""against"", ""god"", ""plan"", ""for"", ""order""]",223,29,17,True,hatespeech,"[0, 0, 0, 0, 0, 0, 0, 0, 0, 0, 0, 0, 0, 0, 0, 0, 0, 0, 0, 0, 0, 0, 0, 0, 0, 0, 0, 0, 0]",[]
14714558_gab,train,blacks whites and asians are all different species what we are doing combining these species and producing so many different hybrid species is going against god plan for order,"[""blacks"", ""whites"", ""and"", ""asians"", ""are"", ""all"", ""different"", ""species"", ""what"", ""we"", ""are"", ""doing"", ""combining"", ""these"", ""species"", ""and"", ""producing"", ""so"", ""many"", ""different"", ""hybrid"", ""species"", ""is"", ""going"", ""against"", ""god"", ""plan"", ""for"", ""order""]",hatespeech,Caucasian,"[1, 1, 1, 1, 1, 1, 1, 1, 0, 0, 0, 0, 0, 0, 0, 0, 0, 0, 0, 0, 0, 0, 0, 0, 0, 0, 0, 0, 0]","[""blacks"", ""whites"", ""and"", ""asians"", ""are"", ""all"", ""different"", ""species""]",201,29,8,True,hatespeech,"[0, 0, 0, 0, 0, 0, 0, 0, 0, 0, 0, 0, 0, 0, 0, 0, 0, 0, 0, 0, 0, 0, 0, 0, 0, 0, 0, 0, 0]",[]
14715921_gab,val,but those motherfuckers that beat that retarded white boy are a o fucking kay right sorry i just fucking loathe hypocrisy,"[""but"", ""those"", ""motherfuckers"", ""that"", ""beat"", ""that"", ""retarded"", ""white"", ""boy"", ""are"", ""a"", ""o"", ""fucking"", ""kay"", ""right"", ""sorry"", ""i"", ""just"", ""fucking"", ""loathe"", ""hypocrisy""]",hatespeech,Caucasian,"[0, 0, 0, 0, 0, 0, 1, 1, 1, 0, 0, 0, 0, 0, 0, 0, 0, 0, 0, 0, 0]","[""retarded"", ""white"", ""boy""]",200,21,3,True,offensive,"[0, 0, 0, 0, 0, 0, 1, 1, 1, 0, 0, 0, 0, 0, 0, 0, 0, 0, 0, 0, 0]","[""retarded"", ""white"", ""boy""]"
14819063_gab,train,the thing that would help the white race more than anything else is if she would consent to having a third or a fourth child china got to where it is now because mao convinced chinese women that it was patriotic to have more children,"[""the"", ""thing"", ""that"", ""would"", ""help"", ""the"", ""white"", ""race"", ""more"", ""than"", ""anything"", ""else"", ""is"", ""if"", ""she"", ""would"", ""consent"", ""to"", ""having"", ""a"", ""third"", ""or"", ""a"", ""fourth"", ""child"", ""china"", ""got"", ""to"", ""where"", ""it"", ""is"", ""now"", ""because"", ""mao"", ""convinced"", ""chinese"", ""women"", ""that"", ""it"", ""was"", ""patriotic"", ""to"", ""have"", ""more"", ""children""]",offensive,Caucasian,"[0, 0, 0, 0, 0, 0, 1, 1, 0, 0, 0, 0, 0, 0, 0, 0, 0, 0, 0, 0, 0, 0, 0, 0, 0, 0, 0, 0, 0, 0, 0, 0, 0, 0, 0, 1, 1, 1, 1, 1, 1, 1, 1, 1, 1]","[""white"", ""race"", ""chinese"", ""women"", ""that"", ""it"", ""was"", ""patriotic"", ""to"", ""have"", ""more"", ""children""]",203,45,12,True,offensive,"[0, 0, 0, 0, 0, 0, 1, 1, 0, 0, 0, 0, 0, 0, 0, 0, 0, 0, 0, 0, 0, 0, 0, 0, 0, 0, 0, 0, 0, 0, 0, 0, 0, 0, 0, 0, 0, 0, 0, 0, 0, 0, 0, 0, 0]","[""white"", ""race""]"
14819063_gab,train,the thing that would help the white race more than anything else is if she would consent to having a third or a fourth child china got to where it is now because mao convinced chinese women that it was patriotic to have more children,"[""the"", ""thing"", ""that"", ""would"", ""help"", ""the"", ""white"", ""race"", ""more"", ""than"", ""anything"", ""else"", ""is"", ""if"", ""she"", ""would"", ""consent"", ""to"", ""having"", ""a"", ""third"", ""or"", ""a"", ""fourth"", ""child"", ""china"", ""got"", ""to"", ""where"", ""it"", ""is"", ""now"", ""because"", ""mao"", ""convinced"", ""chinese"", ""women"", ""that"", ""it"", ""was"", ""patriotic"", ""to"", ""have"", ""more"", ""children""]",normal,Caucasian,"[1, 1, 1, 1, 1, 1, 1, 1, 1, 1, 1, 1, 1, 1, 1, 1, 1, 1, 1, 1, 1, 1, 1, 1, 1, 0, 0, 0, 0, 0, 0, 0, 0, 0, 0, 0, 0, 0, 0, 0, 0, 0, 0, 0, 0]","[""the"", ""thing"", ""that"", ""would"", ""help"", ""the"", ""white"", ""race"", ""more"", ""than"", ""anything"", ""else"", ""is"", ""if"", ""she"", ""would"", ""consent"", ""to"", ""having"", ""a"", ""third"", ""or"", ""a"", ""fourth"", ""child""]",204,45,25,True,offensive,"[0, 0, 0, 0, 0, 0, 1, 1, 0, 0, 0, 0, 0, 0, 0, 0, 0, 0, 0, 0, 0, 0, 0, 0, 0, 0, 0, 0, 0, 0, 0, 0, 0, 0, 0, 0, 0, 0, 0, 0, 0, 0, 0, 0, 0]","[""white"", ""race""]"
14831757_gab,train,why would i watch your shitty vids when i can tell you are a retard with hero worship clouding your judgement nazi shit is always a fad it was fun to nazipost pre trump to spook normies but now it stale best of luck with your busted vids and aesthetic tho,"[""why"", ""would"", ""i"", ""watch"", ""your"", ""shitty"", ""vids"", ""when"", ""i"", ""can"", ""tell"", ""you"", ""are"", ""a"", ""retard"", ""with"", ""hero"", ""worship"", ""clouding"", ""your"", ""judgement"", ""nazi"", ""shit"", ""is"", ""always"", ""a"", ""fad"", ""it"", ""was"", ""fun"", ""to"", ""nazipost"", ""pre"", ""trump"", ""to"", ""spook"", ""normies"", ""but"", ""now"", ""it"", ""stale"", ""best"", ""of"", ""luck"", ""with"", ""your"", ""busted"", ""vids"", ""and"", ""aesthetic"", ""tho""]",offensive,Caucasian,"[0, 0, 0, 0, 0, 0, 0, 0, 0, 0, 0, 0, 0, 0, 1, 0, 0, 0, 0, 0, 0, 0, 0, 0, 0, 0, 0, 0, 0, 0, 0, 1, 1, 1, 0, 0, 0, 0, 0, 0, 0, 0, 0, 0, 0, 0, 0, 0, 0, 0, 0]","[""retard"", ""nazipost"", ""pre"", ""trump""]",207,51,4,True,offensive,"[0, 0, 0, 0, 0, 0, 0, 0, 0, 0, 0, 0, 0, 0, 1, 0, 0, 0, 0, 0, 0, 0, 0, 0, 0, 0, 0, 0, 0, 0, 0, 0, 0, 0, 0, 0, 0, 0, 0, 0, 0, 0, 0, 0, 0, 0, 0, 0, 0, 0, 0]","[""retard""]"
14903617_gab,test,this is much more than being about filthy mudsharks this is about the destiny of humanity does it become a dumbed down mulatto race where the west falls apart like africa and asians dominate the future or do we ship the nigs back where they belong,"[""this"", ""is"", ""much"", ""more"", ""than"", ""being"", ""about"", ""filthy"", ""mudsharks"", ""this"", ""is"", ""about"", ""the"", ""destiny"", ""of"", ""humanity"", ""does"", ""it"", ""become"", ""a"", ""dumbed"", ""down"", ""mulatto"", ""race"", ""where"", ""the"", ""west"", ""falls"", ""apart"", ""like"", ""africa"", ""and"", ""asians"", ""dominate"", ""the"", ""future"", ""or"", ""do"", ""we"", ""ship"", ""the"", ""nigs"", ""back"", ""where"", ""they"", ""belong""]",hatespeech,Caucasian,"[0, 0, 0, 0, 0, 0, 0, 1, 1, 0, 0, 0, 0, 0, 0, 0, 0, 0, 0, 0, 1, 1, 1, 1, 0, 0, 0, 0, 0, 0, 0, 0, 0, 0, 0, 0, 0, 0, 1, 1, 1, 1, 1, 1, 1, 1]","[""filthy"", ""mudsharks"", ""dumbed"", ""down"", ""mulatto"", ""race"", ""we"", ""ship"", ""the"", ""nigs"", ""back"", ""where"", ""they"", ""belong""]",199,46,14,True,hatespeech,"[0, 0, 0, 0, 0, 0, 0, 1, 1, 0, 0, 0, 0, 0, 0, 0, 0, 0, 0, 0, 1, 1, 1, 1, 0, 0, 0, 0, 0, 0, 0, 0, 0, 0, 0, 0, 0, 0, 1, 1, 1, 1, 1, 1, 1, 1]","[""filthy"", ""mudsharks"", ""dumbed"", ""down"", ""mulatto"", ""race"", ""we"", ""ship"", ""the"", ""nigs"", ""back"", ""where"", ""they"", ""belong""]"
14903617_gab,test,this is much more than being about filthy mudsharks this is about the destiny of humanity does it become a dumbed down mulatto race where the west falls apart like africa and asians dominate the future or do we ship the nigs back where they belong,"[""this"", ""is"", ""much"", ""more"", ""than"", ""being"", ""about"", ""filthy"", ""mudsharks"", ""this"", ""is"", ""about"", ""the"", ""destiny"", ""of"", ""humanity"", ""does"", ""it"", ""become"", ""a"", ""dumbed"", ""down"", ""mulatto"", ""race"", ""where"", ""the"", ""west"", ""falls"", ""apart"", ""like"", ""africa"", ""and"", ""asians"", ""dominate"", ""the"", ""future"", ""or"", ""do"", ""we"", ""ship"", ""the"", ""nigs"", ""back"", ""where"", ""they"", ""belong""]",hatespeech,Caucasian,"[0, 0, 0, 0, 0, 0, 0, 1, 1, 0, 0, 0, 0, 0, 0, 0, 0, 0, 0, 0, 1, 1, 1, 1, 0, 0, 0, 0, 0, 0, 0, 0, 0, 0, 0, 0, 0, 1, 1, 1, 1, 1, 1, 1, 1, 1]","[""filthy"", ""mudsharks"", ""dumbed"", ""down"", ""mulatto"", ""race"", ""do"", ""we"", ""ship"", ""the"", ""nigs"", ""back"", ""where"", ""they"", ""belong""]",218,46,15,True,hatespeech,"[0, 0, 0, 0, 0, 0, 0, 1, 1, 0, 0, 0, 0, 0, 0, 0, 0, 0, 0, 0, 1, 1, 1, 1, 0, 0, 0, 0, 0, 0, 0, 0, 0, 0, 0, 0, 0, 0, 1, 1, 1, 1, 1, 1, 1, 1]","[""filthy"", ""mudsharks"", ""dumbed"", ""down"", ""mulatto"", ""race"", ""we"", ""ship"", ""the"", ""nigs"", ""back"", ""where"", ""they"", ""belong""]"
14918528_gab,train,oh you are one of those white sharia guys sorry brother our women is why we fight not getting on your sinking ship,"[""oh"", ""you"", ""are"", ""one"", ""of"", ""those"", ""white"", ""sharia"", ""guys"", ""sorry"", ""brother"", ""our"", ""women"", ""is"", ""why"", ""we"", ""fight"", ""not"", ""getting"", ""on"", ""your"", ""sinking"", ""ship""]",offensive,Caucasian,"[0, 0, 0, 1, 1, 1, 1, 1, 1, 0, 0, 0, 0, 0, 0, 0, 0, 0, 0, 0, 0, 0, 0]","[""one"", ""of"", ""those"", ""white"", ""sharia"", ""guys""]",224,23,6,True,offensive,"[0, 0, 0, 0, 0, 0, 1, 1, 0, 0, 0, 0, 0, 0, 0, 0, 0, 0, 0, 0, 0, 0, 0]","[""white"", ""sharia""]"
15002888_gab,test,even when they are stuck between two white babies like an inside out oreo cookie,"[""even"", ""when"", ""they"", ""are"", ""stuck"", ""between"", ""two"", ""white"", ""babies"", ""like"", ""an"", ""inside"", ""out"", ""oreo"", ""cookie""]",offensive,Caucasian,"[0, 0, 0, 0, 0, 0, 1, 1, 1, 0, 0, 0, 0, 0, 0]","[""two"", ""white"", ""babies""]",202,15,3,True,offensive,"[0, 0, 0, 0, 0, 0, 1, 1, 1, 0, 0, 0, 0, 0, 0]","[""two"", ""white"", ""babies""]"
15101749_gab,val,britcops are cowards they know the whites they arrest for speaking the truth will not blow them up or cut their throats like a sand nigger might,"[""britcops"", ""are"", ""cowards"", ""they"", ""know"", ""the"", ""whites"", ""they"", ""arrest"", ""for"", ""speaking"", ""the"", ""truth"", ""will"", ""not"", ""blow"", ""them"", ""up"", ""or"", ""cut"", ""their"", ""throats"", ""like"", ""a"", ""sand"", ""nigger"", ""might""]",hatespeech,Caucasian,"[0, 0, 0, 0, 0, 0, 0, 0, 0, 0, 0, 0, 0, 0, 0, 0, 0, 0, 0, 0, 0, 0, 0, 0, 1, 1, 0]","[""sand"", ""nigger""]",210,27,2,True,hatespeech,"[0, 0, 0, 0, 0, 0, 0, 0, 0, 0, 0, 0, 0, 0, 0, 0, 0, 0, 0, 0, 0, 0, 0, 0, 1, 1, 0]","[""sand"", ""nigger""]"
15108536_gab,test,more white people are going to get red pilled by the media outrage at it okay to be white and more posters will go up awesome,"[""more"", ""white"", ""people"", ""are"", ""going"", ""to"", ""get"", ""red"", ""pilled"", ""by"", ""the"", ""media"", ""outrage"", ""at"", ""it"", ""okay"", ""to"", ""be"", ""white"", ""and"", ""more"", ""posters"", ""will"", ""go"", ""up"", ""awesome""]",offensive,Caucasian,"[0, 0, 0, 0, 0, 0, 0, 0, 0, 0, 0, 0, 0, 0, 1, 1, 1, 1, 1, 0, 0, 0, 0, 0, 0, 0]","[""it"", ""okay"", ""to"", ""be"", ""white""]",203,26,5,True,offensive,"[0, 0, 0, 0, 0, 0, 0, 0, 0, 0, 0, 0, 0, 0, 1, 1, 1, 1, 1, 0, 0, 0, 0, 0, 0, 0]","[""it"", ""okay"", ""to"", ""be"", ""white""]"
15108536_gab,test,more white people are going to get red pilled by the media outrage at it okay to be white and more posters will go up awesome,"[""more"", ""white"", ""people"", ""are"", ""going"", ""to"", ""get"", ""red"", ""pilled"", ""by"", ""the"", ""media"", ""outrage"", ""at"", ""it"", ""okay"", ""to"", ""be"", ""white"", ""and"", ""more"", ""posters"", ""will"", ""go"", ""up"", ""awesome""]",offensive,Caucasian,"[1, 1, 1, 1, 1, 1, 1, 1, 1, 1, 1, 1, 1, 1, 1, 1, 1, 1, 1, 0, 0, 0, 0, 0, 0, 0]","[""more"", ""white"", ""people"", ""are"", ""going"", ""to"", ""get"", ""red"", ""pilled"", ""by"", ""the"", ""media"", ""outrage"", ""at"", ""it"", ""okay"", ""to"", ""be"", ""white""]",202,26,19,True,offensive,"[0, 0, 0, 0, 0, 0, 0, 0, 0, 0, 0, 0, 0, 0, 1, 1, 1, 1, 1, 0, 0, 0, 0, 0, 0, 0]","[""it"", ""okay"", ""to"", ""be"", ""white""]"
15281208_gab,train,he should be barred from treating whites with all their sweet sweet paid up insurance money to the ghetto with you ching chong bing bong next china is a near homogeneous country that is working hard to ethnically cleanse its minorities this unit has no right tell an actually free country anything,"[""he"", ""should"", ""be"", ""barred"", ""from"", ""treating"", ""whites"", ""with"", ""all"", ""their"", ""sweet"", ""sweet"", ""paid"", ""up"", ""insurance"", ""money"", ""to"", ""the"", ""ghetto"", ""with"", ""you"", ""ching"", ""chong"", ""bing"", ""bong"", ""next"", ""china"", ""is"", ""a"", ""near"", ""homogeneous"", ""country"", ""that"", ""is"", ""working"", ""hard"", ""to"", ""ethnically"", ""cleanse"", ""its"", ""minorities"", ""this"", ""unit"", ""has"", ""no"", ""right"", ""tell"", ""an"", ""actually"", ""free"", ""country"", ""anything""]",hatespeech,Caucasian,"[0, 0, 0, 0, 0, 0, 0, 0, 0, 0, 0, 0, 0, 0, 0, 0, 0, 0, 1, 0, 0, 1, 1, 1, 1, 0, 0, 0, 0, 0, 0, 0, 0, 0, 0, 0, 0, 0, 0, 0, 0, 0, 0, 0, 0, 0, 0, 0, 0, 0, 0, 0]","[""ghetto"", ""ching"", ""chong"", ""bing"", ""bong""]",210,52,5,True,hatespeech,"[0, 0, 0, 0, 0, 0, 0, 0, 0, 0, 0, 0, 0, 0, 0, 0, 0, 0, 1, 0, 0, 1, 1, 1, 1, 0, 0, 0, 0, 0, 0, 0, 0, 0, 0, 0, 0, 0, 0, 0, 0, 0, 0, 0, 0, 0, 0, 0, 0, 0, 0, 0]","[""ghetto"", ""ching"", ""chong"", ""bing"", ""bong""]"
15313040_gab,train,it called being a fuckin genius when i argue with a jew and people watch i become a jew too to undermine jewry and expose jq just like many jews become white to undermine white survival,"[""it"", ""called"", ""being"", ""a"", ""fuckin"", ""genius"", ""when"", ""i"", ""argue"", ""with"", ""a"", ""jew"", ""and"", ""people"", ""watch"", ""i"", ""become"", ""a"", ""jew"", ""too"", ""to"", ""undermine"", ""jewry"", ""and"", ""expose"", ""jq"", ""just"", ""like"", ""many"", ""jews"", ""become"", ""white"", ""to"", ""undermine"", ""white"", ""survival""]",hatespeech,Caucasian,"[0, 0, 0, 0, 0, 0, 0, 0, 0, 0, 0, 0, 0, 0, 0, 0, 0, 0, 0, 0, 0, 0, 0, 0, 0, 0, 0, 0, 0, 1, 1, 1, 1, 1, 1, 1]","[""jews"", ""become"", ""white"", ""to"", ""undermine"", ""white"", ""survival""]",199,36,7,True,hatespeech,"[0, 0, 0, 0, 0, 0, 0, 0, 0, 0, 0, 0, 0, 0, 0, 0, 0, 0, 0, 0, 0, 0, 0, 0, 0, 0, 0, 0, 0, 1, 1, 1, 1, 1, 1, 1]","[""jews"", ""become"", ""white"", ""to"", ""undermine"", ""white"", ""survival""]"
15354084_gab,train,that sound you hear in the distance is the 2 nd civil war approaching texas state student paper ran a pro white genocide article ontologically speaking white death will mean liberation for all … until then remember this i hate you because you should not exist,"[""that"", ""sound"", ""you"", ""hear"", ""in"", ""the"", ""distance"", ""is"", ""the"", ""2"", ""nd"", ""civil"", ""war"", ""approaching"", ""texas"", ""state"", ""student"", ""paper"", ""ran"", ""a"", ""pro"", ""white"", ""genocide"", ""article"", ""ontologically"", ""speaking"", ""white"", ""death"", ""will"", ""mean"", ""liberation"", ""for"", ""all"", ""\u2026"", ""until"", ""then"", ""remember"", ""this"", ""i"", ""hate"", ""you"", ""because"", ""you"", ""should"", ""not"", ""exist""]",normal,Caucasian,"[0, 0, 0, 0, 0, 0, 0, 0, 0, 0, 0, 0, 0, 0, 0, 0, 0, 0, 0, 0, 1, 1, 1, 0, 0, 0, 0, 0, 0, 0, 0, 0, 0, 0, 0, 0, 0, 0, 0, 0, 0, 0, 0, 0, 0, 0]","[""pro"", ""white"", ""genocide""]",201,46,3,True,hatespeech,"[0, 0, 0, 0, 0, 0, 0, 0, 0, 0, 0, 0, 0, 0, 0, 0, 0, 0, 0, 0, 1, 1, 1, 0, 0, 0, 0, 0, 0, 0, 0, 0, 0, 0, 0, 0, 0, 0, 0, 0, 0, 0, 0, 0, 0, 0]","[""pro"", ""white"", ""genocide""]"
15430511_gab,test,hey nazi dirtbag is your black bull keeping you occupied,"[""hey"", ""nazi"", ""dirtbag"", ""is"", ""your"", ""black"", ""bull"", ""keeping"", ""you"", ""occupied""]",offensive,Caucasian,"[0, 1, 1, 1, 1, 1, 1, 1, 1, 1]","[""nazi"", ""dirtbag"", ""is"", ""your"", ""black"", ""bull"", ""keeping"", ""you"", ""occupied""]",207,10,9,True,offensive,"[0, 1, 1, 1, 1, 1, 1, 1, 1, 1]","[""nazi"", ""dirtbag"", ""is"", ""your"", ""black"", ""bull"", ""keeping"", ""you"", ""occupied""]"
15479823_gab,train,those women hate themselves but they hate straight white trump maga men even more they hate them more because they could not attract and get one therefore the self harm body piercings etc,"[""those"", ""women"", ""hate"", ""themselves"", ""but"", ""they"", ""hate"", ""straight"", ""white"", ""trump"", ""maga"", ""men"", ""even"", ""more"", ""they"", ""hate"", ""them"", ""more"", ""because"", ""they"", ""could"", ""not"", ""attract"", ""and"", ""get"", ""one"", ""therefore"", ""the"", ""self"", ""harm"", ""body"", ""piercings"", ""etc""]",hatespeech,Caucasian,"[1, 1, 1, 1, 1, 1, 1, 1, 1, 1, 1, 1, 1, 1, 1, 1, 1, 1, 1, 1, 1, 1, 1, 1, 1, 1, 0, 0, 0, 0, 0, 0, 0]","[""those"", ""women"", ""hate"", ""themselves"", ""but"", ""they"", ""hate"", ""straight"", ""white"", ""trump"", ""maga"", ""men"", ""even"", ""more"", ""they"", ""hate"", ""them"", ""more"", ""because"", ""they"", ""could"", ""not"", ""attract"", ""and"", ""get"", ""one""]",210,33,26,True,hatespeech,"[0, 1, 1, 1, 1, 0, 0, 0, 0, 0, 0, 0, 0, 0, 0, 0, 0, 0, 0, 0, 0, 0, 0, 0, 0, 0, 0, 0, 0, 0, 0, 0, 0]","[""women"", ""hate"", ""themselves"", ""but""]"
15593969_gab,train,i have read your talmud kikess you are lying through your teeth you filthy jew whores conquer nations through subversion of culture and intermarrying in order to dilute white genes and create more little yidlets that why jewishness is passed via matrilineality gas yourself,"[""i"", ""have"", ""read"", ""your"", ""talmud"", ""kikess"", ""you"", ""are"", ""lying"", ""through"", ""your"", ""teeth"", ""you"", ""filthy"", ""jew"", ""whores"", ""conquer"", ""nations"", ""through"", ""subversion"", ""of"", ""culture"", ""and"", ""intermarrying"", ""in"", ""order"", ""to"", ""dilute"", ""white"", ""genes"", ""and"", ""create"", ""more"", ""little"", ""yidlets"", ""that"", ""why"", ""jewishness"", ""is"", ""passed"", ""via"", ""matrilineality"", ""gas"", ""yourself""]",hatespeech,Caucasian,"[0, 0, 0, 0, 0, 1, 1, 1, 1, 1, 1, 1, 0, 1, 1, 1, 0, 0, 0, 0, 0, 0, 0, 0, 1, 1, 1, 1, 1, 1, 1, 1, 1, 1, 1, 0, 0, 0, 0, 0, 0, 0, 1, 1]","[""kikess"", ""you"", ""are"", ""lying"", ""through"", ""your"", ""teeth"", ""filthy"", ""jew"", ""whores"", ""in"", ""order"", ""to"", ""dilute"", ""white"", ""genes"", ""and"", ""create"", ""more"", ""little"", ""yidlets"", ""gas"", ""yourself""]",199,44,23,True,hatespeech,"[0, 0, 0, 0, 0, 1, 0, 0, 0, 0, 0, 0, 0, 1, 1, 1, 0, 0, 0, 0, 0, 0, 0, 0, 0, 0, 0, 0, 0, 0, 0, 0, 0, 0, 0, 0, 0, 0, 0, 0, 0, 0, 1, 1]","[""kikess"", ""filthy"", ""jew"", ""whores"", ""gas"", ""yourself""]"
15798260_gab,train,oh that lady yeah she a hate filled racist bitch go nuts,"[""oh"", ""that"", ""lady"", ""yeah"", ""she"", ""a"", ""hate"", ""filled"", ""racist"", ""bitch"", ""go"", ""nuts""]",offensive,Caucasian,"[0, 0, 0, 0, 0, 0, 1, 1, 1, 1, 0, 0]","[""hate"", ""filled"", ""racist"", ""bitch""]",201,12,4,True,offensive,"[0, 0, 0, 0, 0, 0, 1, 1, 1, 1, 0, 0]","[""hate"", ""filled"", ""racist"", ""bitch""]"
15800013_gab,val,msm tatics if shooter is not white bitch about gun control if white use the nazi angle blame trump and probably roll out gabby giffords and the usual suspects,"[""msm"", ""tatics"", ""if"", ""shooter"", ""is"", ""not"", ""white"", ""bitch"", ""about"", ""gun"", ""control"", ""if"", ""white"", ""use"", ""the"", ""nazi"", ""angle"", ""blame"", ""trump"", ""and"", ""probably"", ""roll"", ""out"", ""gabby"", ""giffords"", ""and"", ""the"", ""usual"", ""suspects""]",offensive,Caucasian,"[0, 0, 0, 0, 0, 0, 0, 1, 0, 0, 0, 0, 0, 0, 1, 1, 1, 1, 1, 0, 0, 0, 0, 0, 0, 0, 0, 0, 0]","[""bitch"", ""the"", ""nazi"", ""angle"", ""blame"", ""trump""]",250,29,6,True,offensive,"[0, 0, 0, 0, 0, 0, 0, 1, 0, 0, 0, 0, 0, 0, 1, 1, 1, 0, 0, 0, 0, 0, 0, 0, 0, 0, 0, 0, 0]","[""bitch"", ""the"", ""nazi"", ""angle""]"
15862681_gab,train,the alt right is full of feminists white knight captain save a hoe beta cucks,"[""the"", ""alt"", ""right"", ""is"", ""full"", ""of"", ""feminists"", ""white"", ""knight"", ""captain"", ""save"", ""a"", ""hoe"", ""beta"", ""cucks""]",offensive,Caucasian,"[0, 0, 0, 0, 0, 0, 0, 0, 0, 0, 0, 0, 1, 1, 1]","[""hoe"", ""beta"", ""cucks""]",221,15,3,True,hatespeech,"[0, 0, 0, 0, 0, 0, 0, 0, 0, 0, 0, 0, 1, 1, 1]","[""hoe"", ""beta"", ""cucks""]"
15873740_gab,train,ban abortion for white women,"[""ban"", ""abortion"", ""for"", ""white"", ""women""]",offensive,Caucasian,"[1, 1, 1, 1, 1]","[""ban"", ""abortion"", ""for"", ""white"", ""women""]",205,5,5,True,offensive,"[1, 1, 0, 0, 0]","[""ban"", ""abortion""]"
15896433_gab,train,if somebody is not white than they are going to be rejected by wn on the grounds they are not white women in general need pushed out of leadership positions in our movement and she not doing good work she setting a very bad precedent for our future actually,"[""if"", ""somebody"", ""is"", ""not"", ""white"", ""than"", ""they"", ""are"", ""going"", ""to"", ""be"", ""rejected"", ""by"", ""wn"", ""on"", ""the"", ""grounds"", ""they"", ""are"", ""not"", ""white"", ""women"", ""in"", ""general"", ""need"", ""pushed"", ""out"", ""of"", ""leadership"", ""positions"", ""in"", ""our"", ""movement"", ""and"", ""she"", ""not"", ""doing"", ""good"", ""work"", ""she"", ""setting"", ""a"", ""very"", ""bad"", ""precedent"", ""for"", ""our"", ""future"", ""actually""]",offensive,Caucasian,"[0, 0, 0, 0, 0, 0, 0, 0, 0, 0, 0, 0, 0, 0, 0, 0, 0, 0, 0, 0, 0, 1, 1, 1, 1, 1, 1, 1, 1, 1, 0, 0, 0, 0, 0, 0, 0, 0, 0, 0, 0, 0, 0, 0, 0, 0, 0, 0, 0]","[""women"", ""in"", ""general"", ""need"", ""pushed"", ""out"", ""of"", ""leadership"", ""positions""]",233,49,9,True,offensive,"[0, 0, 0, 0, 0, 0, 0, 0, 0, 0, 0, 0, 0, 0, 0, 0, 0, 0, 0, 0, 0, 1, 1, 1, 1, 1, 1, 1, 1, 1, 0, 0, 0, 0, 0, 0, 0, 0, 0, 0, 0, 0, 0, 0, 0, 0, 0, 0, 0]","[""women"", ""in"", ""general"", ""need"", ""pushed"", ""out"", ""of"", ""leadership"", ""positions""]"
15915973_gab,val,i am not the one aborting babies here your liberal white women are doing that,"[""i"", ""am"", ""not"", ""the"", ""one"", ""aborting"", ""babies"", ""here"", ""your"", ""liberal"", ""white"", ""women"", ""are"", ""doing"", ""that""]",offensive,Caucasian,"[0, 0, 0, 0, 0, 1, 1, 0, 0, 1, 1, 1, 1, 1, 1]","[""aborting"", ""babies"", ""liberal"", ""white"", ""women"", ""are"", ""doing"", ""that""]",217,15,8,True,offensive,"[0, 0, 0, 0, 0, 1, 1, 0, 0, 1, 1, 1, 1, 1, 1]","[""aborting"", ""babies"", ""liberal"", ""white"", ""women"", ""are"", ""doing"", ""that""]"
15979959_gab,train,give me a fucking break as if there is something to debate here blacks are inferior to whites and asians by every measure that why black communities are an absolute mess if you believe in evolution you have to accept equality is a myth,"[""give"", ""me"", ""a"", ""fucking"", ""break"", ""as"", ""if"", ""there"", ""is"", ""something"", ""to"", ""debate"", ""here"", ""blacks"", ""are"", ""inferior"", ""to"", ""whites"", ""and"", ""asians"", ""by"", ""every"", ""measure"", ""that"", ""why"", ""black"", ""communities"", ""are"", ""an"", ""absolute"", ""mess"", ""if"", ""you"", ""believe"", ""in"", ""evolution"", ""you"", ""have"", ""to"", ""accept"", ""equality"", ""is"", ""a"", ""myth""]",hatespeech,Caucasian,"[0, 0, 0, 0, 0, 0, 0, 0, 0, 0, 0, 0, 0, 1, 1, 1, 1, 1, 1, 1, 1, 1, 1, 0, 0, 0, 0, 0, 0, 0, 0, 0, 0, 0, 0, 0, 0, 0, 0, 0, 0, 0, 0, 0]","[""blacks"", ""are"", ""inferior"", ""to"", ""whites"", ""and"", ""asians"", ""by"", ""every"", ""measure""]",204,44,10,True,offensive,"[0, 0, 0, 0, 0, 0, 0, 0, 0, 0, 0, 0, 0, 1, 1, 1, 1, 1, 1, 1, 1, 1, 1, 0, 0, 0, 0, 0, 0, 0, 0, 0, 0, 0, 0, 0, 0, 0, 0, 0, 0, 0, 0, 0]","[""blacks"", ""are"", ""inferior"", ""to"", ""whites"", ""and"", ""asians"", ""by"", ""every"", ""measure""]"
15997237_gab,train,they are not my fuxking people bitch i am a hindu not a fuxking sullah muslim us hindus have been dealing with these sullahs longer than your pasty white assess so shut the fuck up,"[""they"", ""are"", ""not"", ""my"", ""fuxking"", ""people"", ""bitch"", ""i"", ""am"", ""a"", ""hindu"", ""not"", ""a"", ""fuxking"", ""sullah"", ""muslim"", ""us"", ""hindus"", ""have"", ""been"", ""dealing"", ""with"", ""these"", ""sullahs"", ""longer"", ""than"", ""your"", ""pasty"", ""white"", ""assess"", ""so"", ""shut"", ""the"", ""fuck"", ""up""]",offensive,Caucasian,"[0, 0, 0, 0, 0, 0, 0, 0, 0, 0, 0, 0, 0, 1, 1, 1, 0, 0, 0, 0, 0, 0, 0, 0, 0, 0, 0, 1, 1, 1, 1, 1, 1, 1, 1]","[""fuxking"", ""sullah"", ""muslim"", ""pasty"", ""white"", ""assess"", ""so"", ""shut"", ""the"", ""fuck"", ""up""]",233,35,11,True,offensive,"[0, 0, 0, 0, 0, 0, 0, 0, 0, 0, 0, 0, 0, 0, 0, 0, 0, 0, 0, 0, 0, 0, 0, 0, 0, 0, 0, 1, 1, 1, 1, 1, 1, 1, 1]","[""pasty"", ""white"", ""assess"", ""so"", ""shut"", ""the"", ""fuck"", ""up""]"
16010947_gab,train,we are doing fine with our population whats your excuse of the dwindling white population besides being a limp dick faggot,"[""we"", ""are"", ""doing"", ""fine"", ""with"", ""our"", ""population"", ""whats"", ""your"", ""excuse"", ""of"", ""the"", ""dwindling"", ""white"", ""population"", ""besides"", ""being"", ""a"", ""limp"", ""dick"", ""faggot""]",hatespeech,Caucasian,"[0, 0, 0, 0, 0, 0, 0, 0, 0, 0, 0, 0, 0, 0, 0, 0, 0, 0, 1, 1, 1]","[""limp"", ""dick"", ""faggot""]",199,21,3,True,hatespeech,"[0, 0, 0, 0, 0, 0, 0, 0, 0, 0, 0, 0, 0, 0, 0, 0, 0, 0, 1, 1, 1]","[""limp"", ""dick"", ""faggot""]"
16051332_gab,val,white pill of the day,"[""white"", ""pill"", ""of"", ""the"", ""day""]",offensive,Caucasian,"[1, 1, 0, 0, 0]","[""white"", ""pill""]",201,5,2,True,offensive,"[1, 1, 0, 0, 0]","[""white"", ""pill""]"
16054852_gab,train,muslims say they will make it legal to rape white women when they take over europe wir bekommen jetzt schon den vorgeschmack auf das was sie in spätestens <number> jahren wahr werden lassen in <number> jahren ist meine tochter <number> jahre hilfe rette sich wer kann islamization,"[""muslims"", ""say"", ""they"", ""will"", ""make"", ""it"", ""legal"", ""to"", ""rape"", ""white"", ""women"", ""when"", ""they"", ""take"", ""over"", ""europe"", ""wir"", ""bekommen"", ""jetzt"", ""schon"", ""den"", ""vorgeschmack"", ""auf"", ""das"", ""was"", ""sie"", ""in"", ""sp\u00e4testens"", ""<number>"", ""jahren"", ""wahr"", ""werden"", ""lassen"", ""in"", ""<number>"", ""jahren"", ""ist"", ""meine"", ""tochter"", ""<number>"", ""jahre"", ""hilfe"", ""rette"", ""sich"", ""wer"", ""kann"", ""islamization""]",offensive,Caucasian,"[0, 0, 0, 0, 0, 0, 0, 0, 0, 0, 0, 0, 0, 0, 0, 0, 1, 1, 1, 1, 0, 0, 0, 0, 0, 0, 0, 0, 0, 0, 0, 0, 0, 0, 0, 0, 0, 0, 0, 0, 0, 0, 0, 0, 0, 0, 0]","[""wir"", ""bekommen"", ""jetzt"", ""schon""]",199,47,4,True,hatespeech,"[0, 0, 0, 0, 0, 0, 0, 0, 0, 0, 0, 0, 0, 0, 0, 0, 0, 0, 0, 0, 0, 0, 0, 0, 0, 0, 0, 0, 0, 0, 0, 0, 0, 0, 0, 0, 0, 0, 0, 0, 0, 0, 0, 0, 0, 0, 0]",[]
16075546_gab,train,let not forget the black vote <number> yrs they voted for crumbling inner city ghettos tainted water race riots white ignorant dependent government assistance opioids poor schools illegal 👽 no work they listened to out of state democrats yes fuck mcconnell and his gang soros bitch boys,"[""let"", ""not"", ""forget"", ""the"", ""black"", ""vote"", ""<number>"", ""yrs"", ""they"", ""voted"", ""for"", ""crumbling"", ""inner"", ""city"", ""ghettos"", ""tainted"", ""water"", ""race"", ""riots"", ""white"", ""ignorant"", ""dependent"", ""government"", ""assistance"", ""opioids"", ""poor"", ""schools"", ""illegal"", ""\ud83d\udc7d"", ""no"", ""work"", ""they"", ""listened"", ""to"", ""out"", ""of"", ""state"", ""democrats"", ""yes"", ""fuck"", ""mcconnell"", ""and"", ""his"", ""gang"", ""soros"", ""bitch"", ""boys""]",hatespeech,Caucasian,"[0, 0, 0, 0, 1, 1, 1, 0, 0, 0, 0, 0, 0, 0, 0, 0, 0, 0, 0, 0, 0, 0, 0, 0, 0, 0, 0, 0, 0, 0, 0, 0, 0, 0, 0, 0, 0, 0, 0, 0, 0, 0, 0, 0, 0, 0, 0]","[""black"", ""vote"", ""<number>""]",210,47,3,True,offensive,"[0, 0, 0, 0, 0, 0, 0, 0, 0, 0, 0, 0, 0, 0, 0, 0, 0, 0, 0, 0, 0, 0, 0, 0, 0, 0, 0, 0, 0, 0, 0, 0, 0, 0, 0, 0, 0, 0, 0, 0, 0, 0, 0, 0, 0, 0, 0]",[]
16137738_gab,train,no idea what in the hell this one is for or about but said ad is dysfunctional on top of miscegenational epsilon level <number> eyed pansy male white woman mystery meat urkel kid perhaps a sambo girl adopted why would anyone but a racially sick person adopt black africa finest pathetic wn,"[""no"", ""idea"", ""what"", ""in"", ""the"", ""hell"", ""this"", ""one"", ""is"", ""for"", ""or"", ""about"", ""but"", ""said"", ""ad"", ""is"", ""dysfunctional"", ""on"", ""top"", ""of"", ""miscegenational"", ""epsilon"", ""level"", ""<number>"", ""eyed"", ""pansy"", ""male"", ""white"", ""woman"", ""mystery"", ""meat"", ""urkel"", ""kid"", ""perhaps"", ""a"", ""sambo"", ""girl"", ""adopted"", ""why"", ""would"", ""anyone"", ""but"", ""a"", ""racially"", ""sick"", ""person"", ""adopt"", ""black"", ""africa"", ""finest"", ""pathetic"", ""wn""]",offensive,Caucasian,"[0, 0, 0, 0, 0, 0, 0, 0, 0, 0, 0, 0, 0, 0, 0, 0, 0, 0, 0, 0, 0, 0, 0, 0, 0, 1, 1, 0, 0, 0, 0, 0, 0, 0, 0, 1, 1, 0, 1, 1, 1, 1, 1, 1, 1, 1, 1, 1, 1, 1, 0, 0]","[""pansy"", ""male"", ""sambo"", ""girl"", ""why"", ""would"", ""anyone"", ""but"", ""a"", ""racially"", ""sick"", ""person"", ""adopt"", ""black"", ""africa"", ""finest""]",199,52,16,True,offensive,"[0, 0, 0, 0, 0, 0, 0, 0, 0, 0, 0, 0, 0, 0, 0, 0, 0, 0, 0, 0, 0, 0, 0, 0, 0, 1, 1, 0, 0, 0, 0, 0, 0, 0, 0, 1, 1, 0, 0, 0, 0, 0, 0, 0, 0, 0, 0, 0, 0, 0, 0, 0]","[""pansy"", ""male"", ""sambo"", ""girl""]"
16149560_gab,train,why do not white people go to college as much it def helps,"[""why"", ""do"", ""not"", ""white"", ""people"", ""go"", ""to"", ""college"", ""as"", ""much"", ""it"", ""def"", ""helps""]",offensive,Caucasian,"[0, 0, 0, 1, 1, 1, 1, 1, 1, 1, 0, 0, 0]","[""white"", ""people"", ""go"", ""to"", ""college"", ""as"", ""much""]",200,13,7,True,offensive,"[0, 0, 0, 1, 1, 1, 1, 1, 0, 0, 0, 0, 0]","[""white"", ""people"", ""go"", ""to"", ""college""]"
16305704_gab,train,the alt right is corrupted with people supporting racemixing with asians and homosexuals it time for a new nationalism,"[""the"", ""alt"", ""right"", ""is"", ""corrupted"", ""with"", ""people"", ""supporting"", ""racemixing"", ""with"", ""asians"", ""and"", ""homosexuals"", ""it"", ""time"", ""for"", ""a"", ""new"", ""nationalism""]",hatespeech,Caucasian,"[0, 0, 0, 0, 0, 0, 1, 1, 1, 1, 1, 1, 1, 0, 0, 0, 0, 0, 0]","[""people"", ""supporting"", ""racemixing"", ""with"", ""asians"", ""and"", ""homosexuals""]",250,19,7,True,hatespeech,"[0, 0, 0, 0, 0, 0, 0, 1, 1, 1, 1, 1, 1, 0, 0, 0, 0, 0, 0]","[""supporting"", ""racemixing"", ""with"", ""asians"", ""and"", ""homosexuals""]"
16338614_gab,train,if you are a self hating white a cuck a nigger or a kike and you have followed me here hoping to start shit the only thing you are going to do is get triggered,"[""if"", ""you"", ""are"", ""a"", ""self"", ""hating"", ""white"", ""a"", ""cuck"", ""a"", ""nigger"", ""or"", ""a"", ""kike"", ""and"", ""you"", ""have"", ""followed"", ""me"", ""here"", ""hoping"", ""to"", ""start"", ""shit"", ""the"", ""only"", ""thing"", ""you"", ""are"", ""going"", ""to"", ""do"", ""is"", ""get"", ""triggered""]",offensive,Caucasian,"[0, 0, 0, 0, 0, 0, 0, 0, 0, 0, 1, 0, 0, 1, 0, 0, 0, 0, 0, 0, 0, 0, 0, 0, 0, 0, 0, 0, 0, 0, 0, 0, 0, 0, 0]","[""nigger"", ""kike""]",232,35,2,True,offensive,"[0, 0, 0, 0, 0, 0, 0, 0, 0, 0, 1, 0, 0, 1, 0, 0, 0, 0, 0, 0, 0, 0, 0, 0, 0, 0, 0, 0, 0, 0, 0, 0, 0, 0, 0]","[""nigger"", ""kike""]"
16349811_gab,train,for fucks sake the negroe men in africa prefer their women to be lighter skinned in brazil likewise in other words only far left wing white people in europe claim to not see color,"[""for"", ""fucks"", ""sake"", ""the"", ""negroe"", ""men"", ""in"", ""africa"", ""prefer"", ""their"", ""women"", ""to"", ""be"", ""lighter"", ""skinned"", ""in"", ""brazil"", ""likewise"", ""in"", ""other"", ""words"", ""only"", ""far"", ""left"", ""wing"", ""white"", ""people"", ""in"", ""europe"", ""claim"", ""to"", ""not"", ""see"", ""color""]",offensive,Caucasian,"[0, 0, 0, 0, 1, 1, 0, 0, 0, 0, 0, 0, 0, 0, 0, 0, 0, 0, 0, 0, 0, 0, 0, 0, 0, 0, 0, 0, 0, 0, 0, 0, 0, 0]","[""negroe"", ""men""]",199,34,2,True,offensive,"[0, 0, 0, 0, 1, 1, 0, 0, 0, 0, 0, 0, 0, 0, 0, 0, 0, 0, 0, 0, 0, 0, 0, 0, 0, 0, 0, 0, 0, 0, 0, 0, 0, 0]","[""negroe"", ""men""]"
16353302_gab,train,good morning to all the new gabbers except kikes liberals fags leftists communists boomers zionists israel firstitards antifags spics and niggers because,"[""good"", ""morning"", ""to"", ""all"", ""the"", ""new"", ""gabbers"", ""except"", ""kikes"", ""liberals"", ""fags"", ""leftists"", ""communists"", ""boomers"", ""zionists"", ""israel"", ""firstitards"", ""antifags"", ""spics"", ""and"", ""niggers"", ""because""]",hatespeech,Caucasian,"[0, 0, 0, 0, 0, 0, 0, 0, 1, 0, 1, 0, 1, 1, 1, 1, 1, 1, 1, 1, 1, 0]","[""kikes"", ""fags"", ""communists"", ""boomers"", ""zionists"", ""israel"", ""firstitards"", ""antifags"", ""spics"", ""and"", ""niggers""]",250,22,11,True,hatespeech,"[0, 0, 0, 0, 0, 0, 0, 0, 1, 0, 1, 0, 1, 1, 1, 1, 1, 1, 1, 1, 1, 0]","[""kikes"", ""fags"", ""communists"", ""boomers"", ""zionists"", ""israel"", ""firstitards"", ""antifags"", ""spics"", ""and"", ""niggers""]"
16364187_gab,val,porn is just the way the jews are trying to stop whites from making more whites you cant get your hand pregnant and it turns young men into betas,"[""porn"", ""is"", ""just"", ""the"", ""way"", ""the"", ""jews"", ""are"", ""trying"", ""to"", ""stop"", ""whites"", ""from"", ""making"", ""more"", ""whites"", ""you"", ""cant"", ""get"", ""your"", ""hand"", ""pregnant"", ""and"", ""it"", ""turns"", ""young"", ""men"", ""into"", ""betas""]",offensive,Caucasian,"[0, 0, 0, 0, 0, 0, 0, 0, 1, 1, 1, 1, 1, 1, 1, 1, 1, 1, 1, 1, 1, 1, 1, 1, 1, 1, 1, 1, 1]","[""trying"", ""to"", ""stop"", ""whites"", ""from"", ""making"", ""more"", ""whites"", ""you"", ""cant"", ""get"", ""your"", ""hand"", ""pregnant"", ""and"", ""it"", ""turns"", ""young"", ""men"", ""into"", ""betas""]",216,29,21,True,offensive,"[0, 0, 0, 0, 0, 0, 0, 0, 0, 0, 0, 0, 0, 0, 0, 0, 0, 0, 0, 0, 0, 0, 0, 0, 0, 0, 0, 0, 0]",[]
16387910_gab,train,a white christmas for twitter refugees snowflakes not welcome,"[""a"", ""white"", ""christmas"", ""for"", ""twitter"", ""refugees"", ""snowflakes"", ""not"", ""welcome""]",offensive,Caucasian,"[0, 1, 1, 1, 1, 1, 1, 1, 1]","[""white"", ""christmas"", ""for"", ""twitter"", ""refugees"", ""snowflakes"", ""not"", ""welcome""]",248,9,8,True,offensive,"[0, 0, 0, 0, 0, 0, 1, 1, 1]","[""snowflakes"", ""not"", ""welcome""]"
16387934_gab,train,do not appropriate words you have no fucking clue on nazi aryan is not the retarded definition that you white supremacist cunts continue to believe,"[""do"", ""not"", ""appropriate"", ""words"", ""you"", ""have"", ""no"", ""fucking"", ""clue"", ""on"", ""nazi"", ""aryan"", ""is"", ""not"", ""the"", ""retarded"", ""definition"", ""that"", ""you"", ""white"", ""supremacist"", ""cunts"", ""continue"", ""to"", ""believe""]",hatespeech,Caucasian,"[0, 0, 0, 0, 0, 0, 0, 0, 0, 0, 0, 0, 0, 0, 0, 0, 0, 0, 0, 1, 1, 1, 0, 0, 0]","[""white"", ""supremacist"", ""cunts""]",204,25,3,True,hatespeech,"[0, 0, 0, 0, 0, 0, 0, 0, 0, 0, 0, 0, 0, 0, 0, 0, 0, 0, 0, 1, 1, 1, 0, 0, 0]","[""white"", ""supremacist"", ""cunts""]"
16434890_gab,train,intense white male listening is just as threatening and violent as the white male gaze stop listening at us,"[""intense"", ""white"", ""male"", ""listening"", ""is"", ""just"", ""as"", ""threatening"", ""and"", ""violent"", ""as"", ""the"", ""white"", ""male"", ""gaze"", ""stop"", ""listening"", ""at"", ""us""]",offensive,Caucasian,"[1, 1, 1, 1, 0, 0, 0, 0, 0, 0, 0, 0, 1, 1, 1, 0, 0, 0, 0]","[""intense"", ""white"", ""male"", ""listening"", ""white"", ""male"", ""gaze""]",203,19,7,True,offensive,"[0, 1, 1, 0, 0, 0, 0, 0, 0, 0, 0, 0, 1, 1, 0, 0, 0, 0, 0]","[""white"", ""male"", ""white"", ""male""]"
16434890_gab,train,intense white male listening is just as threatening and violent as the white male gaze stop listening at us,"[""intense"", ""white"", ""male"", ""listening"", ""is"", ""just"", ""as"", ""threatening"", ""and"", ""violent"", ""as"", ""the"", ""white"", ""male"", ""gaze"", ""stop"", ""listening"", ""at"", ""us""]",normal,Caucasian,"[0, 1, 1, 0, 0, 1, 1, 1, 1, 1, 0, 0, 1, 1, 0, 0, 0, 0, 0]","[""white"", ""male"", ""just"", ""as"", ""threatening"", ""and"", ""violent"", ""white"", ""male""]",204,19,9,True,offensive,"[0, 1, 1, 0, 0, 0, 0, 0, 0, 0, 0, 0, 1, 1, 0, 0, 0, 0, 0]","[""white"", ""male"", ""white"", ""male""]"
16520172_gab,train,most whites adapt pretty easy to being a minority as long as the new majority are not violent idiots like blacks whites flee becoming a minority to blacks but they just accept becoming minorities to asians and hispanics,"[""most"", ""whites"", ""adapt"", ""pretty"", ""easy"", ""to"", ""being"", ""a"", ""minority"", ""as"", ""long"", ""as"", ""the"", ""new"", ""majority"", ""are"", ""not"", ""violent"", ""idiots"", ""like"", ""blacks"", ""whites"", ""flee"", ""becoming"", ""a"", ""minority"", ""to"", ""blacks"", ""but"", ""they"", ""just"", ""accept"", ""becoming"", ""minorities"", ""to"", ""asians"", ""and"", ""hispanics""]",offensive,Caucasian,"[0, 0, 0, 0, 0, 0, 0, 0, 0, 0, 0, 0, 0, 0, 0, 0, 0, 1, 1, 1, 1, 0, 0, 0, 0, 0, 0, 0, 0, 0, 0, 0, 0, 0, 0, 0, 0, 0]","[""violent"", ""idiots"", ""like"", ""blacks""]",238,38,4,True,offensive,"[0, 0, 0, 0, 0, 0, 0, 0, 0, 0, 0, 0, 0, 0, 0, 0, 0, 1, 1, 1, 1, 0, 0, 0, 0, 0, 0, 0, 0, 0, 0, 0, 0, 0, 0, 0, 0, 0]","[""violent"", ""idiots"", ""like"", ""blacks""]"
16520172_gab,train,most whites adapt pretty easy to being a minority as long as the new majority are not violent idiots like blacks whites flee becoming a minority to blacks but they just accept becoming minorities to asians and hispanics,"[""most"", ""whites"", ""adapt"", ""pretty"", ""easy"", ""to"", ""being"", ""a"", ""minority"", ""as"", ""long"", ""as"", ""the"", ""new"", ""majority"", ""are"", ""not"", ""violent"", ""idiots"", ""like"", ""blacks"", ""whites"", ""flee"", ""becoming"", ""a"", ""minority"", ""to"", ""blacks"", ""but"", ""they"", ""just"", ""accept"", ""becoming"", ""minorities"", ""to"", ""asians"", ""and"", ""hispanics""]",offensive,Caucasian,"[0, 0, 0, 0, 0, 0, 0, 0, 0, 0, 0, 0, 0, 0, 0, 0, 0, 1, 1, 1, 1, 0, 0, 0, 0, 0, 0, 0, 0, 0, 0, 0, 0, 0, 0, 0, 0, 0]","[""violent"", ""idiots"", ""like"", ""blacks""]",203,38,4,True,offensive,"[0, 0, 0, 0, 0, 0, 0, 0, 0, 0, 0, 0, 0, 0, 0, 0, 0, 1, 1, 1, 1, 0, 0, 0, 0, 0, 0, 0, 0, 0, 0, 0, 0, 0, 0, 0, 0, 0]","[""violent"", ""idiots"", ""like"", ""blacks""]"
16537620_gab,train,sad but true in my state pitbull owners are usually in the ghetto or barrio i e black hispanic gangbangers or out in the boondocks trailer parks doped up white trash tweakers juggalos crim bikers pitbull ownership is highly correlated with having a felony record and or drug habit,"[""sad"", ""but"", ""true"", ""in"", ""my"", ""state"", ""pitbull"", ""owners"", ""are"", ""usually"", ""in"", ""the"", ""ghetto"", ""or"", ""barrio"", ""i"", ""e"", ""black"", ""hispanic"", ""gangbangers"", ""or"", ""out"", ""in"", ""the"", ""boondocks"", ""trailer"", ""parks"", ""doped"", ""up"", ""white"", ""trash"", ""tweakers"", ""juggalos"", ""crim"", ""bikers"", ""pitbull"", ""ownership"", ""is"", ""highly"", ""correlated"", ""with"", ""having"", ""a"", ""felony"", ""record"", ""and"", ""or"", ""drug"", ""habit""]",offensive,Caucasian,"[0, 0, 0, 0, 0, 0, 0, 0, 0, 0, 0, 0, 0, 0, 0, 0, 0, 1, 1, 1, 0, 0, 0, 0, 0, 0, 0, 1, 1, 1, 1, 1, 1, 1, 1, 0, 0, 0, 0, 0, 0, 0, 0, 0, 0, 0, 0, 0, 0]","[""black"", ""hispanic"", ""gangbangers"", ""doped"", ""up"", ""white"", ""trash"", ""tweakers"", ""juggalos"", ""crim"", ""bikers""]",199,49,11,True,offensive,"[0, 0, 0, 0, 0, 0, 0, 0, 0, 0, 0, 0, 0, 0, 0, 0, 0, 0, 0, 0, 0, 0, 0, 0, 0, 0, 0, 0, 0, 1, 1, 1, 0, 0, 0, 0, 0, 0, 0, 0, 0, 0, 0, 0, 0, 0, 0, 0, 0]","[""white"", ""trash"", ""tweakers""]"
16622003_gab,train,problem is the jews have infinity niggers at their disposal theyve got niggers sand niggers and beaners enough to keep whites busy until you and i are dead,"[""problem"", ""is"", ""the"", ""jews"", ""have"", ""infinity"", ""niggers"", ""at"", ""their"", ""disposal"", ""theyve"", ""got"", ""niggers"", ""sand"", ""niggers"", ""and"", ""beaners"", ""enough"", ""to"", ""keep"", ""whites"", ""busy"", ""until"", ""you"", ""and"", ""i"", ""are"", ""dead""]",offensive,Caucasian,"[0, 0, 1, 1, 1, 1, 1, 1, 1, 1, 0, 0, 1, 1, 1, 1, 1, 1, 1, 1, 1, 1, 1, 1, 1, 1, 1, 1]","[""the"", ""jews"", ""have"", ""infinity"", ""niggers"", ""at"", ""their"", ""disposal"", ""niggers"", ""sand"", ""niggers"", ""and"", ""beaners"", ""enough"", ""to"", ""keep"", ""whites"", ""busy"", ""until"", ""you"", ""and"", ""i"", ""are"", ""dead""]",202,28,24,True,hatespeech,"[0, 0, 0, 0, 0, 1, 1, 0, 0, 0, 0, 0, 1, 1, 1, 1, 1, 1, 1, 1, 1, 1, 1, 1, 1, 1, 1, 1]","[""infinity"", ""niggers"", ""niggers"", ""sand"", ""niggers"", ""and"", ""beaners"", ""enough"", ""to"", ""keep"", ""whites"", ""busy"", ""until"", ""you"", ""and"", ""i"", ""are"", ""dead""]"
16824936_gab,train,of course he does not look white to you you are not intelligent enough to observe obvious similarities you are too stupid to be a part of this republic pack your shit retarded degenerate,"[""of"", ""course"", ""he"", ""does"", ""not"", ""look"", ""white"", ""to"", ""you"", ""you"", ""are"", ""not"", ""intelligent"", ""enough"", ""to"", ""observe"", ""obvious"", ""similarities"", ""you"", ""are"", ""too"", ""stupid"", ""to"", ""be"", ""a"", ""part"", ""of"", ""this"", ""republic"", ""pack"", ""your"", ""shit"", ""retarded"", ""degenerate""]",offensive,Caucasian,"[0, 0, 0, 0, 0, 0, 0, 0, 0, 0, 0, 0, 0, 0, 0, 0, 0, 0, 0, 0, 0, 0, 0, 0, 0, 0, 0, 0, 0, 0, 0, 0, 1, 0]","[""retarded""]",199,34,1,True,offensive,"[0, 0, 0, 0, 0, 0, 0, 0, 0, 0, 0, 0, 0, 0, 0, 0, 0, 0, 0, 0, 0, 0, 0, 0, 0, 0, 0, 0, 0, 0, 0, 0, 1, 0]","[""retarded""]"
16825784_gab,train,<number> of white women are just awful,"[""<number>"", ""of"", ""white"", ""women"", ""are"", ""just"", ""awful""]",offensive,Caucasian,"[1, 1, 1, 1, 1, 1, 1]","[""<number>"", ""of"", ""white"", ""women"", ""are"", ""just"", ""awful""]",221,7,7,True,offensive,"[1, 1, 1, 1, 1, 1, 1]","[""<number>"", ""of"", ""white"", ""women"", ""are"", ""just"", ""awful""]"
16830069_gab,train,men of color do not care to meet white parents they do not care what you think when they take your daughter to live in the ghetto or take her to a muslim colony you are white people and they hate your guts,"[""men"", ""of"", ""color"", ""do"", ""not"", ""care"", ""to"", ""meet"", ""white"", ""parents"", ""they"", ""do"", ""not"", ""care"", ""what"", ""you"", ""think"", ""when"", ""they"", ""take"", ""your"", ""daughter"", ""to"", ""live"", ""in"", ""the"", ""ghetto"", ""or"", ""take"", ""her"", ""to"", ""a"", ""muslim"", ""colony"", ""you"", ""are"", ""white"", ""people"", ""and"", ""they"", ""hate"", ""your"", ""guts""]",offensive,Caucasian,"[1, 1, 1, 1, 1, 1, 1, 1, 1, 1, 0, 0, 0, 0, 0, 0, 0, 0, 0, 0, 0, 0, 0, 0, 0, 0, 0, 0, 0, 0, 0, 0, 0, 0, 0, 0, 1, 1, 1, 1, 1, 1, 1]","[""men"", ""of"", ""color"", ""do"", ""not"", ""care"", ""to"", ""meet"", ""white"", ""parents"", ""white"", ""people"", ""and"", ""they"", ""hate"", ""your"", ""guts""]",202,43,17,True,offensive,"[1, 1, 1, 1, 1, 1, 1, 1, 1, 1, 0, 0, 0, 0, 0, 0, 0, 0, 0, 0, 0, 0, 0, 0, 0, 0, 0, 0, 0, 0, 0, 0, 0, 0, 0, 0, 1, 1, 1, 1, 1, 1, 1]","[""men"", ""of"", ""color"", ""do"", ""not"", ""care"", ""to"", ""meet"", ""white"", ""parents"", ""white"", ""people"", ""and"", ""they"", ""hate"", ""your"", ""guts""]"
16831187_gab,val,the jew programming is not silent on the matter though is it according to them white people keep money and jobs out of the hands of blacks who are forced to become dindus and chimp out with retard level violence if only we gave them reparations they would be superintelligent space explorers,"[""the"", ""jew"", ""programming"", ""is"", ""not"", ""silent"", ""on"", ""the"", ""matter"", ""though"", ""is"", ""it"", ""according"", ""to"", ""them"", ""white"", ""people"", ""keep"", ""money"", ""and"", ""jobs"", ""out"", ""of"", ""the"", ""hands"", ""of"", ""blacks"", ""who"", ""are"", ""forced"", ""to"", ""become"", ""dindus"", ""and"", ""chimp"", ""out"", ""with"", ""retard"", ""level"", ""violence"", ""if"", ""only"", ""we"", ""gave"", ""them"", ""reparations"", ""they"", ""would"", ""be"", ""superintelligent"", ""space"", ""explorers""]",offensive,Caucasian,"[0, 1, 1, 0, 0, 0, 0, 0, 0, 0, 0, 0, 0, 0, 0, 0, 0, 0, 0, 0, 0, 0, 0, 0, 0, 0, 0, 0, 0, 0, 0, 0, 0, 0, 0, 0, 0, 1, 1, 1, 0, 0, 0, 0, 0, 0, 0, 0, 0, 0, 0, 0]","[""jew"", ""programming"", ""retard"", ""level"", ""violence""]",202,52,5,True,offensive,"[0, 1, 1, 0, 0, 0, 0, 0, 0, 0, 0, 0, 0, 0, 0, 0, 0, 0, 0, 0, 0, 0, 0, 0, 0, 0, 0, 0, 0, 0, 0, 0, 0, 0, 0, 0, 0, 1, 1, 1, 0, 0, 0, 0, 0, 0, 0, 0, 0, 0, 0, 0]","[""jew"", ""programming"", ""retard"", ""level"", ""violence""]"
16883713_gab,test,when america was white no ghettos no handouts almost no taxes no men of color trying to have sex with your <number> year old daughter almost no crime the left says the white communities must die out,"[""when"", ""america"", ""was"", ""white"", ""no"", ""ghettos"", ""no"", ""handouts"", ""almost"", ""no"", ""taxes"", ""no"", ""men"", ""of"", ""color"", ""trying"", ""to"", ""have"", ""sex"", ""with"", ""your"", ""<number>"", ""year"", ""old"", ""daughter"", ""almost"", ""no"", ""crime"", ""the"", ""left"", ""says"", ""the"", ""white"", ""communities"", ""must"", ""die"", ""out""]",hatespeech,Caucasian,"[0, 0, 0, 1, 0, 1, 0, 1, 0, 0, 0, 1, 1, 1, 1, 1, 1, 1, 1, 1, 1, 1, 1, 1, 1, 0, 0, 0, 0, 1, 1, 1, 1, 1, 1, 1, 1]","[""white"", ""ghettos"", ""handouts"", ""no"", ""men"", ""of"", ""color"", ""trying"", ""to"", ""have"", ""sex"", ""with"", ""your"", ""<number>"", ""year"", ""old"", ""daughter"", ""left"", ""says"", ""the"", ""white"", ""communities"", ""must"", ""die"", ""out""]",199,37,25,True,hatespeech,"[0, 0, 0, 0, 0, 1, 0, 0, 0, 0, 0, 1, 1, 1, 1, 1, 1, 1, 1, 1, 1, 1, 1, 1, 1, 0, 0, 0, 0, 0, 0, 0, 0, 0, 0, 0, 0]","[""ghettos"", ""no"", ""men"", ""of"", ""color"", ""trying"", ""to"", ""have"", ""sex"", ""with"", ""your"", ""<number>"", ""year"", ""old"", ""daughter""]"
16884802_gab,train,i am ashamed that bill hillary are white they are a disgrace to their white skin they do not represent my race they are ghetto as al sharpton and jessie jackson or mlk,"[""i"", ""am"", ""ashamed"", ""that"", ""bill"", ""hillary"", ""are"", ""white"", ""they"", ""are"", ""a"", ""disgrace"", ""to"", ""their"", ""white"", ""skin"", ""they"", ""do"", ""not"", ""represent"", ""my"", ""race"", ""they"", ""are"", ""ghetto"", ""as"", ""al"", ""sharpton"", ""and"", ""jessie"", ""jackson"", ""or"", ""mlk""]",offensive,Caucasian,"[0, 0, 0, 0, 0, 0, 0, 0, 0, 0, 0, 0, 0, 0, 0, 0, 0, 0, 0, 0, 0, 0, 0, 0, 1, 0, 0, 0, 0, 0, 0, 0, 0]","[""ghetto""]",232,33,1,True,hatespeech,"[0, 0, 0, 0, 0, 0, 0, 0, 0, 0, 0, 0, 0, 0, 0, 0, 0, 0, 0, 0, 0, 0, 0, 0, 1, 0, 0, 0, 0, 0, 0, 0, 0]","[""ghetto""]"
16896639_gab,train,welcome to america home the degenerate globalist scum who pride themselves on brainwashing and manipulating other people children in the hopes of eventually creating a mindless ghetto of exquisite slave perfection,"[""welcome"", ""to"", ""america"", ""home"", ""the"", ""degenerate"", ""globalist"", ""scum"", ""who"", ""pride"", ""themselves"", ""on"", ""brainwashing"", ""and"", ""manipulating"", ""other"", ""people"", ""children"", ""in"", ""the"", ""hopes"", ""of"", ""eventually"", ""creating"", ""a"", ""mindless"", ""ghetto"", ""of"", ""exquisite"", ""slave"", ""perfection""]",offensive,Caucasian,"[0, 0, 0, 0, 0, 1, 1, 1, 0, 0, 0, 0, 0, 0, 0, 0, 0, 0, 0, 0, 0, 0, 0, 0, 0, 0, 1, 0, 0, 0, 0]","[""degenerate"", ""globalist"", ""scum"", ""ghetto""]",211,31,4,True,offensive,"[0, 0, 0, 0, 0, 1, 1, 1, 0, 0, 0, 0, 0, 0, 0, 0, 0, 0, 0, 0, 0, 0, 0, 0, 0, 0, 1, 0, 0, 0, 0]","[""degenerate"", ""globalist"", ""scum"", ""ghetto""]"
16912340_gab,train,an idiot child who thought his nazi fan boy ramblings were nuggets of gold,"[""an"", ""idiot"", ""child"", ""who"", ""thought"", ""his"", ""nazi"", ""fan"", ""boy"", ""ramblings"", ""were"", ""nuggets"", ""of"", ""gold""]",offensive,Caucasian,"[0, 1, 1, 0, 0, 0, 1, 1, 0, 0, 0, 0, 0, 0]","[""idiot"", ""child"", ""nazi"", ""fan""]",207,14,4,True,offensive,"[0, 1, 1, 0, 0, 0, 1, 1, 0, 0, 0, 0, 0, 0]","[""idiot"", ""child"", ""nazi"", ""fan""]"
16951770_gab,train,the absolute lunacy of sand nigger politicians in europe banning those of european descent from entering parts of europe puh leez trump belongs in london more than sadiq khan,"[""the"", ""absolute"", ""lunacy"", ""of"", ""sand"", ""nigger"", ""politicians"", ""in"", ""europe"", ""banning"", ""those"", ""of"", ""european"", ""descent"", ""from"", ""entering"", ""parts"", ""of"", ""europe"", ""puh"", ""leez"", ""trump"", ""belongs"", ""in"", ""london"", ""more"", ""than"", ""sadiq"", ""khan""]",hatespeech,Caucasian,"[0, 0, 0, 0, 1, 1, 0, 0, 0, 0, 0, 0, 0, 0, 0, 0, 0, 0, 0, 0, 0, 0, 0, 0, 0, 0, 0, 0, 0]","[""sand"", ""nigger""]",199,29,2,True,hatespeech,"[0, 0, 0, 0, 1, 1, 0, 0, 0, 0, 0, 0, 0, 0, 0, 0, 0, 0, 0, 0, 0, 0, 0, 0, 0, 0, 0, 0, 0]","[""sand"", ""nigger""]"
16965071_gab,train,what happens when you import niggers mudslimes their culture includes gang rape and honor killings of course they have no regard for western values they cant overcome there nature i do not blame the poc slime i blame the whites who let them in and the jews scheming has an effect,"[""what"", ""happens"", ""when"", ""you"", ""import"", ""niggers"", ""mudslimes"", ""their"", ""culture"", ""includes"", ""gang"", ""rape"", ""and"", ""honor"", ""killings"", ""of"", ""course"", ""they"", ""have"", ""no"", ""regard"", ""for"", ""western"", ""values"", ""they"", ""cant"", ""overcome"", ""there"", ""nature"", ""i"", ""do"", ""not"", ""blame"", ""the"", ""poc"", ""slime"", ""i"", ""blame"", ""the"", ""whites"", ""who"", ""let"", ""them"", ""in"", ""and"", ""the"", ""jews"", ""scheming"", ""has"", ""an"", ""effect""]",hatespeech,Caucasian,"[0, 0, 0, 0, 0, 1, 1, 0, 0, 0, 0, 0, 0, 0, 0, 0, 0, 0, 0, 0, 0, 0, 0, 0, 0, 0, 0, 0, 0, 0, 0, 0, 0, 0, 1, 1, 0, 0, 0, 0, 0, 0, 0, 0, 0, 0, 0, 0, 0, 0, 0]","[""niggers"", ""mudslimes"", ""poc"", ""slime""]",199,51,4,True,hatespeech,"[0, 0, 0, 0, 0, 1, 1, 0, 0, 0, 0, 0, 0, 0, 0, 0, 0, 0, 0, 0, 0, 0, 0, 0, 0, 0, 0, 0, 0, 0, 0, 0, 0, 0, 1, 1, 0, 0, 0, 0, 0, 0, 0, 0, 0, 0, 0, 0, 0, 0, 0]","[""niggers"", ""mudslimes"", ""poc"", ""slime""]"
17007050_gab,train,legal to call for the death of all white men illegal to joke about football players legal to kick white women in the head while yelling kill the white slag as long as youre muslim the turkish diversity officer was freed and charges dropped later on judge said it wasnt offensive,"[""legal"", ""to"", ""call"", ""for"", ""the"", ""death"", ""of"", ""all"", ""white"", ""men"", ""illegal"", ""to"", ""joke"", ""about"", ""football"", ""players"", ""legal"", ""to"", ""kick"", ""white"", ""women"", ""in"", ""the"", ""head"", ""while"", ""yelling"", ""kill"", ""the"", ""white"", ""slag"", ""as"", ""long"", ""as"", ""youre"", ""muslim"", ""the"", ""turkish"", ""diversity"", ""officer"", ""was"", ""freed"", ""and"", ""charges"", ""dropped"", ""later"", ""on"", ""judge"", ""said"", ""it"", ""wasnt"", ""offensive""]",hatespeech,Caucasian,"[0, 0, 0, 0, 0, 0, 0, 0, 0, 0, 0, 0, 0, 0, 0, 0, 0, 0, 0, 0, 0, 0, 0, 0, 0, 0, 1, 1, 1, 1, 0, 0, 0, 0, 0, 0, 0, 0, 0, 0, 0, 0, 0, 0, 0, 0, 0, 0, 0, 0, 0]","[""kill"", ""the"", ""white"", ""slag""]",210,51,4,True,offensive,"[0, 0, 0, 0, 0, 0, 0, 0, 0, 0, 0, 0, 0, 0, 0, 0, 0, 0, 0, 0, 0, 0, 0, 0, 0, 0, 1, 1, 1, 1, 0, 0, 0, 0, 0, 0, 0, 0, 0, 0, 0, 0, 0, 0, 0, 0, 0, 0, 0, 0, 0]","[""kill"", ""the"", ""white"", ""slag""]"
17021222_gab,val,i want <number> walls all non white immigration stopped <number> million beaners deported blacks repatriated asians monitored and muslims removed the jews get the oven mix breeds sterilized fuck just get rid of the asians too,"[""i"", ""want"", ""<number>"", ""walls"", ""all"", ""non"", ""white"", ""immigration"", ""stopped"", ""<number>"", ""million"", ""beaners"", ""deported"", ""blacks"", ""repatriated"", ""asians"", ""monitored"", ""and"", ""muslims"", ""removed"", ""the"", ""jews"", ""get"", ""the"", ""oven"", ""mix"", ""breeds"", ""sterilized"", ""fuck"", ""just"", ""get"", ""rid"", ""of"", ""the"", ""asians"", ""too""]",hatespeech,Caucasian,"[1, 1, 1, 1, 1, 1, 1, 1, 1, 1, 1, 1, 1, 1, 1, 1, 1, 1, 1, 1, 1, 1, 1, 1, 1, 1, 1, 1, 1, 1, 1, 1, 1, 1, 1, 1]","[""i"", ""want"", ""<number>"", ""walls"", ""all"", ""non"", ""white"", ""immigration"", ""stopped"", ""<number>"", ""million"", ""beaners"", ""deported"", ""blacks"", ""repatriated"", ""asians"", ""monitored"", ""and"", ""muslims"", ""removed"", ""the"", ""jews"", ""get"", ""the"", ""oven"", ""mix"", ""breeds"", ""sterilized"", ""fuck"", ""just"", ""get"", ""rid"", ""of"", ""the"", ""asians"", ""too""]",199,36,36,True,hatespeech,"[1, 1, 1, 1, 1, 1, 1, 1, 1, 1, 1, 1, 1, 1, 1, 1, 1, 1, 1, 1, 1, 1, 1, 1, 1, 1, 1, 1, 1, 1, 1, 1, 1, 1, 1, 1]","[""i"", ""want"", ""<number>"", ""walls"", ""all"", ""non"", ""white"", ""immigration"", ""stopped"", ""<number>"", ""million"", ""beaners"", ""deported"", ""blacks"", ""repatriated"", ""asians"", ""monitored"", ""and"", ""muslims"", ""removed"", ""the"", ""jews"", ""get"", ""the"", ""oven"", ""mix"", ""breeds"", ""sterilized"", ""fuck"", ""just"", ""get"", ""rid"", ""of"", ""the"", ""asians"", ""too""]"
17138805_gab,train,we are creating the new america now with our niche skills tell me why u whiteboys are such retarded cucks to shy away from college and subjects like engineering do not you realize such skills are required for usa to stay competitive in a global economy usa would not need to import them,"[""we"", ""are"", ""creating"", ""the"", ""new"", ""america"", ""now"", ""with"", ""our"", ""niche"", ""skills"", ""tell"", ""me"", ""why"", ""u"", ""whiteboys"", ""are"", ""such"", ""retarded"", ""cucks"", ""to"", ""shy"", ""away"", ""from"", ""college"", ""and"", ""subjects"", ""like"", ""engineering"", ""do"", ""not"", ""you"", ""realize"", ""such"", ""skills"", ""are"", ""required"", ""for"", ""usa"", ""to"", ""stay"", ""competitive"", ""in"", ""a"", ""global"", ""economy"", ""usa"", ""would"", ""not"", ""need"", ""to"", ""import"", ""them""]",offensive,Caucasian,"[0, 0, 0, 0, 0, 0, 0, 0, 0, 0, 0, 0, 0, 0, 0, 1, 1, 1, 1, 1, 0, 0, 0, 0, 0, 0, 0, 0, 0, 0, 0, 0, 0, 0, 0, 0, 0, 0, 0, 0, 0, 0, 0, 0, 0, 0, 1, 1, 1, 1, 1, 1, 1]","[""whiteboys"", ""are"", ""such"", ""retarded"", ""cucks"", ""usa"", ""would"", ""not"", ""need"", ""to"", ""import"", ""them""]",201,53,12,True,offensive,"[0, 0, 0, 0, 0, 0, 0, 0, 0, 0, 0, 0, 0, 0, 0, 0, 0, 0, 1, 1, 0, 0, 0, 0, 0, 0, 0, 0, 0, 0, 0, 0, 0, 0, 0, 0, 0, 0, 0, 0, 0, 0, 0, 0, 0, 0, 0, 0, 0, 0, 0, 0, 0]","[""retarded"", ""cucks""]"
17187669_gab,test,online nazi haha guys the left can not meme <number> white privilege diversity is our strength race is just skin color the holocaust racist sexist bigot homophobe islamophobe anti semite,"[""online"", ""nazi"", ""haha"", ""guys"", ""the"", ""left"", ""can"", ""not"", ""meme"", ""<number>"", ""white"", ""privilege"", ""diversity"", ""is"", ""our"", ""strength"", ""race"", ""is"", ""just"", ""skin"", ""color"", ""the"", ""holocaust"", ""racist"", ""sexist"", ""bigot"", ""homophobe"", ""islamophobe"", ""anti"", ""semite""]",hatespeech,Caucasian,"[0, 0, 0, 0, 0, 0, 0, 0, 0, 0, 1, 1, 0, 0, 0, 0, 0, 0, 0, 0, 0, 0, 0, 0, 0, 0, 0, 0, 0, 0]","[""white"", ""privilege""]",204,30,2,True,hatespeech,"[0, 0, 0, 0, 0, 0, 0, 0, 0, 0, 1, 1, 0, 0, 0, 0, 0, 0, 0, 0, 0, 0, 0, 0, 0, 0, 0, 0, 0, 0]","[""white"", ""privilege""]"
17205391_gab,train,for us it just a matter of what sort of housing is available the city built brewster a no go zone ghetto death tower of affordable housing apartments in the 6 0 right in the middle of a strong middle class neighborhood which promptly de whited almost overnight,"[""for"", ""us"", ""it"", ""just"", ""a"", ""matter"", ""of"", ""what"", ""sort"", ""of"", ""housing"", ""is"", ""available"", ""the"", ""city"", ""built"", ""brewster"", ""a"", ""no"", ""go"", ""zone"", ""ghetto"", ""death"", ""tower"", ""of"", ""affordable"", ""housing"", ""apartments"", ""in"", ""the"", ""6"", ""0"", ""right"", ""in"", ""the"", ""middle"", ""of"", ""a"", ""strong"", ""middle"", ""class"", ""neighborhood"", ""which"", ""promptly"", ""de"", ""whited"", ""almost"", ""overnight""]",offensive,Caucasian,"[0, 0, 0, 0, 0, 0, 0, 0, 0, 0, 0, 0, 0, 0, 0, 0, 0, 0, 1, 1, 1, 1, 1, 1, 1, 1, 0, 0, 0, 0, 0, 0, 0, 0, 0, 0, 0, 0, 0, 0, 0, 0, 0, 0, 1, 1, 0, 0]","[""no"", ""go"", ""zone"", ""ghetto"", ""death"", ""tower"", ""of"", ""affordable"", ""de"", ""whited""]",199,48,10,True,offensive,"[0, 0, 0, 0, 0, 0, 0, 0, 0, 0, 0, 0, 0, 0, 0, 0, 0, 0, 1, 1, 1, 1, 0, 0, 0, 0, 0, 0, 0, 0, 0, 0, 0, 0, 0, 0, 0, 0, 0, 0, 0, 0, 0, 0, 0, 0, 0, 0]","[""no"", ""go"", ""zone"", ""ghetto""]"
17302276_gab,train,i tried warning those fools but you know white supremacy it only functions when jewish supremacy is supporting it i actually did an episode on this very topic of the colonial castizo futurism but can not upload it they are outnumbered <number> <number> to <number> also plus they do not have a homogeneous military,"[""i"", ""tried"", ""warning"", ""those"", ""fools"", ""but"", ""you"", ""know"", ""white"", ""supremacy"", ""it"", ""only"", ""functions"", ""when"", ""jewish"", ""supremacy"", ""is"", ""supporting"", ""it"", ""i"", ""actually"", ""did"", ""an"", ""episode"", ""on"", ""this"", ""very"", ""topic"", ""of"", ""the"", ""colonial"", ""castizo"", ""futurism"", ""but"", ""can"", ""not"", ""upload"", ""it"", ""they"", ""are"", ""outnumbered"", ""<number>"", ""<number>"", ""to"", ""<number>"", ""also"", ""plus"", ""they"", ""do"", ""not"", ""have"", ""a"", ""homogeneous"", ""military""]",normal,Caucasian,"[0, 0, 0, 0, 0, 0, 0, 0, 1, 1, 1, 1, 1, 1, 1, 1, 1, 1, 1, 0, 0, 0, 0, 0, 0, 0, 0, 0, 0, 0, 0, 0, 0, 0, 0, 0, 0, 0, 0, 0, 0, 0, 0, 0, 0, 0, 0, 0, 0, 0, 0, 0, 0, 0]","[""white"", ""supremacy"", ""it"", ""only"", ""functions"", ""when"", ""jewish"", ""supremacy"", ""is"", ""supporting"", ""it""]",232,54,11,True,offensive,"[0, 0, 0, 0, 0, 0, 0, 0, 1, 1, 1, 1, 1, 1, 1, 1, 1, 1, 1, 0, 0, 0, 0, 0, 0, 0, 0, 0, 0, 0, 0, 0, 0, 0, 0, 0, 0, 0, 0, 0, 0, 0, 0, 0, 0, 0, 0, 0, 0, 0, 0, 0, 0, 0]","[""white"", ""supremacy"", ""it"", ""only"", ""functions"", ""when"", ""jewish"", ""supremacy"", ""is"", ""supporting"", ""it""]"
17309571_gab,train,yeah take them away homeless white britons move them to backalleys nigger ghetto wedding is coming to town complete with dreadlocks rap and initiation ceremony out of voodoo manuals sign the petition britfam let them know you do not want trashy hood rat stripper awarded with titles,"[""yeah"", ""take"", ""them"", ""away"", ""homeless"", ""white"", ""britons"", ""move"", ""them"", ""to"", ""backalleys"", ""nigger"", ""ghetto"", ""wedding"", ""is"", ""coming"", ""to"", ""town"", ""complete"", ""with"", ""dreadlocks"", ""rap"", ""and"", ""initiation"", ""ceremony"", ""out"", ""of"", ""voodoo"", ""manuals"", ""sign"", ""the"", ""petition"", ""britfam"", ""let"", ""them"", ""know"", ""you"", ""do"", ""not"", ""want"", ""trashy"", ""hood"", ""rat"", ""stripper"", ""awarded"", ""with"", ""titles""]",hatespeech,Caucasian,"[0, 0, 0, 0, 0, 0, 0, 0, 0, 0, 0, 1, 0, 0, 0, 0, 0, 0, 0, 0, 0, 0, 0, 0, 0, 0, 0, 0, 0, 0, 0, 0, 0, 0, 0, 0, 0, 0, 0, 0, 0, 0, 0, 0, 0, 0, 0]","[""nigger""]",199,47,1,True,hatespeech,"[0, 0, 0, 0, 0, 0, 0, 0, 0, 0, 0, 1, 0, 0, 0, 0, 0, 0, 0, 0, 0, 0, 0, 0, 0, 0, 0, 0, 0, 0, 0, 0, 0, 0, 0, 0, 0, 0, 0, 0, 0, 0, 0, 0, 0, 0, 0]","[""nigger""]"
17318303_gab,train,many white bitches heavily infected with a beast blood dna in whites by itself against beasteality we have problem not with women but with birth whites work for minimum wage and not want to produce so their kids would work hard to support leaching animals,"[""many"", ""white"", ""bitches"", ""heavily"", ""infected"", ""with"", ""a"", ""beast"", ""blood"", ""dna"", ""in"", ""whites"", ""by"", ""itself"", ""against"", ""beasteality"", ""we"", ""have"", ""problem"", ""not"", ""with"", ""women"", ""but"", ""with"", ""birth"", ""whites"", ""work"", ""for"", ""minimum"", ""wage"", ""and"", ""not"", ""want"", ""to"", ""produce"", ""so"", ""their"", ""kids"", ""would"", ""work"", ""hard"", ""to"", ""support"", ""leaching"", ""animals""]",hatespeech,Caucasian,"[0, 0, 1, 0, 0, 0, 0, 1, 0, 0, 0, 0, 0, 0, 0, 0, 0, 0, 0, 0, 0, 0, 0, 0, 0, 1, 1, 1, 1, 1, 1, 1, 1, 1, 1, 1, 1, 1, 1, 1, 1, 1, 1, 1, 1]","[""bitches"", ""beast"", ""whites"", ""work"", ""for"", ""minimum"", ""wage"", ""and"", ""not"", ""want"", ""to"", ""produce"", ""so"", ""their"", ""kids"", ""would"", ""work"", ""hard"", ""to"", ""support"", ""leaching"", ""animals""]",203,45,22,True,offensive,"[0, 0, 1, 0, 0, 0, 0, 1, 0, 0, 0, 0, 0, 0, 0, 0, 0, 0, 0, 0, 0, 0, 0, 0, 0, 0, 0, 0, 0, 0, 0, 0, 0, 0, 0, 0, 0, 0, 0, 0, 0, 0, 0, 1, 1]","[""bitches"", ""beast"", ""leaching"", ""animals""]"
17318303_gab,train,many white bitches heavily infected with a beast blood dna in whites by itself against beasteality we have problem not with women but with birth whites work for minimum wage and not want to produce so their kids would work hard to support leaching animals,"[""many"", ""white"", ""bitches"", ""heavily"", ""infected"", ""with"", ""a"", ""beast"", ""blood"", ""dna"", ""in"", ""whites"", ""by"", ""itself"", ""against"", ""beasteality"", ""we"", ""have"", ""problem"", ""not"", ""with"", ""women"", ""but"", ""with"", ""birth"", ""whites"", ""work"", ""for"", ""minimum"", ""wage"", ""and"", ""not"", ""want"", ""to"", ""produce"", ""so"", ""their"", ""kids"", ""would"", ""work"", ""hard"", ""to"", ""support"", ""leaching"", ""animals""]",offensive,Caucasian,"[0, 1, 1, 0, 0, 0, 0, 1, 1, 0, 0, 0, 0, 0, 0, 0, 0, 0, 0, 0, 0, 0, 0, 0, 0, 0, 0, 0, 0, 0, 0, 0, 0, 0, 0, 0, 0, 0, 0, 0, 0, 0, 0, 1, 1]","[""white"", ""bitches"", ""beast"", ""blood"", ""leaching"", ""animals""]",204,45,6,True,offensive,"[0, 0, 1, 0, 0, 0, 0, 1, 0, 0, 0, 0, 0, 0, 0, 0, 0, 0, 0, 0, 0, 0, 0, 0, 0, 0, 0, 0, 0, 0, 0, 0, 0, 0, 0, 0, 0, 0, 0, 0, 0, 0, 0, 1, 1]","[""bitches"", ""beast"", ""leaching"", ""animals""]"
17363911_gab,train,you guys should have been nicer to him sucks that a few white kids will feel forced into violence like this sad products of our antiwhite society that has no place for them hewasagoodboy,"[""you"", ""guys"", ""should"", ""have"", ""been"", ""nicer"", ""to"", ""him"", ""sucks"", ""that"", ""a"", ""few"", ""white"", ""kids"", ""will"", ""feel"", ""forced"", ""into"", ""violence"", ""like"", ""this"", ""sad"", ""products"", ""of"", ""our"", ""antiwhite"", ""society"", ""that"", ""has"", ""no"", ""place"", ""for"", ""them"", ""hewasagoodboy""]",offensive,Caucasian,"[0, 0, 0, 0, 0, 0, 0, 0, 1, 0, 0, 0, 0, 0, 0, 0, 0, 0, 0, 0, 0, 0, 0, 0, 0, 0, 0, 0, 0, 0, 0, 0, 0, 0]","[""sucks""]",200,34,1,True,offensive,"[0, 0, 0, 0, 0, 0, 0, 0, 0, 0, 0, 0, 0, 0, 0, 0, 0, 0, 0, 0, 0, 0, 0, 0, 0, 0, 0, 0, 0, 0, 0, 0, 0, 0]",[]
17363936_gab,train,<number> ghetto white people who did drugs and got abortions and could not speak without using the f word they were called white negroes the black culture has become part of america white people endorsing this immorality and violence is why we are in decline,"[""<number>"", ""ghetto"", ""white"", ""people"", ""who"", ""did"", ""drugs"", ""and"", ""got"", ""abortions"", ""and"", ""could"", ""not"", ""speak"", ""without"", ""using"", ""the"", ""f"", ""word"", ""they"", ""were"", ""called"", ""white"", ""negroes"", ""the"", ""black"", ""culture"", ""has"", ""become"", ""part"", ""of"", ""america"", ""white"", ""people"", ""endorsing"", ""this"", ""immorality"", ""and"", ""violence"", ""is"", ""why"", ""we"", ""are"", ""in"", ""decline""]",offensive,Caucasian,"[0, 0, 0, 0, 0, 0, 0, 0, 0, 0, 0, 0, 0, 0, 0, 0, 0, 0, 0, 0, 0, 0, 1, 1, 0, 0, 0, 0, 0, 0, 0, 0, 0, 0, 0, 0, 0, 0, 0, 0, 0, 0, 0, 0, 0]","[""white"", ""negroes""]",199,45,2,True,offensive,"[0, 0, 0, 0, 0, 0, 0, 0, 0, 0, 0, 0, 0, 0, 0, 0, 0, 0, 0, 0, 0, 0, 1, 1, 0, 0, 0, 0, 0, 0, 0, 0, 0, 0, 0, 0, 0, 0, 0, 0, 0, 0, 0, 0, 0]","[""white"", ""negroes""]"
17374984_gab,train,white men must change back to pre 1 9 6 0 when men married and raised their kids men worked at whatever job it took to make sure their family had a good life white men must reject ghetto morals and live for god family and america,"[""white"", ""men"", ""must"", ""change"", ""back"", ""to"", ""pre"", ""1"", ""9"", ""6"", ""0"", ""when"", ""men"", ""married"", ""and"", ""raised"", ""their"", ""kids"", ""men"", ""worked"", ""at"", ""whatever"", ""job"", ""it"", ""took"", ""to"", ""make"", ""sure"", ""their"", ""family"", ""had"", ""a"", ""good"", ""life"", ""white"", ""men"", ""must"", ""reject"", ""ghetto"", ""morals"", ""and"", ""live"", ""for"", ""god"", ""family"", ""and"", ""america""]",normal,Caucasian,"[0, 0, 0, 0, 0, 0, 0, 0, 0, 0, 0, 0, 0, 0, 0, 0, 0, 0, 0, 0, 0, 0, 0, 0, 0, 0, 0, 0, 0, 0, 0, 0, 0, 0, 1, 1, 1, 1, 1, 1, 0, 0, 0, 0, 0, 0, 0]","[""white"", ""men"", ""must"", ""reject"", ""ghetto"", ""morals""]",232,47,6,True,offensive,"[0, 0, 0, 0, 0, 0, 0, 0, 0, 0, 0, 0, 0, 0, 0, 0, 0, 0, 0, 0, 0, 0, 0, 0, 0, 0, 0, 0, 0, 0, 0, 0, 0, 0, 0, 0, 0, 0, 1, 0, 0, 0, 0, 0, 0, 0, 0]","[""ghetto""]"
17374984_gab,train,white men must change back to pre 1 9 6 0 when men married and raised their kids men worked at whatever job it took to make sure their family had a good life white men must reject ghetto morals and live for god family and america,"[""white"", ""men"", ""must"", ""change"", ""back"", ""to"", ""pre"", ""1"", ""9"", ""6"", ""0"", ""when"", ""men"", ""married"", ""and"", ""raised"", ""their"", ""kids"", ""men"", ""worked"", ""at"", ""whatever"", ""job"", ""it"", ""took"", ""to"", ""make"", ""sure"", ""their"", ""family"", ""had"", ""a"", ""good"", ""life"", ""white"", ""men"", ""must"", ""reject"", ""ghetto"", ""morals"", ""and"", ""live"", ""for"", ""god"", ""family"", ""and"", ""america""]",offensive,Caucasian,"[1, 1, 1, 1, 1, 1, 1, 1, 1, 1, 1, 0, 0, 0, 0, 0, 0, 0, 0, 0, 0, 0, 0, 0, 0, 0, 0, 0, 0, 0, 0, 0, 0, 0, 0, 0, 0, 0, 1, 0, 0, 0, 0, 0, 0, 0, 0]","[""white"", ""men"", ""must"", ""change"", ""back"", ""to"", ""pre"", ""1"", ""9"", ""6"", ""0"", ""ghetto""]",203,47,12,True,offensive,"[0, 0, 0, 0, 0, 0, 0, 0, 0, 0, 0, 0, 0, 0, 0, 0, 0, 0, 0, 0, 0, 0, 0, 0, 0, 0, 0, 0, 0, 0, 0, 0, 0, 0, 0, 0, 0, 0, 1, 0, 0, 0, 0, 0, 0, 0, 0]","[""ghetto""]"
1738721_gab,train,now that trump has won can a black chicks movie please be made <number> white comedians in black face satirizing stereotypical black women equality,"[""now"", ""that"", ""trump"", ""has"", ""won"", ""can"", ""a"", ""black"", ""chicks"", ""movie"", ""please"", ""be"", ""made"", ""<number>"", ""white"", ""comedians"", ""in"", ""black"", ""face"", ""satirizing"", ""stereotypical"", ""black"", ""women"", ""equality""]",hatespeech,Caucasian,"[0, 0, 0, 0, 0, 1, 1, 1, 1, 1, 1, 1, 1, 1, 1, 1, 1, 1, 1, 1, 1, 1, 1, 0]","[""can"", ""a"", ""black"", ""chicks"", ""movie"", ""please"", ""be"", ""made"", ""<number>"", ""white"", ""comedians"", ""in"", ""black"", ""face"", ""satirizing"", ""stereotypical"", ""black"", ""women""]",248,24,18,True,hatespeech,"[0, 0, 0, 0, 0, 0, 0, 0, 0, 0, 0, 0, 0, 1, 1, 1, 1, 1, 1, 1, 1, 1, 1, 0]","[""<number>"", ""white"", ""comedians"", ""in"", ""black"", ""face"", ""satirizing"", ""stereotypical"", ""black"", ""women""]"
17387703_gab,train,no they actually dont because like every other race besides the white race they are not scared to have an identity and unify under their race also honesty the inner city ghetto blacks constantly committing crime and murdering people is a bit more of a problem than the blm faggots,"[""no"", ""they"", ""actually"", ""dont"", ""because"", ""like"", ""every"", ""other"", ""race"", ""besides"", ""the"", ""white"", ""race"", ""they"", ""are"", ""not"", ""scared"", ""to"", ""have"", ""an"", ""identity"", ""and"", ""unify"", ""under"", ""their"", ""race"", ""also"", ""honesty"", ""the"", ""inner"", ""city"", ""ghetto"", ""blacks"", ""constantly"", ""committing"", ""crime"", ""and"", ""murdering"", ""people"", ""is"", ""a"", ""bit"", ""more"", ""of"", ""a"", ""problem"", ""than"", ""the"", ""blm"", ""faggots""]",hatespeech,Caucasian,"[0, 0, 0, 0, 0, 0, 0, 0, 0, 0, 0, 0, 0, 0, 0, 0, 0, 0, 0, 0, 0, 0, 0, 0, 0, 0, 0, 0, 0, 0, 0, 1, 1, 1, 1, 1, 1, 1, 1, 0, 0, 0, 0, 0, 0, 0, 0, 0, 0, 1]","[""ghetto"", ""blacks"", ""constantly"", ""committing"", ""crime"", ""and"", ""murdering"", ""people"", ""faggots""]",210,50,9,True,hatespeech,"[0, 0, 0, 0, 0, 0, 0, 0, 0, 0, 0, 0, 0, 0, 0, 0, 0, 0, 0, 0, 0, 0, 0, 0, 0, 0, 0, 0, 0, 0, 0, 1, 1, 1, 1, 1, 1, 1, 1, 0, 0, 0, 0, 0, 0, 0, 0, 0, 0, 1]","[""ghetto"", ""blacks"", ""constantly"", ""committing"", ""crime"", ""and"", ""murdering"", ""people"", ""faggots""]"
17401805_gab,train,i d also like to see the same applied to our own lazy white underclass too much bigger drain on benefit resources than islam and blacks combined due to sheer number have no decent british values refuse to work and breed like fooking rabbits,"[""i"", ""d"", ""also"", ""like"", ""to"", ""see"", ""the"", ""same"", ""applied"", ""to"", ""our"", ""own"", ""lazy"", ""white"", ""underclass"", ""too"", ""much"", ""bigger"", ""drain"", ""on"", ""benefit"", ""resources"", ""than"", ""islam"", ""and"", ""blacks"", ""combined"", ""due"", ""to"", ""sheer"", ""number"", ""have"", ""no"", ""decent"", ""british"", ""values"", ""refuse"", ""to"", ""work"", ""and"", ""breed"", ""like"", ""fooking"", ""rabbits""]",hatespeech,Caucasian,"[0, 0, 0, 0, 0, 0, 0, 0, 0, 0, 0, 0, 0, 0, 0, 0, 0, 0, 0, 0, 0, 0, 0, 0, 0, 0, 0, 0, 0, 0, 0, 0, 1, 1, 1, 1, 1, 1, 1, 1, 1, 1, 1, 1]","[""no"", ""decent"", ""british"", ""values"", ""refuse"", ""to"", ""work"", ""and"", ""breed"", ""like"", ""fooking"", ""rabbits""]",201,44,12,True,offensive,"[0, 0, 0, 0, 0, 0, 0, 0, 0, 0, 0, 0, 0, 0, 0, 0, 0, 0, 0, 0, 0, 0, 0, 0, 0, 0, 0, 0, 0, 0, 0, 0, 0, 0, 0, 0, 0, 0, 0, 0, 0, 0, 0, 0]",[]
17473740_gab,train,your kikenvermin brothers the bolsheviks killed that many easily and the dead were not arabs there a reason why all school kids are taught about the holohoax but never hear a word about the holodomor,"[""your"", ""kikenvermin"", ""brothers"", ""the"", ""bolsheviks"", ""killed"", ""that"", ""many"", ""easily"", ""and"", ""the"", ""dead"", ""were"", ""not"", ""arabs"", ""there"", ""a"", ""reason"", ""why"", ""all"", ""school"", ""kids"", ""are"", ""taught"", ""about"", ""the"", ""holohoax"", ""but"", ""never"", ""hear"", ""a"", ""word"", ""about"", ""the"", ""holodomor""]",hatespeech,Caucasian,"[0, 1, 0, 0, 0, 0, 0, 0, 0, 0, 0, 0, 0, 0, 0, 0, 0, 0, 0, 0, 0, 0, 0, 0, 0, 0, 1, 0, 0, 0, 0, 0, 0, 0, 0]","[""kikenvermin"", ""holohoax""]",202,35,2,True,hatespeech,"[0, 1, 0, 0, 0, 0, 0, 0, 0, 0, 0, 0, 0, 0, 0, 0, 0, 0, 0, 0, 0, 0, 0, 0, 0, 0, 1, 0, 0, 0, 0, 0, 0, 0, 0]","[""kikenvermin"", ""holohoax""]"
17539657_gab,train,is it only me that sees a hilarious irony in ppl that hate most trashy rachet black ppl themselves using ghetto slang thot to insult white women happy snowfall day in ohio im starting to feel much better now my youngest has it the flu sucks speakfreely,"[""is"", ""it"", ""only"", ""me"", ""that"", ""sees"", ""a"", ""hilarious"", ""irony"", ""in"", ""ppl"", ""that"", ""hate"", ""most"", ""trashy"", ""rachet"", ""black"", ""ppl"", ""themselves"", ""using"", ""ghetto"", ""slang"", ""thot"", ""to"", ""insult"", ""white"", ""women"", ""happy"", ""snowfall"", ""day"", ""in"", ""ohio"", ""im"", ""starting"", ""to"", ""feel"", ""much"", ""better"", ""now"", ""my"", ""youngest"", ""has"", ""it"", ""the"", ""flu"", ""sucks"", ""speakfreely""]",offensive,Caucasian,"[0, 0, 0, 0, 0, 0, 0, 0, 0, 0, 0, 0, 0, 0, 1, 1, 1, 1, 0, 0, 1, 0, 0, 0, 0, 0, 0, 0, 0, 0, 0, 0, 0, 0, 0, 0, 0, 0, 0, 0, 0, 0, 0, 0, 0, 0, 0]","[""trashy"", ""rachet"", ""black"", ""ppl"", ""ghetto""]",253,47,5,True,offensive,"[0, 0, 0, 0, 0, 0, 0, 0, 0, 0, 0, 0, 0, 0, 1, 1, 1, 0, 0, 0, 1, 0, 0, 0, 0, 0, 0, 0, 0, 0, 0, 0, 0, 0, 0, 0, 0, 0, 0, 0, 0, 0, 0, 0, 0, 0, 0]","[""trashy"", ""rachet"", ""black"", ""ghetto""]"
17587932_gab,train,just another case of white stupidity that will eventually lead to white race suicide white people are just fucking stupid to seek their own demise lol,"[""just"", ""another"", ""case"", ""of"", ""white"", ""stupidity"", ""that"", ""will"", ""eventually"", ""lead"", ""to"", ""white"", ""race"", ""suicide"", ""white"", ""people"", ""are"", ""just"", ""fucking"", ""stupid"", ""to"", ""seek"", ""their"", ""own"", ""demise"", ""lol""]",hatespeech,Caucasian,"[0, 0, 0, 0, 0, 0, 0, 0, 0, 0, 0, 0, 0, 0, 1, 1, 1, 1, 1, 1, 1, 1, 1, 1, 1, 1]","[""white"", ""people"", ""are"", ""just"", ""fucking"", ""stupid"", ""to"", ""seek"", ""their"", ""own"", ""demise"", ""lol""]",244,26,12,True,hatespeech,"[0, 0, 0, 0, 0, 0, 0, 0, 0, 0, 0, 0, 0, 0, 1, 1, 1, 1, 1, 1, 1, 1, 1, 1, 1, 0]","[""white"", ""people"", ""are"", ""just"", ""fucking"", ""stupid"", ""to"", ""seek"", ""their"", ""own"", ""demise""]"
17654836_gab,train,a code word for the white genocide also,"[""a"", ""code"", ""word"", ""for"", ""the"", ""white"", ""genocide"", ""also""]",hatespeech,Caucasian,"[0, 0, 0, 0, 0, 1, 1, 0]","[""white"", ""genocide""]",210,8,2,True,offensive,"[0, 0, 0, 0, 0, 1, 1, 0]","[""white"", ""genocide""]"
17826123_gab,val,deport fr martin to sweden considering he wants for america whom the media jesuits pretend to love the same mass migration that happened to sweden let him tweet from the no go zones and escort white women at night as an act of real charity,"[""deport"", ""fr"", ""martin"", ""to"", ""sweden"", ""considering"", ""he"", ""wants"", ""for"", ""america"", ""whom"", ""the"", ""media"", ""jesuits"", ""pretend"", ""to"", ""love"", ""the"", ""same"", ""mass"", ""migration"", ""that"", ""happened"", ""to"", ""sweden"", ""let"", ""him"", ""tweet"", ""from"", ""the"", ""no"", ""go"", ""zones"", ""and"", ""escort"", ""white"", ""women"", ""at"", ""night"", ""as"", ""an"", ""act"", ""of"", ""real"", ""charity""]",offensive,Caucasian,"[0, 0, 0, 0, 0, 0, 0, 0, 0, 0, 0, 0, 0, 0, 0, 0, 0, 0, 0, 0, 0, 0, 0, 0, 0, 1, 1, 1, 1, 1, 1, 1, 1, 1, 1, 1, 1, 1, 1, 1, 1, 1, 1, 1, 1]","[""let"", ""him"", ""tweet"", ""from"", ""the"", ""no"", ""go"", ""zones"", ""and"", ""escort"", ""white"", ""women"", ""at"", ""night"", ""as"", ""an"", ""act"", ""of"", ""real"", ""charity""]",199,45,20,True,offensive,"[0, 0, 0, 0, 0, 0, 0, 0, 0, 0, 0, 0, 0, 0, 0, 0, 0, 0, 0, 0, 0, 0, 0, 0, 0, 0, 0, 0, 0, 0, 0, 0, 0, 0, 0, 0, 0, 0, 0, 0, 0, 0, 0, 0, 0]",[]
17868129_gab,test,i can not imagine having to live with this level of cognitive dissonance life is so much easier when you just say fuck it and adopt race realism and white nationalism instead of contradicting yourself a gorillian times over just to make niggers and jews hate you less,"[""i"", ""can"", ""not"", ""imagine"", ""having"", ""to"", ""live"", ""with"", ""this"", ""level"", ""of"", ""cognitive"", ""dissonance"", ""life"", ""is"", ""so"", ""much"", ""easier"", ""when"", ""you"", ""just"", ""say"", ""fuck"", ""it"", ""and"", ""adopt"", ""race"", ""realism"", ""and"", ""white"", ""nationalism"", ""instead"", ""of"", ""contradicting"", ""yourself"", ""a"", ""gorillian"", ""times"", ""over"", ""just"", ""to"", ""make"", ""niggers"", ""and"", ""jews"", ""hate"", ""you"", ""less""]",hatespeech,Caucasian,"[0, 0, 0, 0, 0, 0, 0, 0, 0, 0, 0, 0, 0, 0, 0, 0, 0, 0, 0, 0, 0, 0, 0, 0, 0, 1, 1, 1, 1, 1, 1, 0, 0, 0, 0, 0, 0, 0, 0, 0, 0, 0, 1, 1, 1, 1, 1, 1]","[""adopt"", ""race"", ""realism"", ""and"", ""white"", ""nationalism"", ""niggers"", ""and"", ""jews"", ""hate"", ""you"", ""less""]",199,48,12,True,hatespeech,"[0, 0, 0, 0, 0, 0, 0, 0, 0, 0, 0, 0, 0, 0, 0, 0, 0, 0, 0, 0, 0, 0, 0, 0, 0, 0, 0, 0, 0, 0, 0, 0, 0, 0, 0, 0, 0, 0, 0, 0, 0, 0, 1, 1, 1, 1, 1, 1]","[""niggers"", ""and"", ""jews"", ""hate"", ""you"", ""less""]"
17895135_gab,train,but asians have higher iqs than white so you do not want to create the master race of hybrid white asians high iq strong able bodied humans is disgusting says the weeb who defends sand nigger muslims lol you live in fantasy while i live in reality,"[""but"", ""asians"", ""have"", ""higher"", ""iqs"", ""than"", ""white"", ""so"", ""you"", ""do"", ""not"", ""want"", ""to"", ""create"", ""the"", ""master"", ""race"", ""of"", ""hybrid"", ""white"", ""asians"", ""high"", ""iq"", ""strong"", ""able"", ""bodied"", ""humans"", ""is"", ""disgusting"", ""says"", ""the"", ""weeb"", ""who"", ""defends"", ""sand"", ""nigger"", ""muslims"", ""lol"", ""you"", ""live"", ""in"", ""fantasy"", ""while"", ""i"", ""live"", ""in"", ""reality""]",hatespeech,Caucasian,"[0, 1, 1, 1, 1, 1, 1, 0, 0, 0, 0, 0, 0, 0, 0, 1, 1, 1, 1, 1, 1, 0, 0, 0, 0, 0, 0, 0, 0, 0, 0, 0, 0, 0, 1, 1, 0, 0, 0, 0, 0, 0, 0, 0, 0, 0, 0]","[""asians"", ""have"", ""higher"", ""iqs"", ""than"", ""white"", ""master"", ""race"", ""of"", ""hybrid"", ""white"", ""asians"", ""sand"", ""nigger""]",210,47,14,True,hatespeech,"[0, 1, 1, 1, 1, 1, 1, 0, 0, 0, 0, 0, 0, 0, 0, 0, 0, 0, 0, 0, 0, 0, 0, 0, 0, 0, 0, 0, 0, 0, 0, 0, 0, 0, 1, 1, 0, 0, 0, 0, 0, 0, 0, 0, 0, 0, 0]","[""asians"", ""have"", ""higher"", ""iqs"", ""than"", ""white"", ""sand"", ""nigger""]"
17905885_gab,train,while rich blacks flee or follow the whites to the suburbs for safety the black ghetto is chasing us hud takes over apartment buildings and allows the ghetto to take over neighborhoods as long as hud exists there is no place to hide from drugs crime gangs and hell,"[""while"", ""rich"", ""blacks"", ""flee"", ""or"", ""follow"", ""the"", ""whites"", ""to"", ""the"", ""suburbs"", ""for"", ""safety"", ""the"", ""black"", ""ghetto"", ""is"", ""chasing"", ""us"", ""hud"", ""takes"", ""over"", ""apartment"", ""buildings"", ""and"", ""allows"", ""the"", ""ghetto"", ""to"", ""take"", ""over"", ""neighborhoods"", ""as"", ""long"", ""as"", ""hud"", ""exists"", ""there"", ""is"", ""no"", ""place"", ""to"", ""hide"", ""from"", ""drugs"", ""crime"", ""gangs"", ""and"", ""hell""]",offensive,Caucasian,"[0, 1, 1, 1, 0, 0, 0, 0, 0, 0, 0, 0, 0, 0, 1, 1, 0, 0, 0, 0, 0, 0, 0, 0, 0, 0, 0, 0, 0, 0, 0, 0, 0, 0, 0, 0, 0, 0, 0, 0, 0, 0, 0, 0, 1, 1, 1, 1, 1]","[""rich"", ""blacks"", ""flee"", ""black"", ""ghetto"", ""drugs"", ""crime"", ""gangs"", ""and"", ""hell""]",232,49,10,True,offensive,"[0, 0, 0, 0, 0, 0, 0, 0, 0, 0, 0, 0, 0, 0, 0, 1, 0, 0, 0, 0, 0, 0, 0, 0, 0, 0, 0, 0, 0, 0, 0, 0, 0, 0, 0, 0, 0, 0, 0, 0, 0, 0, 0, 0, 0, 0, 0, 0, 0]","[""ghetto""]"
17947578_gab,train,hey you bigot trump supporter white supremacists did not you know that ireland was the original shithole country just look at the facts,"[""hey"", ""you"", ""bigot"", ""trump"", ""supporter"", ""white"", ""supremacists"", ""did"", ""not"", ""you"", ""know"", ""that"", ""ireland"", ""was"", ""the"", ""original"", ""shithole"", ""country"", ""just"", ""look"", ""at"", ""the"", ""facts""]",hatespeech,Caucasian,"[0, 0, 1, 1, 1, 1, 1, 0, 0, 0, 0, 0, 0, 0, 0, 0, 0, 0, 0, 0, 0, 0, 0]","[""bigot"", ""trump"", ""supporter"", ""white"", ""supremacists""]",205,23,5,True,offensive,"[0, 0, 1, 1, 1, 1, 1, 0, 0, 0, 0, 0, 0, 0, 0, 0, 0, 0, 0, 0, 0, 0, 0]","[""bigot"", ""trump"", ""supporter"", ""white"", ""supremacists""]"
17947578_gab,train,hey you bigot trump supporter white supremacists did not you know that ireland was the original shithole country just look at the facts,"[""hey"", ""you"", ""bigot"", ""trump"", ""supporter"", ""white"", ""supremacists"", ""did"", ""not"", ""you"", ""know"", ""that"", ""ireland"", ""was"", ""the"", ""original"", ""shithole"", ""country"", ""just"", ""look"", ""at"", ""the"", ""facts""]",offensive,Caucasian,"[0, 0, 1, 1, 1, 1, 1, 0, 0, 0, 0, 0, 0, 0, 0, 0, 1, 0, 0, 0, 0, 0, 0]","[""bigot"", ""trump"", ""supporter"", ""white"", ""supremacists"", ""shithole""]",221,23,6,True,offensive,"[0, 0, 1, 1, 1, 1, 1, 0, 0, 0, 0, 0, 0, 0, 0, 0, 0, 0, 0, 0, 0, 0, 0]","[""bigot"", ""trump"", ""supporter"", ""white"", ""supremacists""]"
17973005_gab,val,but i bet they think that sperg retard who shot up the black church was a white hero too fucking retarded to understand the damage he did to their own cause,"[""but"", ""i"", ""bet"", ""they"", ""think"", ""that"", ""sperg"", ""retard"", ""who"", ""shot"", ""up"", ""the"", ""black"", ""church"", ""was"", ""a"", ""white"", ""hero"", ""too"", ""fucking"", ""retarded"", ""to"", ""understand"", ""the"", ""damage"", ""he"", ""did"", ""to"", ""their"", ""own"", ""cause""]",offensive,Caucasian,"[0, 0, 0, 0, 0, 0, 0, 1, 1, 1, 1, 1, 1, 1, 1, 1, 1, 1, 0, 0, 1, 0, 0, 0, 0, 0, 0, 0, 0, 0, 0]","[""retard"", ""who"", ""shot"", ""up"", ""the"", ""black"", ""church"", ""was"", ""a"", ""white"", ""hero"", ""retarded""]",244,31,12,True,offensive,"[0, 0, 0, 0, 0, 0, 0, 1, 0, 0, 0, 0, 0, 0, 0, 0, 0, 0, 0, 0, 1, 0, 0, 0, 0, 0, 0, 0, 0, 0, 0]","[""retard"", ""retarded""]"
17999921_gab,train,asians only if they squat stock version asians have flat flabby ass which is whiteharam,"[""asians"", ""only"", ""if"", ""they"", ""squat"", ""stock"", ""version"", ""asians"", ""have"", ""flat"", ""flabby"", ""ass"", ""which"", ""is"", ""whiteharam""]",offensive,Caucasian,"[0, 0, 0, 0, 0, 1, 1, 1, 1, 1, 1, 1, 0, 0, 1]","[""stock"", ""version"", ""asians"", ""have"", ""flat"", ""flabby"", ""ass"", ""whiteharam""]",222,15,8,True,offensive,"[0, 0, 0, 0, 0, 1, 1, 1, 1, 1, 1, 1, 0, 0, 1]","[""stock"", ""version"", ""asians"", ""have"", ""flat"", ""flabby"", ""ass"", ""whiteharam""]"
18112013_gab,test,<number> of white women have non white babies because of the brain washing of the media they date men of color to prove they are not racist wind up with muslims ghetto men and members of the drug cartel,"[""<number>"", ""of"", ""white"", ""women"", ""have"", ""non"", ""white"", ""babies"", ""because"", ""of"", ""the"", ""brain"", ""washing"", ""of"", ""the"", ""media"", ""they"", ""date"", ""men"", ""of"", ""color"", ""to"", ""prove"", ""they"", ""are"", ""not"", ""racist"", ""wind"", ""up"", ""with"", ""muslims"", ""ghetto"", ""men"", ""and"", ""members"", ""of"", ""the"", ""drug"", ""cartel""]",offensive,Caucasian,"[0, 0, 0, 0, 0, 0, 0, 0, 0, 0, 0, 0, 0, 0, 0, 0, 0, 1, 1, 1, 1, 1, 1, 1, 1, 1, 1, 1, 1, 1, 1, 1, 1, 1, 1, 1, 1, 1, 1]","[""date"", ""men"", ""of"", ""color"", ""to"", ""prove"", ""they"", ""are"", ""not"", ""racist"", ""wind"", ""up"", ""with"", ""muslims"", ""ghetto"", ""men"", ""and"", ""members"", ""of"", ""the"", ""drug"", ""cartel""]",202,39,22,True,offensive,"[0, 0, 0, 0, 0, 0, 0, 0, 0, 0, 0, 0, 0, 0, 0, 0, 0, 0, 0, 0, 0, 0, 0, 0, 0, 0, 0, 0, 0, 0, 0, 1, 0, 0, 0, 0, 0, 0, 0]","[""ghetto""]"
18130044_gab,train,pigskins are cannibalistic mentally ill no wonder they are too retarded to breed,"[""pigskins"", ""are"", ""cannibalistic"", ""mentally"", ""ill"", ""no"", ""wonder"", ""they"", ""are"", ""too"", ""retarded"", ""to"", ""breed""]",hatespeech,Caucasian,"[1, 1, 1, 1, 1, 0, 0, 0, 0, 1, 1, 1, 1]","[""pigskins"", ""are"", ""cannibalistic"", ""mentally"", ""ill"", ""too"", ""retarded"", ""to"", ""breed""]",231,13,9,True,hatespeech,"[1, 1, 1, 1, 1, 0, 0, 0, 0, 1, 1, 1, 1]","[""pigskins"", ""are"", ""cannibalistic"", ""mentally"", ""ill"", ""too"", ""retarded"", ""to"", ""breed""]"
18200598_gab,val,this cathocuck literally argues that to be a good christian you need to be a cuckold ok folks no more making white babies go to the nearest ghetto and adopt a dindu you heard the man cuck schmitz email <email>,"[""this"", ""cathocuck"", ""literally"", ""argues"", ""that"", ""to"", ""be"", ""a"", ""good"", ""christian"", ""you"", ""need"", ""to"", ""be"", ""a"", ""cuckold"", ""ok"", ""folks"", ""no"", ""more"", ""making"", ""white"", ""babies"", ""go"", ""to"", ""the"", ""nearest"", ""ghetto"", ""and"", ""adopt"", ""a"", ""dindu"", ""you"", ""heard"", ""the"", ""man"", ""cuck"", ""schmitz"", ""email"", ""<email>""]",hatespeech,Caucasian,"[0, 1, 0, 0, 0, 0, 0, 0, 0, 0, 0, 0, 0, 0, 0, 1, 0, 0, 0, 0, 0, 0, 0, 0, 0, 0, 0, 1, 1, 1, 1, 1, 0, 0, 0, 0, 1, 0, 0, 0]","[""cathocuck"", ""cuckold"", ""ghetto"", ""and"", ""adopt"", ""a"", ""dindu"", ""cuck""]",210,40,8,True,hatespeech,"[0, 1, 0, 0, 0, 0, 0, 0, 0, 0, 0, 0, 0, 0, 0, 1, 0, 0, 0, 0, 0, 0, 0, 0, 0, 0, 0, 1, 1, 1, 1, 1, 0, 0, 0, 0, 0, 0, 0, 0]","[""cathocuck"", ""cuckold"", ""ghetto"", ""and"", ""adopt"", ""a"", ""dindu""]"
18402820_gab,train,you are still an insufferable snow nigger and indian americans earn more than you trailer trash red necks get fucked 😁,"[""you"", ""are"", ""still"", ""an"", ""insufferable"", ""snow"", ""nigger"", ""and"", ""indian"", ""americans"", ""earn"", ""more"", ""than"", ""you"", ""trailer"", ""trash"", ""red"", ""necks"", ""get"", ""fucked"", ""\ud83d\ude01""]",offensive,Caucasian,"[0, 0, 0, 0, 0, 1, 1, 0, 0, 0, 0, 0, 0, 0, 1, 1, 1, 1, 0, 0, 0]","[""snow"", ""nigger"", ""trailer"", ""trash"", ""red"", ""necks""]",231,21,6,True,offensive,"[0, 0, 0, 0, 0, 1, 1, 0, 0, 0, 0, 0, 0, 0, 1, 1, 1, 1, 0, 0, 0]","[""snow"", ""nigger"", ""trailer"", ""trash"", ""red"", ""necks""]"
18416365_gab,train,stay mad ma snow nigga your women love that non white dick while you all stay cucked with your low sperm count and number of white babies dwindle 😉,"[""stay"", ""mad"", ""ma"", ""snow"", ""nigga"", ""your"", ""women"", ""love"", ""that"", ""non"", ""white"", ""dick"", ""while"", ""you"", ""all"", ""stay"", ""cucked"", ""with"", ""your"", ""low"", ""sperm"", ""count"", ""and"", ""number"", ""of"", ""white"", ""babies"", ""dwindle"", ""\ud83d\ude09""]",offensive,Caucasian,"[0, 0, 0, 0, 1, 0, 0, 0, 0, 1, 1, 1, 0, 0, 0, 0, 0, 0, 0, 1, 1, 1, 0, 0, 0, 0, 0, 0, 0]","[""nigga"", ""non"", ""white"", ""dick"", ""low"", ""sperm"", ""count""]",241,29,7,True,hatespeech,"[0, 0, 0, 0, 1, 0, 0, 0, 0, 1, 1, 1, 0, 0, 0, 0, 0, 0, 0, 0, 0, 0, 0, 0, 0, 0, 0, 0, 0]","[""nigga"", ""non"", ""white"", ""dick""]"
18431634_gab,train,i smell taqiyya tacos do you guys smell that too most likely not a white dude smells like a muslims work all day long,"[""i"", ""smell"", ""taqiyya"", ""tacos"", ""do"", ""you"", ""guys"", ""smell"", ""that"", ""too"", ""most"", ""likely"", ""not"", ""a"", ""white"", ""dude"", ""smells"", ""like"", ""a"", ""muslims"", ""work"", ""all"", ""day"", ""long""]",hatespeech,Caucasian,"[0, 0, 0, 0, 0, 0, 0, 0, 0, 0, 0, 0, 0, 0, 0, 0, 1, 1, 1, 1, 1, 0, 0, 0]","[""smells"", ""like"", ""a"", ""muslims"", ""work""]",199,24,5,True,offensive,"[0, 0, 0, 0, 0, 0, 0, 0, 0, 0, 0, 0, 0, 0, 0, 0, 1, 1, 1, 1, 1, 0, 0, 0]","[""smells"", ""like"", ""a"", ""muslims"", ""work""]"
18490131_gab,train,ah k white nationalism is perfect and infallible and you are a cuck faggot who takes it up the ass from blacks if you disagree in any way that seems to cover it,"[""ah"", ""k"", ""white"", ""nationalism"", ""is"", ""perfect"", ""and"", ""infallible"", ""and"", ""you"", ""are"", ""a"", ""cuck"", ""faggot"", ""who"", ""takes"", ""it"", ""up"", ""the"", ""ass"", ""from"", ""blacks"", ""if"", ""you"", ""disagree"", ""in"", ""any"", ""way"", ""that"", ""seems"", ""to"", ""cover"", ""it""]",hatespeech,Caucasian,"[0, 0, 0, 0, 0, 0, 0, 0, 0, 1, 1, 1, 1, 1, 0, 0, 0, 0, 0, 1, 1, 1, 0, 0, 0, 0, 0, 0, 0, 0, 0, 0, 0]","[""you"", ""are"", ""a"", ""cuck"", ""faggot"", ""ass"", ""from"", ""blacks""]",216,33,8,True,hatespeech,"[0, 0, 0, 0, 0, 0, 0, 0, 0, 0, 0, 0, 1, 1, 0, 0, 0, 0, 0, 0, 0, 0, 0, 0, 0, 0, 0, 0, 0, 0, 0, 0, 0]","[""cuck"", ""faggot""]"
18508343_gab,train,the mentally ill snow nigger is you gabbing at me everyday to get a taste of my curry cock and then pretend like you do not enjoy it it like every racist nazi homophobe that has been caught getting fuxked by a black homo,"[""the"", ""mentally"", ""ill"", ""snow"", ""nigger"", ""is"", ""you"", ""gabbing"", ""at"", ""me"", ""everyday"", ""to"", ""get"", ""a"", ""taste"", ""of"", ""my"", ""curry"", ""cock"", ""and"", ""then"", ""pretend"", ""like"", ""you"", ""do"", ""not"", ""enjoy"", ""it"", ""it"", ""like"", ""every"", ""racist"", ""nazi"", ""homophobe"", ""that"", ""has"", ""been"", ""caught"", ""getting"", ""fuxked"", ""by"", ""a"", ""black"", ""homo""]",hatespeech,Caucasian,"[0, 0, 0, 0, 1, 0, 0, 0, 0, 0, 0, 0, 0, 0, 0, 0, 0, 0, 0, 0, 0, 0, 0, 0, 0, 0, 0, 0, 0, 0, 0, 1, 1, 1, 0, 0, 0, 0, 0, 1, 1, 1, 1, 1]","[""nigger"", ""racist"", ""nazi"", ""homophobe"", ""fuxked"", ""by"", ""a"", ""black"", ""homo""]",201,44,9,True,hatespeech,"[0, 0, 0, 0, 1, 0, 0, 0, 0, 0, 0, 0, 0, 0, 0, 0, 0, 0, 0, 0, 0, 0, 0, 0, 0, 0, 0, 0, 0, 0, 0, 1, 1, 0, 0, 0, 0, 0, 0, 0, 0, 0, 0, 0]","[""nigger"", ""racist"", ""nazi""]"
18566550_gab,train,the players can not say anything political in theory but no boundaries for the advertisers that add to coffers already filled with taxpayer funding a <number> predominantly white fan base supports a <number> black entertainment industry,"[""the"", ""players"", ""can"", ""not"", ""say"", ""anything"", ""political"", ""in"", ""theory"", ""but"", ""no"", ""boundaries"", ""for"", ""the"", ""advertisers"", ""that"", ""add"", ""to"", ""coffers"", ""already"", ""filled"", ""with"", ""taxpayer"", ""funding"", ""a"", ""<number>"", ""predominantly"", ""white"", ""fan"", ""base"", ""supports"", ""a"", ""<number>"", ""black"", ""entertainment"", ""industry""]",offensive,Caucasian,"[0, 0, 0, 0, 0, 0, 0, 0, 0, 0, 1, 1, 0, 0, 0, 0, 0, 0, 0, 0, 0, 0, 0, 0, 0, 0, 0, 0, 0, 0, 0, 0, 0, 0, 0, 0]","[""no"", ""boundaries""]",203,36,2,True,offensive,"[0, 0, 0, 0, 0, 0, 0, 0, 0, 0, 0, 0, 0, 0, 0, 0, 0, 0, 0, 0, 0, 0, 0, 0, 0, 0, 0, 0, 0, 0, 0, 0, 0, 0, 0, 0]",[]
18613308_gab,train,whites are the minority in ads looking at my calvins women undies first look it seems a white women but look close it is a hispanic with blonde hair close examination of the women one mixed black <number> hispanics no white women in ad,"[""whites"", ""are"", ""the"", ""minority"", ""in"", ""ads"", ""looking"", ""at"", ""my"", ""calvins"", ""women"", ""undies"", ""first"", ""look"", ""it"", ""seems"", ""a"", ""white"", ""women"", ""but"", ""look"", ""close"", ""it"", ""is"", ""a"", ""hispanic"", ""with"", ""blonde"", ""hair"", ""close"", ""examination"", ""of"", ""the"", ""women"", ""one"", ""mixed"", ""black"", ""<number>"", ""hispanics"", ""no"", ""white"", ""women"", ""in"", ""ad""]",normal,Caucasian,"[0, 0, 0, 1, 1, 1, 0, 0, 0, 0, 0, 0, 0, 0, 0, 0, 0, 0, 0, 0, 0, 0, 0, 0, 0, 0, 0, 0, 0, 0, 0, 0, 0, 0, 0, 0, 0, 0, 0, 0, 0, 0, 0, 0]","[""minority"", ""in"", ""ads""]",241,44,3,True,offensive,"[0, 0, 0, 1, 1, 1, 0, 0, 0, 0, 0, 0, 0, 0, 0, 0, 0, 0, 0, 0, 0, 0, 0, 0, 0, 0, 0, 0, 0, 0, 0, 0, 0, 0, 0, 0, 0, 0, 0, 0, 0, 0, 0, 0]","[""minority"", ""in"", ""ads""]"
18613932_gab,train,the hollywood ziojesuit multi cultural marxist scum uses africans their ghetto music homosexuals and other people of color to brainwash and normalize whites christians to their great replacement and genocide sick,"[""the"", ""hollywood"", ""ziojesuit"", ""multi"", ""cultural"", ""marxist"", ""scum"", ""uses"", ""africans"", ""their"", ""ghetto"", ""music"", ""homosexuals"", ""and"", ""other"", ""people"", ""of"", ""color"", ""to"", ""brainwash"", ""and"", ""normalize"", ""whites"", ""christians"", ""to"", ""their"", ""great"", ""replacement"", ""and"", ""genocide"", ""sick""]",hatespeech,Caucasian,"[0, 0, 0, 0, 0, 0, 0, 0, 1, 1, 1, 1, 1, 0, 1, 1, 1, 1, 0, 0, 0, 1, 1, 1, 1, 1, 1, 1, 1, 1, 0]","[""africans"", ""their"", ""ghetto"", ""music"", ""homosexuals"", ""other"", ""people"", ""of"", ""color"", ""normalize"", ""whites"", ""christians"", ""to"", ""their"", ""great"", ""replacement"", ""and"", ""genocide""]",232,31,18,True,hatespeech,"[0, 0, 0, 0, 0, 0, 0, 0, 1, 0, 1, 1, 0, 0, 0, 0, 0, 0, 0, 0, 0, 0, 0, 0, 0, 0, 0, 0, 0, 0, 0]","[""africans"", ""ghetto"", ""music""]"
18668813_gab,train,<number> white people who wanted to be black which was less than <number> we called them white negroes they wanted to be part of black culture in the ghettos we never dreamed that ghetto culture would be praised as better than european by liberals,"[""<number>"", ""white"", ""people"", ""who"", ""wanted"", ""to"", ""be"", ""black"", ""which"", ""was"", ""less"", ""than"", ""<number>"", ""we"", ""called"", ""them"", ""white"", ""negroes"", ""they"", ""wanted"", ""to"", ""be"", ""part"", ""of"", ""black"", ""culture"", ""in"", ""the"", ""ghettos"", ""we"", ""never"", ""dreamed"", ""that"", ""ghetto"", ""culture"", ""would"", ""be"", ""praised"", ""as"", ""better"", ""than"", ""european"", ""by"", ""liberals""]",hatespeech,Caucasian,"[0, 0, 0, 0, 0, 0, 0, 0, 0, 0, 0, 0, 0, 0, 0, 0, 1, 1, 0, 0, 0, 0, 0, 0, 0, 1, 1, 1, 1, 0, 0, 0, 0, 0, 0, 0, 0, 0, 0, 0, 0, 0, 0, 0]","[""white"", ""negroes"", ""culture"", ""in"", ""the"", ""ghettos""]",248,44,6,True,offensive,"[0, 0, 0, 0, 0, 0, 0, 0, 0, 0, 0, 0, 0, 0, 0, 0, 0, 0, 0, 0, 0, 0, 0, 0, 0, 0, 0, 0, 0, 0, 0, 0, 0, 0, 0, 0, 0, 0, 0, 0, 0, 0, 0, 0]",[]
18711330_gab,train,competing racial groups like black teams versus white teams,"[""competing"", ""racial"", ""groups"", ""like"", ""black"", ""teams"", ""versus"", ""white"", ""teams""]",offensive,Caucasian,"[0, 0, 0, 0, 1, 1, 1, 1, 1]","[""black"", ""teams"", ""versus"", ""white"", ""teams""]",222,9,5,True,offensive,"[0, 0, 0, 0, 1, 1, 1, 1, 1]","[""black"", ""teams"", ""versus"", ""white"", ""teams""]"
18770401_gab,train,in celebration of holocaust day i want to send a message to all people that jews are overrepresented in positions of power and actively conspire about ending the white race,"[""in"", ""celebration"", ""of"", ""holocaust"", ""day"", ""i"", ""want"", ""to"", ""send"", ""a"", ""message"", ""to"", ""all"", ""people"", ""that"", ""jews"", ""are"", ""overrepresented"", ""in"", ""positions"", ""of"", ""power"", ""and"", ""actively"", ""conspire"", ""about"", ""ending"", ""the"", ""white"", ""race""]",hatespeech,Caucasian,"[1, 1, 1, 1, 1, 1, 1, 1, 1, 1, 1, 1, 1, 1, 1, 1, 1, 1, 1, 1, 1, 1, 1, 1, 1, 1, 1, 1, 1, 1]","[""in"", ""celebration"", ""of"", ""holocaust"", ""day"", ""i"", ""want"", ""to"", ""send"", ""a"", ""message"", ""to"", ""all"", ""people"", ""that"", ""jews"", ""are"", ""overrepresented"", ""in"", ""positions"", ""of"", ""power"", ""and"", ""actively"", ""conspire"", ""about"", ""ending"", ""the"", ""white"", ""race""]",199,30,30,True,hatespeech,"[0, 0, 0, 0, 0, 0, 0, 0, 0, 0, 0, 0, 0, 0, 0, 1, 0, 0, 0, 0, 0, 0, 0, 0, 0, 0, 0, 0, 1, 1]","[""jews"", ""white"", ""race""]"
18786838_gab,train,porn is not degenerate fuck you i will destroy all of you snow niggers and sand niggers if you lay a finger on porn,"[""porn"", ""is"", ""not"", ""degenerate"", ""fuck"", ""you"", ""i"", ""will"", ""destroy"", ""all"", ""of"", ""you"", ""snow"", ""niggers"", ""and"", ""sand"", ""niggers"", ""if"", ""you"", ""lay"", ""a"", ""finger"", ""on"", ""porn""]",hatespeech,Caucasian,"[0, 0, 0, 0, 0, 0, 0, 0, 0, 0, 0, 0, 1, 1, 1, 1, 1, 0, 0, 0, 0, 0, 0, 0]","[""snow"", ""niggers"", ""and"", ""sand"", ""niggers""]",201,24,5,True,hatespeech,"[0, 0, 0, 0, 0, 0, 0, 0, 0, 0, 0, 0, 1, 1, 1, 1, 1, 0, 0, 0, 0, 0, 0, 0]","[""snow"", ""niggers"", ""and"", ""sand"", ""niggers""]"
18914724_gab,train,maybe these goys do not live in america the american flag is a great symbol but have you considered that there are other symbols of the white race worth upholding,"[""maybe"", ""these"", ""goys"", ""do"", ""not"", ""live"", ""in"", ""america"", ""the"", ""american"", ""flag"", ""is"", ""a"", ""great"", ""symbol"", ""but"", ""have"", ""you"", ""considered"", ""that"", ""there"", ""are"", ""other"", ""symbols"", ""of"", ""the"", ""white"", ""race"", ""worth"", ""upholding""]",hatespeech,Caucasian,"[1, 1, 1, 1, 1, 1, 1, 1, 0, 0, 0, 0, 0, 0, 0, 0, 0, 0, 0, 0, 0, 0, 0, 0, 0, 0, 0, 0, 0, 0]","[""maybe"", ""these"", ""goys"", ""do"", ""not"", ""live"", ""in"", ""america""]",210,30,8,True,hatespeech,"[0, 0, 1, 0, 0, 0, 0, 0, 0, 0, 0, 0, 0, 0, 0, 0, 0, 0, 0, 0, 0, 0, 0, 0, 0, 0, 0, 0, 0, 0]","[""goys""]"
18937485_gab,train,hello everyone i am a freedom lover love god family and america i am white and will not allow anti american people of color destroy my country nor infiltrate my government,"[""hello"", ""everyone"", ""i"", ""am"", ""a"", ""freedom"", ""lover"", ""love"", ""god"", ""family"", ""and"", ""america"", ""i"", ""am"", ""white"", ""and"", ""will"", ""not"", ""allow"", ""anti"", ""american"", ""people"", ""of"", ""color"", ""destroy"", ""my"", ""country"", ""nor"", ""infiltrate"", ""my"", ""government""]",offensive,Caucasian,"[0, 0, 0, 0, 0, 0, 0, 0, 0, 0, 0, 0, 0, 1, 1, 1, 1, 1, 1, 1, 1, 1, 1, 1, 1, 1, 1, 1, 1, 0, 0]","[""am"", ""white"", ""and"", ""will"", ""not"", ""allow"", ""anti"", ""american"", ""people"", ""of"", ""color"", ""destroy"", ""my"", ""country"", ""nor"", ""infiltrate""]",199,31,16,True,hatespeech,"[0, 0, 0, 0, 0, 0, 0, 0, 0, 0, 0, 0, 0, 0, 0, 0, 1, 1, 1, 1, 1, 1, 0, 1, 1, 1, 1, 0, 0, 0, 0]","[""will"", ""not"", ""allow"", ""anti"", ""american"", ""people"", ""color"", ""destroy"", ""my"", ""country""]"
18941504_gab,train,whitegenocide rfid jewish controlled media is not news its a bureau of communist indoctrination or hatenews to make people help the jews create the communist nwo where no white person will be spared and the current generation of black people will become slaves again,"[""whitegenocide"", ""rfid"", ""jewish"", ""controlled"", ""media"", ""is"", ""not"", ""news"", ""its"", ""a"", ""bureau"", ""of"", ""communist"", ""indoctrination"", ""or"", ""hatenews"", ""to"", ""make"", ""people"", ""help"", ""the"", ""jews"", ""create"", ""the"", ""communist"", ""nwo"", ""where"", ""no"", ""white"", ""person"", ""will"", ""be"", ""spared"", ""and"", ""the"", ""current"", ""generation"", ""of"", ""black"", ""people"", ""will"", ""become"", ""slaves"", ""again""]",hatespeech,Caucasian,"[0, 0, 0, 0, 0, 0, 0, 0, 0, 0, 0, 0, 0, 0, 0, 0, 0, 0, 0, 0, 0, 1, 1, 1, 1, 0, 0, 0, 0, 0, 0, 0, 0, 0, 0, 0, 0, 0, 1, 1, 1, 1, 1, 1]","[""jews"", ""create"", ""the"", ""communist"", ""black"", ""people"", ""will"", ""become"", ""slaves"", ""again""]",250,44,10,True,hatespeech,"[0, 0, 0, 0, 0, 0, 0, 0, 0, 0, 0, 0, 0, 0, 0, 0, 0, 0, 0, 0, 0, 1, 1, 1, 1, 0, 0, 0, 0, 0, 0, 0, 0, 0, 0, 0, 0, 0, 0, 0, 0, 0, 0, 0]","[""jews"", ""create"", ""the"", ""communist""]"
1899523_gab,train,i do not care if someone calls me a cracker honky alt right nazi racist sexist homophobic xenophobic misogynist asshole white guy or cheese dick not having sick hillary as president makes me laugh at all those irrelevant and insignificant terms maga trump draintheswamp,"[""i"", ""do"", ""not"", ""care"", ""if"", ""someone"", ""calls"", ""me"", ""a"", ""cracker"", ""honky"", ""alt"", ""right"", ""nazi"", ""racist"", ""sexist"", ""homophobic"", ""xenophobic"", ""misogynist"", ""asshole"", ""white"", ""guy"", ""or"", ""cheese"", ""dick"", ""not"", ""having"", ""sick"", ""hillary"", ""as"", ""president"", ""makes"", ""me"", ""laugh"", ""at"", ""all"", ""those"", ""irrelevant"", ""and"", ""insignificant"", ""terms"", ""maga"", ""trump"", ""draintheswamp""]",offensive,Caucasian,"[0, 0, 0, 0, 0, 0, 0, 0, 0, 1, 1, 1, 1, 1, 1, 1, 1, 1, 1, 1, 1, 1, 1, 1, 1, 0, 0, 0, 0, 0, 0, 0, 0, 0, 0, 0, 0, 0, 0, 0, 0, 0, 0, 0]","[""cracker"", ""honky"", ""alt"", ""right"", ""nazi"", ""racist"", ""sexist"", ""homophobic"", ""xenophobic"", ""misogynist"", ""asshole"", ""white"", ""guy"", ""or"", ""cheese"", ""dick""]",203,44,16,True,offensive,"[0, 0, 0, 0, 0, 0, 0, 0, 0, 1, 1, 0, 1, 0, 0, 0, 0, 0, 0, 1, 1, 1, 0, 0, 0, 0, 0, 0, 0, 0, 0, 0, 0, 0, 0, 0, 0, 0, 0, 0, 0, 0, 0, 0]","[""cracker"", ""honky"", ""right"", ""asshole"", ""white"", ""guy""]"
19057440_gab,train,if donald trump was a president like woodrow wilson we the white race would have a president to remembered but trump used the white working class to achieve his goals as president he has done nothing for the white race he has however appeased blacks by immortalizing martin luther king jr,"[""if"", ""donald"", ""trump"", ""was"", ""a"", ""president"", ""like"", ""woodrow"", ""wilson"", ""we"", ""the"", ""white"", ""race"", ""would"", ""have"", ""a"", ""president"", ""to"", ""remembered"", ""but"", ""trump"", ""used"", ""the"", ""white"", ""working"", ""class"", ""to"", ""achieve"", ""his"", ""goals"", ""as"", ""president"", ""he"", ""has"", ""done"", ""nothing"", ""for"", ""the"", ""white"", ""race"", ""he"", ""has"", ""however"", ""appeased"", ""blacks"", ""by"", ""immortalizing"", ""martin"", ""luther"", ""king"", ""jr""]",offensive,Caucasian,"[0, 0, 0, 0, 0, 0, 0, 0, 0, 0, 0, 0, 0, 0, 0, 0, 0, 0, 0, 0, 0, 0, 0, 0, 0, 0, 0, 0, 0, 0, 0, 0, 0, 0, 0, 0, 0, 0, 0, 0, 1, 1, 1, 1, 1, 1, 1, 1, 1, 1, 1]","[""he"", ""has"", ""however"", ""appeased"", ""blacks"", ""by"", ""immortalizing"", ""martin"", ""luther"", ""king"", ""jr""]",199,51,11,True,offensive,"[0, 0, 0, 0, 0, 0, 0, 0, 0, 0, 0, 0, 0, 0, 0, 0, 0, 0, 0, 0, 0, 0, 0, 0, 0, 0, 0, 0, 0, 0, 0, 0, 0, 0, 0, 0, 0, 0, 0, 0, 1, 1, 1, 1, 1, 1, 1, 1, 1, 1, 1]","[""he"", ""has"", ""however"", ""appeased"", ""blacks"", ""by"", ""immortalizing"", ""martin"", ""luther"", ""king"", ""jr""]"
19136881_gab,train,italy is for italians get the immigrants to go back to their shitholes america is for americans europe is for europeans clear,"[""italy"", ""is"", ""for"", ""italians"", ""get"", ""the"", ""immigrants"", ""to"", ""go"", ""back"", ""to"", ""their"", ""shitholes"", ""america"", ""is"", ""for"", ""americans"", ""europe"", ""is"", ""for"", ""europeans"", ""clear""]",hatespeech,Caucasian,"[0, 0, 0, 0, 0, 0, 1, 0, 0, 0, 0, 0, 1, 0, 0, 0, 0, 0, 0, 0, 0, 0]","[""immigrants"", ""shitholes""]",209,22,2,True,hatespeech,"[0, 0, 0, 0, 0, 0, 1, 0, 0, 0, 0, 0, 1, 0, 0, 0, 0, 0, 0, 0, 0, 0]","[""immigrants"", ""shitholes""]"
1919775_gab,train,fake liberal mainstream media members need to be rounded up arrested sued imprisoned for inciting racial racist violence towards white people,"[""fake"", ""liberal"", ""mainstream"", ""media"", ""members"", ""need"", ""to"", ""be"", ""rounded"", ""up"", ""arrested"", ""sued"", ""imprisoned"", ""for"", ""inciting"", ""racial"", ""racist"", ""violence"", ""towards"", ""white"", ""people""]",normal,Caucasian,"[1, 1, 1, 1, 1, 1, 1, 1, 1, 1, 1, 1, 1, 1, 1, 1, 1, 1, 1, 1, 1]","[""fake"", ""liberal"", ""mainstream"", ""media"", ""members"", ""need"", ""to"", ""be"", ""rounded"", ""up"", ""arrested"", ""sued"", ""imprisoned"", ""for"", ""inciting"", ""racial"", ""racist"", ""violence"", ""towards"", ""white"", ""people""]",199,21,21,True,offensive,"[1, 1, 1, 1, 1, 0, 0, 0, 1, 1, 1, 1, 1, 0, 1, 1, 1, 1, 1, 1, 1]","[""fake"", ""liberal"", ""mainstream"", ""media"", ""members"", ""rounded"", ""up"", ""arrested"", ""sued"", ""imprisoned"", ""inciting"", ""racial"", ""racist"", ""violence"", ""towards"", ""white"", ""people""]"
19232516_gab,train,i do not know why you want mexicans out but to me it has nothing to do with crime i want asians out too and they do less crime than whites this is simply a matter of having a homeland,"[""i"", ""do"", ""not"", ""know"", ""why"", ""you"", ""want"", ""mexicans"", ""out"", ""but"", ""to"", ""me"", ""it"", ""has"", ""nothing"", ""to"", ""do"", ""with"", ""crime"", ""i"", ""want"", ""asians"", ""out"", ""too"", ""and"", ""they"", ""do"", ""less"", ""crime"", ""than"", ""whites"", ""this"", ""is"", ""simply"", ""a"", ""matter"", ""of"", ""having"", ""a"", ""homeland""]",hatespeech,Caucasian,"[0, 0, 0, 0, 0, 0, 0, 1, 1, 0, 0, 0, 0, 0, 0, 0, 0, 0, 0, 0, 0, 1, 1, 0, 0, 0, 0, 0, 0, 0, 0, 0, 0, 0, 0, 0, 0, 0, 0, 0]","[""mexicans"", ""out"", ""asians"", ""out""]",199,40,4,True,hatespeech,"[0, 0, 0, 0, 0, 0, 0, 0, 0, 0, 0, 0, 0, 0, 0, 0, 0, 0, 0, 0, 0, 1, 1, 0, 0, 0, 0, 0, 0, 0, 0, 0, 0, 0, 0, 0, 0, 0, 0, 0]","[""asians"", ""out""]"
19277676_gab,train,blacks are only <number> of the u.s. population therefore black millionaires and billionaires like oprah samuel l jackson colin kaepernick and countless others confirm my point white america made these blacks extremely wealthy and yet sadly most millennial blacks believe the left lie that their opportunities for success are limited,"[""blacks"", ""are"", ""only"", ""<number>"", ""of"", ""the"", ""u.s."", ""population"", ""therefore"", ""black"", ""millionaires"", ""and"", ""billionaires"", ""like"", ""oprah"", ""samuel"", ""l"", ""jackson"", ""colin"", ""kaepernick"", ""and"", ""countless"", ""others"", ""confirm"", ""my"", ""point"", ""white"", ""america"", ""made"", ""these"", ""blacks"", ""extremely"", ""wealthy"", ""and"", ""yet"", ""sadly"", ""most"", ""millennial"", ""blacks"", ""believe"", ""the"", ""left"", ""lie"", ""that"", ""their"", ""opportunities"", ""for"", ""success"", ""are"", ""limited""]",offensive,Caucasian,"[0, 0, 0, 0, 0, 0, 0, 0, 0, 0, 0, 0, 0, 0, 0, 0, 0, 0, 0, 0, 0, 0, 0, 0, 0, 0, 0, 0, 0, 1, 1, 0, 0, 0, 0, 0, 0, 0, 0, 0, 0, 1, 1, 0, 0, 0, 0, 0, 0, 0]","[""these"", ""blacks"", ""left"", ""lie""]",199,50,4,True,offensive,"[0, 0, 0, 0, 0, 0, 0, 0, 0, 0, 0, 0, 0, 0, 0, 0, 0, 0, 0, 0, 0, 0, 0, 0, 0, 0, 0, 0, 0, 0, 0, 0, 0, 0, 0, 0, 0, 0, 0, 0, 0, 0, 0, 0, 0, 0, 0, 0, 0, 0]",[]
19284084_gab,train,first set of business cards for midnight auto springfield missouri i should have put it okay to be white but i did not think of it until now,"[""first"", ""set"", ""of"", ""business"", ""cards"", ""for"", ""midnight"", ""auto"", ""springfield"", ""missouri"", ""i"", ""should"", ""have"", ""put"", ""it"", ""okay"", ""to"", ""be"", ""white"", ""but"", ""i"", ""did"", ""not"", ""think"", ""of"", ""it"", ""until"", ""now""]",normal,Caucasian,"[0, 0, 0, 0, 0, 0, 0, 0, 0, 0, 0, 0, 0, 1, 1, 1, 1, 1, 1, 0, 0, 0, 0, 0, 0, 0, 0, 0]","[""put"", ""it"", ""okay"", ""to"", ""be"", ""white""]",253,28,6,True,offensive,"[0, 0, 0, 0, 0, 0, 0, 0, 0, 0, 0, 0, 0, 0, 0, 1, 1, 1, 1, 0, 0, 0, 0, 0, 0, 0, 0, 0]","[""okay"", ""to"", ""be"", ""white""]"
19406197_gab,train,here the deal teach you are gonna stop making me watch gay pbs and i am gonna call you a good lil white bitch got it,"[""here"", ""the"", ""deal"", ""teach"", ""you"", ""are"", ""gonna"", ""stop"", ""making"", ""me"", ""watch"", ""gay"", ""pbs"", ""and"", ""i"", ""am"", ""gonna"", ""call"", ""you"", ""a"", ""good"", ""lil"", ""white"", ""bitch"", ""got"", ""it""]",hatespeech,Caucasian,"[0, 0, 0, 0, 0, 0, 0, 0, 0, 0, 0, 1, 0, 0, 0, 0, 0, 0, 0, 0, 1, 1, 1, 1, 0, 0]","[""gay"", ""good"", ""lil"", ""white"", ""bitch""]",199,26,5,True,hatespeech,"[0, 0, 0, 0, 0, 0, 0, 0, 0, 0, 0, 1, 0, 0, 0, 0, 0, 0, 0, 0, 1, 1, 1, 1, 0, 0]","[""gay"", ""good"", ""lil"", ""white"", ""bitch""]"
19462410_gab,train,meet <user> he is a little lefty nazi like you you <number> will get along great,"[""meet"", ""<user>"", ""he"", ""is"", ""a"", ""little"", ""lefty"", ""nazi"", ""like"", ""you"", ""you"", ""<number>"", ""will"", ""get"", ""along"", ""great""]",offensive,Caucasian,"[0, 0, 0, 0, 0, 0, 0, 1, 0, 0, 0, 0, 0, 0, 0, 0]","[""nazi""]",207,16,1,True,offensive,"[0, 0, 0, 0, 0, 0, 0, 1, 0, 0, 0, 0, 0, 0, 0, 0]","[""nazi""]"
19590408_gab,train,more whites need to understand this we have earned our power and prestige it is ours to keep we must never relinquish it to niggers arabs or any other non white,"[""more"", ""whites"", ""need"", ""to"", ""understand"", ""this"", ""we"", ""have"", ""earned"", ""our"", ""power"", ""and"", ""prestige"", ""it"", ""is"", ""ours"", ""to"", ""keep"", ""we"", ""must"", ""never"", ""relinquish"", ""it"", ""to"", ""niggers"", ""arabs"", ""or"", ""any"", ""other"", ""non"", ""white""]",hatespeech,Caucasian,"[0, 0, 0, 0, 0, 0, 0, 0, 0, 0, 0, 0, 0, 0, 0, 0, 0, 0, 0, 0, 0, 0, 0, 0, 1, 1, 0, 0, 0, 1, 1]","[""niggers"", ""arabs"", ""non"", ""white""]",203,31,4,True,hatespeech,"[0, 0, 0, 0, 0, 0, 0, 0, 0, 0, 0, 0, 0, 0, 0, 0, 0, 0, 0, 0, 0, 0, 0, 0, 1, 1, 0, 0, 0, 1, 1]","[""niggers"", ""arabs"", ""non"", ""white""]"
19604059_gab,train,actually feral <number> of blacks commit that crime baby mamas like yourself and white supremacist girlymen are not exactly perfect specimens but muh white power 😂,"[""actually"", ""feral"", ""<number>"", ""of"", ""blacks"", ""commit"", ""that"", ""crime"", ""baby"", ""mamas"", ""like"", ""yourself"", ""and"", ""white"", ""supremacist"", ""girlymen"", ""are"", ""not"", ""exactly"", ""perfect"", ""specimens"", ""but"", ""muh"", ""white"", ""power"", ""\ud83d\ude02""]",offensive,Caucasian,"[0, 1, 1, 1, 1, 1, 1, 1, 0, 0, 0, 0, 0, 0, 0, 0, 0, 0, 0, 0, 0, 0, 0, 0, 0, 0]","[""feral"", ""<number>"", ""of"", ""blacks"", ""commit"", ""that"", ""crime""]",223,26,7,True,hatespeech,"[0, 0, 0, 0, 1, 1, 0, 0, 0, 0, 0, 0, 0, 0, 0, 0, 0, 0, 0, 0, 0, 0, 0, 0, 0, 0]","[""blacks"", ""commit""]"
19700689_gab,train,well gosh as if you think being a white nationalist means treating people badly because of their race for god sake the only thing that a white nationalist is advising is no future race mixing anything beyond that is actual racism which white nationalists oppose,"[""well"", ""gosh"", ""as"", ""if"", ""you"", ""think"", ""being"", ""a"", ""white"", ""nationalist"", ""means"", ""treating"", ""people"", ""badly"", ""because"", ""of"", ""their"", ""race"", ""for"", ""god"", ""sake"", ""the"", ""only"", ""thing"", ""that"", ""a"", ""white"", ""nationalist"", ""is"", ""advising"", ""is"", ""no"", ""future"", ""race"", ""mixing"", ""anything"", ""beyond"", ""that"", ""is"", ""actual"", ""racism"", ""which"", ""white"", ""nationalists"", ""oppose""]",offensive,Caucasian,"[0, 0, 0, 0, 0, 0, 0, 0, 0, 0, 0, 0, 0, 0, 0, 0, 0, 0, 0, 0, 0, 0, 0, 0, 0, 0, 0, 0, 0, 0, 0, 0, 0, 1, 1, 0, 0, 0, 0, 1, 1, 0, 0, 0, 0]","[""race"", ""mixing"", ""actual"", ""racism""]",199,45,4,True,offensive,"[0, 0, 0, 0, 0, 0, 0, 0, 0, 0, 0, 0, 0, 0, 0, 0, 0, 0, 0, 0, 0, 0, 0, 0, 0, 0, 0, 0, 0, 0, 0, 0, 0, 1, 1, 0, 0, 0, 0, 1, 1, 0, 0, 0, 0]","[""race"", ""mixing"", ""actual"", ""racism""]"
19707144_gab,val,al jizz era wants the white man down we will hang every sand nigger from every street lamp in town before that happens,"[""al"", ""jizz"", ""era"", ""wants"", ""the"", ""white"", ""man"", ""down"", ""we"", ""will"", ""hang"", ""every"", ""sand"", ""nigger"", ""from"", ""every"", ""street"", ""lamp"", ""in"", ""town"", ""before"", ""that"", ""happens""]",hatespeech,Caucasian,"[0, 0, 0, 0, 0, 0, 0, 0, 0, 0, 0, 0, 1, 1, 0, 0, 0, 0, 0, 0, 0, 0, 0]","[""sand"", ""nigger""]",210,23,2,True,hatespeech,"[0, 0, 0, 0, 0, 0, 0, 0, 0, 0, 0, 0, 1, 1, 0, 0, 0, 0, 0, 0, 0, 0, 0]","[""sand"", ""nigger""]"
19773795_gab,train,yes yes but it is never mentioned it would be racist i was watching some fashion show with all faces walking the runway i thought soon they will want only white women as they realize the globe is filled with black and brown faces minority white hires with no guilt,"[""yes"", ""yes"", ""but"", ""it"", ""is"", ""never"", ""mentioned"", ""it"", ""would"", ""be"", ""racist"", ""i"", ""was"", ""watching"", ""some"", ""fashion"", ""show"", ""with"", ""all"", ""faces"", ""walking"", ""the"", ""runway"", ""i"", ""thought"", ""soon"", ""they"", ""will"", ""want"", ""only"", ""white"", ""women"", ""as"", ""they"", ""realize"", ""the"", ""globe"", ""is"", ""filled"", ""with"", ""black"", ""and"", ""brown"", ""faces"", ""minority"", ""white"", ""hires"", ""with"", ""no"", ""guilt""]",offensive,Caucasian,"[0, 0, 0, 0, 0, 0, 0, 0, 0, 0, 1, 0, 0, 0, 0, 0, 0, 0, 0, 0, 0, 0, 0, 0, 0, 0, 0, 0, 0, 0, 0, 0, 0, 0, 0, 0, 0, 0, 0, 0, 0, 0, 0, 0, 0, 0, 0, 0, 0, 0]","[""racist""]",222,50,1,True,offensive,"[0, 0, 0, 0, 0, 0, 0, 0, 0, 0, 1, 0, 0, 0, 0, 0, 0, 0, 0, 0, 0, 0, 0, 0, 0, 0, 0, 0, 0, 0, 0, 0, 0, 0, 0, 0, 0, 0, 0, 0, 0, 0, 0, 0, 0, 0, 0, 0, 0, 0]","[""racist""]"
19787360_gab,test,the left just got caught in their own trap they promote islam and inter racial marriage mudsharks etc now they want to eliminate freedom of association and not mix it up you cannot fix stupid,"[""the"", ""left"", ""just"", ""got"", ""caught"", ""in"", ""their"", ""own"", ""trap"", ""they"", ""promote"", ""islam"", ""and"", ""inter"", ""racial"", ""marriage"", ""mudsharks"", ""etc"", ""now"", ""they"", ""want"", ""to"", ""eliminate"", ""freedom"", ""of"", ""association"", ""and"", ""not"", ""mix"", ""it"", ""up"", ""you"", ""cannot"", ""fix"", ""stupid""]",offensive,Caucasian,"[0, 0, 0, 0, 0, 0, 0, 0, 0, 0, 1, 1, 1, 1, 1, 1, 0, 0, 0, 0, 0, 0, 0, 0, 0, 0, 0, 0, 0, 0, 0, 0, 0, 0, 0]","[""promote"", ""islam"", ""and"", ""inter"", ""racial"", ""marriage""]",216,35,6,True,offensive,"[0, 0, 0, 0, 0, 0, 0, 0, 0, 0, 0, 0, 0, 0, 0, 0, 0, 0, 0, 0, 0, 0, 0, 0, 0, 0, 0, 0, 0, 0, 0, 0, 0, 0, 0]",[]
19828443_gab,train,blackwashing the jews may be the best attack against the blackwashing of whites,"[""blackwashing"", ""the"", ""jews"", ""may"", ""be"", ""the"", ""best"", ""attack"", ""against"", ""the"", ""blackwashing"", ""of"", ""whites""]",offensive,Caucasian,"[1, 0, 1, 0, 0, 0, 0, 0, 0, 0, 1, 1, 1]","[""blackwashing"", ""jews"", ""blackwashing"", ""of"", ""whites""]",233,13,5,True,offensive,"[1, 0, 0, 0, 0, 0, 0, 0, 0, 0, 1, 0, 0]","[""blackwashing"", ""blackwashing""]"
19829033_gab,train,you talk as if it avoidable have you looked around lately the communist nigger president just enshrined in our hallowed halls a portrait from the kill whitey artist white women are <number> of global population your arguments are boering 😉,"[""you"", ""talk"", ""as"", ""if"", ""it"", ""avoidable"", ""have"", ""you"", ""looked"", ""around"", ""lately"", ""the"", ""communist"", ""nigger"", ""president"", ""just"", ""enshrined"", ""in"", ""our"", ""hallowed"", ""halls"", ""a"", ""portrait"", ""from"", ""the"", ""kill"", ""whitey"", ""artist"", ""white"", ""women"", ""are"", ""<number>"", ""of"", ""global"", ""population"", ""your"", ""arguments"", ""are"", ""boering"", ""\ud83d\ude09""]",hatespeech,Caucasian,"[0, 0, 0, 0, 0, 0, 0, 0, 0, 0, 0, 1, 1, 1, 1, 1, 1, 1, 1, 1, 1, 1, 1, 1, 1, 1, 1, 1, 0, 0, 0, 0, 0, 0, 0, 0, 0, 0, 0, 0]","[""the"", ""communist"", ""nigger"", ""president"", ""just"", ""enshrined"", ""in"", ""our"", ""hallowed"", ""halls"", ""a"", ""portrait"", ""from"", ""the"", ""kill"", ""whitey"", ""artist""]",200,40,17,True,hatespeech,"[0, 0, 0, 0, 0, 0, 0, 0, 0, 0, 0, 0, 0, 1, 0, 0, 0, 0, 0, 0, 0, 0, 0, 0, 0, 1, 1, 0, 0, 0, 0, 0, 0, 0, 0, 0, 0, 0, 0, 0]","[""nigger"", ""kill"", ""whitey""]"
19978395_gab,train,private vs low i q sand nigger jews who whites stupidly through their sandnigger religion christianity control their pagan white countries nice work christ cucks jews now cuck your pagan white countries,"[""private"", ""vs"", ""low"", ""i"", ""q"", ""sand"", ""nigger"", ""jews"", ""who"", ""whites"", ""stupidly"", ""through"", ""their"", ""sandnigger"", ""religion"", ""christianity"", ""control"", ""their"", ""pagan"", ""white"", ""countries"", ""nice"", ""work"", ""christ"", ""cucks"", ""jews"", ""now"", ""cuck"", ""your"", ""pagan"", ""white"", ""countries""]",hatespeech,Caucasian,"[0, 0, 0, 0, 0, 1, 1, 1, 0, 0, 0, 0, 0, 1, 1, 0, 0, 0, 0, 0, 0, 0, 0, 1, 1, 1, 1, 1, 1, 1, 1, 1]","[""sand"", ""nigger"", ""jews"", ""sandnigger"", ""religion"", ""christ"", ""cucks"", ""jews"", ""now"", ""cuck"", ""your"", ""pagan"", ""white"", ""countries""]",210,32,14,True,hatespeech,"[0, 0, 0, 0, 0, 0, 1, 1, 0, 0, 0, 0, 0, 1, 1, 0, 0, 0, 0, 0, 0, 0, 0, 1, 1, 1, 1, 1, 1, 1, 1, 0]","[""nigger"", ""jews"", ""sandnigger"", ""religion"", ""christ"", ""cucks"", ""jews"", ""now"", ""cuck"", ""your"", ""pagan"", ""white""]"
20050331_gab,train,your a retard lmfao your funny gay nazis whitesupreamist conspiracy lmfao 😂 😃 😃,"[""your"", ""a"", ""retard"", ""lmfao"", ""your"", ""funny"", ""gay"", ""nazis"", ""whitesupreamist"", ""conspiracy"", ""lmfao"", ""\ud83d\ude02"", ""\ud83d\ude03"", ""\ud83d\ude03""]",hatespeech,Caucasian,"[0, 0, 0, 0, 0, 0, 1, 1, 0, 0, 0, 0, 0, 0]","[""gay"", ""nazis""]",206,14,2,True,hatespeech,"[0, 0, 0, 0, 0, 0, 1, 1, 0, 0, 0, 0, 0, 0]","[""gay"", ""nazis""]"
20058627_gab,train,white girls can not dance like ghetto whoes there fixed it,"[""white"", ""girls"", ""can"", ""not"", ""dance"", ""like"", ""ghetto"", ""whoes"", ""there"", ""fixed"", ""it""]",offensive,Caucasian,"[0, 0, 0, 0, 0, 0, 1, 1, 0, 0, 0]","[""ghetto"", ""whoes""]",202,11,2,True,offensive,"[0, 0, 0, 0, 0, 0, 1, 1, 0, 0, 0]","[""ghetto"", ""whoes""]"
20058627_gab,train,white girls can not dance like ghetto whoes there fixed it,"[""white"", ""girls"", ""can"", ""not"", ""dance"", ""like"", ""ghetto"", ""whoes"", ""there"", ""fixed"", ""it""]",offensive,Caucasian,"[0, 0, 0, 0, 0, 0, 1, 1, 0, 0, 0]","[""ghetto"", ""whoes""]",206,11,2,True,offensive,"[0, 0, 0, 0, 0, 0, 1, 1, 0, 0, 0]","[""ghetto"", ""whoes""]"
20104615_gab,train,<number> eleven yr old white girl raped by <number> muslims and its just rapusts paedophiles getting it wrong sometimes,"[""<number>"", ""eleven"", ""yr"", ""old"", ""white"", ""girl"", ""raped"", ""by"", ""<number>"", ""muslims"", ""and"", ""its"", ""just"", ""rapusts"", ""paedophiles"", ""getting"", ""it"", ""wrong"", ""sometimes""]",offensive,Caucasian,"[0, 0, 0, 0, 0, 0, 0, 0, 0, 0, 0, 0, 0, 1, 1, 0, 0, 0, 0]","[""rapusts"", ""paedophiles""]",199,19,2,True,offensive,"[0, 0, 0, 0, 0, 0, 0, 0, 0, 0, 0, 0, 0, 1, 1, 0, 0, 0, 0]","[""rapusts"", ""paedophiles""]"
20104615_gab,train,<number> eleven yr old white girl raped by <number> muslims and its just rapusts paedophiles getting it wrong sometimes,"[""<number>"", ""eleven"", ""yr"", ""old"", ""white"", ""girl"", ""raped"", ""by"", ""<number>"", ""muslims"", ""and"", ""its"", ""just"", ""rapusts"", ""paedophiles"", ""getting"", ""it"", ""wrong"", ""sometimes""]",offensive,Caucasian,"[1, 1, 1, 1, 1, 1, 1, 1, 1, 1, 1, 1, 1, 1, 1, 1, 1, 1, 1]","[""<number>"", ""eleven"", ""yr"", ""old"", ""white"", ""girl"", ""raped"", ""by"", ""<number>"", ""muslims"", ""and"", ""its"", ""just"", ""rapusts"", ""paedophiles"", ""getting"", ""it"", ""wrong"", ""sometimes""]",217,19,19,True,offensive,"[0, 0, 0, 0, 0, 0, 0, 0, 0, 0, 0, 0, 0, 1, 1, 0, 0, 0, 0]","[""rapusts"", ""paedophiles""]"
20135819_gab,train,what is it with you lowiq idiots you can not speak the language so why do you even try to i do not even have the slightest clue what that ghetto language you wrote means in actual english please do not call yourself white it embarrassing,"[""what"", ""is"", ""it"", ""with"", ""you"", ""lowiq"", ""idiots"", ""you"", ""can"", ""not"", ""speak"", ""the"", ""language"", ""so"", ""why"", ""do"", ""you"", ""even"", ""try"", ""to"", ""i"", ""do"", ""not"", ""even"", ""have"", ""the"", ""slightest"", ""clue"", ""what"", ""that"", ""ghetto"", ""language"", ""you"", ""wrote"", ""means"", ""in"", ""actual"", ""english"", ""please"", ""do"", ""not"", ""call"", ""yourself"", ""white"", ""it"", ""embarrassing""]",offensive,Caucasian,"[0, 0, 0, 0, 0, 0, 0, 0, 0, 0, 0, 0, 0, 0, 0, 0, 0, 0, 0, 0, 0, 0, 0, 0, 0, 0, 0, 0, 0, 0, 1, 0, 0, 0, 0, 0, 0, 0, 0, 0, 0, 0, 0, 0, 0, 0]","[""ghetto""]",233,46,1,True,offensive,"[0, 0, 0, 0, 0, 0, 0, 0, 0, 0, 0, 0, 0, 0, 0, 0, 0, 0, 0, 0, 0, 0, 0, 0, 0, 0, 0, 0, 0, 0, 1, 0, 0, 0, 0, 0, 0, 0, 0, 0, 0, 0, 0, 0, 0, 0]","[""ghetto""]"
20162017_gab,test,backpedaling fails to point out exactly my comments and resumes to nonsensical aussie retarded babbles go choke on a cock you useless wrinkly aussie slag you are th descendants of the bottom feeders among limeys loll,"[""backpedaling"", ""fails"", ""to"", ""point"", ""out"", ""exactly"", ""my"", ""comments"", ""and"", ""resumes"", ""to"", ""nonsensical"", ""aussie"", ""retarded"", ""babbles"", ""go"", ""choke"", ""on"", ""a"", ""cock"", ""you"", ""useless"", ""wrinkly"", ""aussie"", ""slag"", ""you"", ""are"", ""th"", ""descendants"", ""of"", ""the"", ""bottom"", ""feeders"", ""among"", ""limeys"", ""loll""]",offensive,Caucasian,"[0, 0, 0, 0, 0, 0, 1, 1, 1, 1, 1, 1, 1, 1, 1, 1, 1, 1, 1, 1, 1, 1, 1, 1, 1, 1, 1, 1, 1, 1, 1, 1, 1, 1, 1, 0]","[""my"", ""comments"", ""and"", ""resumes"", ""to"", ""nonsensical"", ""aussie"", ""retarded"", ""babbles"", ""go"", ""choke"", ""on"", ""a"", ""cock"", ""you"", ""useless"", ""wrinkly"", ""aussie"", ""slag"", ""you"", ""are"", ""th"", ""descendants"", ""of"", ""the"", ""bottom"", ""feeders"", ""among"", ""limeys""]",232,36,29,True,hatespeech,"[0, 0, 0, 0, 0, 0, 0, 0, 0, 0, 0, 0, 1, 1, 1, 0, 0, 0, 0, 1, 0, 0, 1, 1, 1, 0, 0, 0, 0, 0, 0, 0, 0, 0, 0, 0]","[""aussie"", ""retarded"", ""babbles"", ""cock"", ""wrinkly"", ""aussie"", ""slag""]"
20165768_gab,train,my liberal duped white niece is raising <number> black kids she thinks she is so compassionate and doing a great thing instead of having her own white kids,"[""my"", ""liberal"", ""duped"", ""white"", ""niece"", ""is"", ""raising"", ""<number>"", ""black"", ""kids"", ""she"", ""thinks"", ""she"", ""is"", ""so"", ""compassionate"", ""and"", ""doing"", ""a"", ""great"", ""thing"", ""instead"", ""of"", ""having"", ""her"", ""own"", ""white"", ""kids""]",offensive,Caucasian,"[0, 1, 1, 1, 1, 0, 0, 0, 0, 0, 0, 0, 0, 0, 0, 0, 0, 0, 0, 0, 0, 0, 0, 0, 0, 0, 0, 0]","[""liberal"", ""duped"", ""white"", ""niece""]",202,28,4,True,offensive,"[0, 1, 1, 1, 1, 0, 0, 0, 0, 0, 0, 0, 0, 0, 0, 0, 0, 0, 0, 0, 0, 0, 0, 0, 0, 0, 0, 0]","[""liberal"", ""duped"", ""white"", ""niece""]"
20188913_gab,test,so nice to see an american family in the white house and not the ghetto trash who was ruining our country maga gabfam britfam,"[""so"", ""nice"", ""to"", ""see"", ""an"", ""american"", ""family"", ""in"", ""the"", ""white"", ""house"", ""and"", ""not"", ""the"", ""ghetto"", ""trash"", ""who"", ""was"", ""ruining"", ""our"", ""country"", ""maga"", ""gabfam"", ""britfam""]",hatespeech,Caucasian,"[0, 0, 0, 0, 0, 0, 0, 0, 0, 0, 0, 0, 0, 0, 1, 1, 0, 0, 0, 0, 0, 0, 0, 0]","[""ghetto"", ""trash""]",199,24,2,True,hatespeech,"[0, 0, 0, 0, 0, 0, 0, 0, 0, 0, 0, 0, 0, 0, 1, 0, 0, 0, 0, 0, 0, 0, 0, 0]","[""ghetto""]"
20228634_gab,train,still have satanic netflix saw that chris rock special hoping white kids get shot here the customer service number to cancel your subscription <number> <number> <number> <number>,"[""still"", ""have"", ""satanic"", ""netflix"", ""saw"", ""that"", ""chris"", ""rock"", ""special"", ""hoping"", ""white"", ""kids"", ""get"", ""shot"", ""here"", ""the"", ""customer"", ""service"", ""number"", ""to"", ""cancel"", ""your"", ""subscription"", ""<number>"", ""<number>"", ""<number>"", ""<number>""]",offensive,Caucasian,"[0, 0, 0, 0, 0, 0, 0, 0, 0, 1, 1, 1, 1, 1, 0, 0, 0, 0, 0, 0, 0, 0, 0, 0, 0, 0, 0]","[""hoping"", ""white"", ""kids"", ""get"", ""shot""]",206,27,5,True,offensive,"[0, 0, 0, 0, 0, 0, 0, 0, 0, 0, 0, 0, 0, 0, 0, 0, 0, 0, 0, 0, 0, 0, 0, 0, 0, 0, 0]",[]
20231280_gab,train,so twitter is now locking people out again it just more of the same ghetto harassment by a far left progressive maoist company they are not interested in anything but pc speech controlled by soyboys and obese blue haired feminiists with septum piercings twitter is not worth the hassle gogab,"[""so"", ""twitter"", ""is"", ""now"", ""locking"", ""people"", ""out"", ""again"", ""it"", ""just"", ""more"", ""of"", ""the"", ""same"", ""ghetto"", ""harassment"", ""by"", ""a"", ""far"", ""left"", ""progressive"", ""maoist"", ""company"", ""they"", ""are"", ""not"", ""interested"", ""in"", ""anything"", ""but"", ""pc"", ""speech"", ""controlled"", ""by"", ""soyboys"", ""and"", ""obese"", ""blue"", ""haired"", ""feminiists"", ""with"", ""septum"", ""piercings"", ""twitter"", ""is"", ""not"", ""worth"", ""the"", ""hassle"", ""gogab""]",hatespeech,Caucasian,"[0, 0, 0, 0, 0, 0, 0, 0, 0, 0, 0, 0, 0, 0, 1, 0, 0, 0, 0, 0, 0, 0, 0, 0, 0, 0, 0, 0, 0, 0, 0, 0, 0, 0, 0, 0, 1, 1, 1, 1, 1, 1, 1, 0, 0, 0, 0, 0, 0, 0]","[""ghetto"", ""obese"", ""blue"", ""haired"", ""feminiists"", ""with"", ""septum"", ""piercings""]",204,50,8,True,offensive,"[0, 0, 0, 0, 0, 0, 0, 0, 0, 0, 0, 0, 0, 0, 1, 0, 0, 0, 0, 0, 0, 0, 0, 0, 0, 0, 0, 0, 0, 0, 0, 0, 0, 0, 0, 0, 1, 1, 1, 1, 0, 0, 0, 0, 0, 0, 0, 0, 0, 0]","[""ghetto"", ""obese"", ""blue"", ""haired"", ""feminiists""]"
20298156_gab,train,hey let set up a small white ethnostate inland somewhere the globalists will not serbian our asses,"[""hey"", ""let"", ""set"", ""up"", ""a"", ""small"", ""white"", ""ethnostate"", ""inland"", ""somewhere"", ""the"", ""globalists"", ""will"", ""not"", ""serbian"", ""our"", ""asses""]",hatespeech,Caucasian,"[0, 0, 0, 0, 0, 0, 0, 0, 0, 0, 0, 0, 0, 0, 1, 1, 1]","[""serbian"", ""our"", ""asses""]",232,17,3,True,hatespeech,"[0, 0, 0, 0, 0, 0, 0, 0, 0, 0, 0, 0, 0, 0, 1, 1, 1]","[""serbian"", ""our"", ""asses""]"
20298156_gab,train,hey let set up a small white ethnostate inland somewhere the globalists will not serbian our asses,"[""hey"", ""let"", ""set"", ""up"", ""a"", ""small"", ""white"", ""ethnostate"", ""inland"", ""somewhere"", ""the"", ""globalists"", ""will"", ""not"", ""serbian"", ""our"", ""asses""]",offensive,Caucasian,"[0, 0, 0, 0, 0, 0, 0, 0, 0, 0, 0, 0, 0, 0, 1, 1, 1]","[""serbian"", ""our"", ""asses""]",205,17,3,True,hatespeech,"[0, 0, 0, 0, 0, 0, 0, 0, 0, 0, 0, 0, 0, 0, 1, 1, 1]","[""serbian"", ""our"", ""asses""]"
20327507_gab,train,did you know that whitegenocide requires helping jews put restrictions in the second ammendment,"[""did"", ""you"", ""know"", ""that"", ""whitegenocide"", ""requires"", ""helping"", ""jews"", ""put"", ""restrictions"", ""in"", ""the"", ""second"", ""ammendment""]",hatespeech,Caucasian,"[0, 0, 0, 0, 1, 0, 0, 0, 0, 0, 0, 0, 0, 0]","[""whitegenocide""]",199,14,1,True,hatespeech,"[0, 0, 0, 0, 1, 0, 0, 0, 0, 0, 0, 0, 0, 0]","[""whitegenocide""]"
20366024_gab,train,this retarded nazi think that i said hitler banned guns is their any hope for these liberal socialists i think not,"[""this"", ""retarded"", ""nazi"", ""think"", ""that"", ""i"", ""said"", ""hitler"", ""banned"", ""guns"", ""is"", ""their"", ""any"", ""hope"", ""for"", ""these"", ""liberal"", ""socialists"", ""i"", ""think"", ""not""]",offensive,Caucasian,"[0, 1, 1, 0, 0, 0, 0, 0, 0, 0, 0, 0, 0, 0, 0, 0, 1, 1, 0, 0, 0]","[""retarded"", ""nazi"", ""liberal"", ""socialists""]",206,21,4,True,offensive,"[0, 1, 1, 0, 0, 0, 0, 0, 0, 0, 0, 0, 0, 0, 0, 0, 0, 0, 0, 0, 0]","[""retarded"", ""nazi""]"
20372831_gab,train,the underclass in white countries has better standards of life than in their native countries unless people make explicit nazi states that pattern will not change,"[""the"", ""underclass"", ""in"", ""white"", ""countries"", ""has"", ""better"", ""standards"", ""of"", ""life"", ""than"", ""in"", ""their"", ""native"", ""countries"", ""unless"", ""people"", ""make"", ""explicit"", ""nazi"", ""states"", ""that"", ""pattern"", ""will"", ""not"", ""change""]",normal,Caucasian,"[0, 1, 1, 1, 1, 0, 0, 0, 0, 0, 0, 0, 0, 0, 0, 0, 0, 0, 1, 1, 1, 0, 0, 0, 0, 0]","[""underclass"", ""in"", ""white"", ""countries"", ""explicit"", ""nazi"", ""states""]",206,26,7,True,offensive,"[0, 1, 0, 0, 0, 0, 0, 0, 0, 0, 0, 0, 0, 0, 0, 0, 0, 0, 0, 1, 0, 0, 0, 0, 0, 0]","[""underclass"", ""nazi""]"
20477893_gab,train,gab is the white ghetto,"[""gab"", ""is"", ""the"", ""white"", ""ghetto""]",offensive,Caucasian,"[0, 0, 0, 1, 1]","[""white"", ""ghetto""]",203,5,2,True,offensive,"[0, 0, 0, 1, 1]","[""white"", ""ghetto""]"
20548529_gab,train,really i think it is retarded skinhead neo nazi britain furst types they are way too thick to create a bomb without blowing themselves up,"[""really"", ""i"", ""think"", ""it"", ""is"", ""retarded"", ""skinhead"", ""neo"", ""nazi"", ""britain"", ""furst"", ""types"", ""they"", ""are"", ""way"", ""too"", ""thick"", ""to"", ""create"", ""a"", ""bomb"", ""without"", ""blowing"", ""themselves"", ""up""]",offensive,Caucasian,"[0, 0, 0, 0, 0, 1, 1, 1, 1, 1, 1, 0, 1, 1, 1, 1, 1, 1, 1, 1, 1, 1, 1, 1, 0]","[""retarded"", ""skinhead"", ""neo"", ""nazi"", ""britain"", ""furst"", ""they"", ""are"", ""way"", ""too"", ""thick"", ""to"", ""create"", ""a"", ""bomb"", ""without"", ""blowing"", ""themselves""]",241,25,18,True,hatespeech,"[0, 0, 0, 0, 0, 1, 0, 0, 0, 0, 0, 0, 0, 0, 0, 0, 0, 0, 0, 0, 0, 0, 0, 0, 0]","[""retarded""]"
20579612_gab,train,lol as if these <number> iq sand niggers have the agency to organize a global political campaign to allow them to infest all white countries,"[""lol"", ""as"", ""if"", ""these"", ""<number>"", ""iq"", ""sand"", ""niggers"", ""have"", ""the"", ""agency"", ""to"", ""organize"", ""a"", ""global"", ""political"", ""campaign"", ""to"", ""allow"", ""them"", ""to"", ""infest"", ""all"", ""white"", ""countries""]",hatespeech,Caucasian,"[0, 0, 0, 1, 1, 1, 1, 1, 0, 0, 0, 0, 0, 0, 0, 0, 0, 1, 1, 1, 1, 1, 1, 1, 1]","[""these"", ""<number>"", ""iq"", ""sand"", ""niggers"", ""to"", ""allow"", ""them"", ""to"", ""infest"", ""all"", ""white"", ""countries""]",199,25,13,True,hatespeech,"[0, 0, 0, 1, 1, 1, 1, 1, 0, 0, 0, 0, 0, 0, 0, 0, 0, 0, 0, 0, 0, 0, 0, 0, 0]","[""these"", ""<number>"", ""iq"", ""sand"", ""niggers""]"
20602993_gab,train,how do u solve the black demographic voting problem make them more white than black 😂,"[""how"", ""do"", ""u"", ""solve"", ""the"", ""black"", ""demographic"", ""voting"", ""problem"", ""make"", ""them"", ""more"", ""white"", ""than"", ""black"", ""\ud83d\ude02""]",offensive,Caucasian,"[0, 0, 0, 0, 0, 1, 1, 1, 1, 1, 1, 1, 1, 1, 1, 0]","[""black"", ""demographic"", ""voting"", ""problem"", ""make"", ""them"", ""more"", ""white"", ""than"", ""black""]",221,16,10,True,offensive,"[0, 0, 0, 0, 0, 0, 0, 0, 0, 1, 1, 1, 1, 1, 1, 0]","[""make"", ""them"", ""more"", ""white"", ""than"", ""black""]"
20614405_gab,train,yep they have become the party representing muslims blacks asians queers and any other undesirable element in our society not the working man they have taken this once great country well and truly down the toilet sorry to say but it has become a shit hole,"[""yep"", ""they"", ""have"", ""become"", ""the"", ""party"", ""representing"", ""muslims"", ""blacks"", ""asians"", ""queers"", ""and"", ""any"", ""other"", ""undesirable"", ""element"", ""in"", ""our"", ""society"", ""not"", ""the"", ""working"", ""man"", ""they"", ""have"", ""taken"", ""this"", ""once"", ""great"", ""country"", ""well"", ""and"", ""truly"", ""down"", ""the"", ""toilet"", ""sorry"", ""to"", ""say"", ""but"", ""it"", ""has"", ""become"", ""a"", ""shit"", ""hole""]",hatespeech,Caucasian,"[0, 0, 0, 0, 0, 1, 1, 1, 1, 1, 1, 1, 0, 1, 1, 1, 0, 0, 0, 0, 0, 0, 0, 0, 1, 1, 1, 1, 1, 1, 1, 1, 1, 1, 1, 1, 1, 1, 1, 1, 1, 1, 1, 1, 1, 1]","[""party"", ""representing"", ""muslims"", ""blacks"", ""asians"", ""queers"", ""and"", ""other"", ""undesirable"", ""element"", ""have"", ""taken"", ""this"", ""once"", ""great"", ""country"", ""well"", ""and"", ""truly"", ""down"", ""the"", ""toilet"", ""sorry"", ""to"", ""say"", ""but"", ""it"", ""has"", ""become"", ""a"", ""shit"", ""hole""]",212,46,32,True,hatespeech,"[0, 0, 0, 0, 0, 0, 1, 1, 1, 1, 1, 1, 0, 1, 1, 1, 0, 0, 0, 0, 0, 0, 0, 0, 0, 0, 0, 0, 0, 0, 0, 0, 0, 0, 0, 0, 0, 0, 0, 0, 0, 0, 0, 0, 0, 0]","[""representing"", ""muslims"", ""blacks"", ""asians"", ""queers"", ""and"", ""other"", ""undesirable"", ""element""]"
20692486_gab,train,blacks in 1 8 0 0 lived better under white slavery than whites live under jew slavery today,"[""blacks"", ""in"", ""1"", ""8"", ""0"", ""0"", ""lived"", ""better"", ""under"", ""white"", ""slavery"", ""than"", ""whites"", ""live"", ""under"", ""jew"", ""slavery"", ""today""]",offensive,Caucasian,"[1, 1, 1, 1, 1, 1, 1, 1, 1, 1, 1, 0, 1, 1, 1, 1, 1, 0]","[""blacks"", ""in"", ""1"", ""8"", ""0"", ""0"", ""lived"", ""better"", ""under"", ""white"", ""slavery"", ""whites"", ""live"", ""under"", ""jew"", ""slavery""]",221,18,16,True,offensive,"[1, 0, 0, 0, 0, 0, 0, 0, 0, 1, 1, 0, 0, 0, 0, 1, 0, 0]","[""blacks"", ""white"", ""slavery"", ""jew""]"
20773704_gab,train,no islam is another anti racialist universalism promoting endless retard level violence jews just use you sand niggers as they use jungle niggers to destroy what they actually fear the white race,"[""no"", ""islam"", ""is"", ""another"", ""anti"", ""racialist"", ""universalism"", ""promoting"", ""endless"", ""retard"", ""level"", ""violence"", ""jews"", ""just"", ""use"", ""you"", ""sand"", ""niggers"", ""as"", ""they"", ""use"", ""jungle"", ""niggers"", ""to"", ""destroy"", ""what"", ""they"", ""actually"", ""fear"", ""the"", ""white"", ""race""]",hatespeech,Caucasian,"[0, 1, 0, 0, 0, 0, 0, 0, 0, 0, 0, 0, 1, 1, 1, 1, 1, 1, 1, 1, 1, 1, 1, 0, 0, 0, 0, 0, 0, 0, 0, 0]","[""islam"", ""jews"", ""just"", ""use"", ""you"", ""sand"", ""niggers"", ""as"", ""they"", ""use"", ""jungle"", ""niggers""]",199,32,12,True,hatespeech,"[0, 1, 0, 0, 0, 0, 0, 0, 0, 0, 0, 0, 1, 1, 1, 1, 1, 1, 1, 1, 1, 1, 1, 0, 0, 0, 0, 0, 0, 0, 0, 0]","[""islam"", ""jews"", ""just"", ""use"", ""you"", ""sand"", ""niggers"", ""as"", ""they"", ""use"", ""jungle"", ""niggers""]"
20877745_gab,train,fellow capitalist if youve been called nazi by the enemy you are welcome here,"[""fellow"", ""capitalist"", ""if"", ""youve"", ""been"", ""called"", ""nazi"", ""by"", ""the"", ""enemy"", ""you"", ""are"", ""welcome"", ""here""]",offensive,Caucasian,"[0, 0, 0, 0, 0, 0, 1, 0, 0, 0, 0, 0, 0, 0]","[""nazi""]",202,14,1,True,offensive,"[0, 0, 0, 0, 0, 0, 1, 0, 0, 0, 0, 0, 0, 0]","[""nazi""]"
20983829_gab,val,oh well why did not you say you are nazi trailer trash to begin with let see — idf chick on the left or lisa white trash nazi gangbang slut on the right hm decisions decisions i will go with the idf chick run along nazi scum,"[""oh"", ""well"", ""why"", ""did"", ""not"", ""you"", ""say"", ""you"", ""are"", ""nazi"", ""trailer"", ""trash"", ""to"", ""begin"", ""with"", ""let"", ""see"", ""\u2014"", ""idf"", ""chick"", ""on"", ""the"", ""left"", ""or"", ""lisa"", ""white"", ""trash"", ""nazi"", ""gangbang"", ""slut"", ""on"", ""the"", ""right"", ""hm"", ""decisions"", ""decisions"", ""i"", ""will"", ""go"", ""with"", ""the"", ""idf"", ""chick"", ""run"", ""along"", ""nazi"", ""scum""]",offensive,Caucasian,"[0, 0, 0, 0, 0, 0, 0, 0, 0, 1, 0, 0, 0, 0, 0, 0, 0, 0, 0, 0, 0, 0, 0, 0, 0, 0, 0, 1, 1, 1, 0, 0, 0, 0, 0, 0, 0, 0, 0, 0, 0, 0, 0, 0, 0, 1, 1]","[""nazi"", ""nazi"", ""gangbang"", ""slut"", ""nazi"", ""scum""]",206,47,6,True,hatespeech,"[0, 0, 0, 0, 0, 0, 0, 0, 0, 0, 0, 0, 0, 0, 0, 0, 0, 0, 0, 0, 0, 0, 0, 0, 0, 0, 0, 1, 1, 1, 0, 0, 0, 0, 0, 0, 0, 0, 0, 0, 0, 0, 0, 0, 0, 0, 0]","[""nazi"", ""gangbang"", ""slut""]"
21060944_gab,train,what else breaks bonds between white families social security why are you a racialist if you believe government has to take care of every aspect of an alleged white man life how is a white man distinguished from a holstein cow in your mind,"[""what"", ""else"", ""breaks"", ""bonds"", ""between"", ""white"", ""families"", ""social"", ""security"", ""why"", ""are"", ""you"", ""a"", ""racialist"", ""if"", ""you"", ""believe"", ""government"", ""has"", ""to"", ""take"", ""care"", ""of"", ""every"", ""aspect"", ""of"", ""an"", ""alleged"", ""white"", ""man"", ""life"", ""how"", ""is"", ""a"", ""white"", ""man"", ""distinguished"", ""from"", ""a"", ""holstein"", ""cow"", ""in"", ""your"", ""mind""]",offensive,Caucasian,"[1, 1, 1, 1, 1, 1, 1, 1, 1, 1, 1, 1, 1, 1, 1, 1, 1, 1, 1, 1, 1, 1, 1, 1, 1, 1, 1, 1, 1, 1, 1, 1, 1, 1, 1, 1, 1, 1, 1, 1, 1, 1, 1, 1]","[""what"", ""else"", ""breaks"", ""bonds"", ""between"", ""white"", ""families"", ""social"", ""security"", ""why"", ""are"", ""you"", ""a"", ""racialist"", ""if"", ""you"", ""believe"", ""government"", ""has"", ""to"", ""take"", ""care"", ""of"", ""every"", ""aspect"", ""of"", ""an"", ""alleged"", ""white"", ""man"", ""life"", ""how"", ""is"", ""a"", ""white"", ""man"", ""distinguished"", ""from"", ""a"", ""holstein"", ""cow"", ""in"", ""your"", ""mind""]",201,44,44,True,offensive,"[0, 0, 0, 0, 0, 0, 0, 0, 0, 0, 0, 0, 0, 0, 0, 0, 0, 0, 0, 0, 0, 0, 0, 0, 0, 0, 0, 0, 0, 0, 0, 0, 0, 0, 0, 0, 0, 0, 0, 1, 1, 0, 0, 0]","[""holstein"", ""cow""]"
21078066_gab,train,<user> march is national stop blaming white people month accept responsibility for your own choices hug a white person luvhonkies,"[""<user>"", ""march"", ""is"", ""national"", ""stop"", ""blaming"", ""white"", ""people"", ""month"", ""accept"", ""responsibility"", ""for"", ""your"", ""own"", ""choices"", ""hug"", ""a"", ""white"", ""person"", ""luvhonkies""]",normal,Caucasian,"[0, 0, 0, 0, 0, 0, 0, 0, 0, 0, 0, 0, 0, 0, 0, 1, 1, 1, 1, 0]","[""hug"", ""a"", ""white"", ""person""]",201,20,4,True,offensive,"[0, 0, 0, 0, 0, 0, 0, 0, 0, 0, 0, 0, 0, 0, 0, 1, 1, 1, 1, 0]","[""hug"", ""a"", ""white"", ""person""]"
21098344_gab,train,stupid fucking white trailer trash,"[""stupid"", ""fucking"", ""white"", ""trailer"", ""trash""]",hatespeech,Caucasian,"[1, 1, 1, 1, 1]","[""stupid"", ""fucking"", ""white"", ""trailer"", ""trash""]",232,5,5,True,offensive,"[1, 1, 1, 1, 1]","[""stupid"", ""fucking"", ""white"", ""trailer"", ""trash""]"
21098344_gab,train,stupid fucking white trailer trash,"[""stupid"", ""fucking"", ""white"", ""trailer"", ""trash""]",offensive,Caucasian,"[1, 1, 1, 1, 1]","[""stupid"", ""fucking"", ""white"", ""trailer"", ""trash""]",203,5,5,True,offensive,"[1, 1, 1, 1, 1]","[""stupid"", ""fucking"", ""white"", ""trailer"", ""trash""]"
21101050_gab,train,learn to spell before you post to me again dumb white trash guy,"[""learn"", ""to"", ""spell"", ""before"", ""you"", ""post"", ""to"", ""me"", ""again"", ""dumb"", ""white"", ""trash"", ""guy""]",offensive,Caucasian,"[0, 0, 0, 0, 0, 0, 0, 0, 0, 1, 1, 1, 1]","[""dumb"", ""white"", ""trash"", ""guy""]",200,13,4,True,offensive,"[0, 0, 0, 0, 0, 0, 0, 0, 0, 1, 1, 1, 1]","[""dumb"", ""white"", ""trash"", ""guy""]"
21261311_gab,train,wisconsin voter my brother died of an opioid overdose how can you fix that paul nehlen it okay to be white wisconsin voter ok but i am about to lose my job the factory is moving overseas can you stop that paul nehlen did you know jews control the porn industry,"[""wisconsin"", ""voter"", ""my"", ""brother"", ""died"", ""of"", ""an"", ""opioid"", ""overdose"", ""how"", ""can"", ""you"", ""fix"", ""that"", ""paul"", ""nehlen"", ""it"", ""okay"", ""to"", ""be"", ""white"", ""wisconsin"", ""voter"", ""ok"", ""but"", ""i"", ""am"", ""about"", ""to"", ""lose"", ""my"", ""job"", ""the"", ""factory"", ""is"", ""moving"", ""overseas"", ""can"", ""you"", ""stop"", ""that"", ""paul"", ""nehlen"", ""did"", ""you"", ""know"", ""jews"", ""control"", ""the"", ""porn"", ""industry""]",hatespeech,Caucasian,"[0, 0, 0, 0, 0, 0, 0, 0, 0, 0, 0, 0, 0, 0, 0, 0, 0, 0, 0, 0, 0, 0, 0, 0, 0, 0, 0, 0, 0, 0, 0, 0, 0, 0, 0, 0, 0, 0, 0, 0, 0, 0, 0, 0, 0, 0, 1, 1, 1, 1, 1]","[""jews"", ""control"", ""the"", ""porn"", ""industry""]",199,51,5,True,hatespeech,"[0, 0, 0, 0, 0, 0, 0, 0, 0, 0, 0, 0, 0, 0, 0, 0, 0, 0, 0, 0, 0, 0, 0, 0, 0, 0, 0, 0, 0, 0, 0, 0, 0, 0, 0, 0, 0, 0, 0, 0, 0, 0, 0, 0, 0, 0, 1, 1, 1, 1, 1]","[""jews"", ""control"", ""the"", ""porn"", ""industry""]"
21324305_gab,train,fucking ginger bitch fuck i hate this retarded red headed ewok his face looks like an orangutans taint you bring disgrace on everyone with a cool accent,"[""fucking"", ""ginger"", ""bitch"", ""fuck"", ""i"", ""hate"", ""this"", ""retarded"", ""red"", ""headed"", ""ewok"", ""his"", ""face"", ""looks"", ""like"", ""an"", ""orangutans"", ""taint"", ""you"", ""bring"", ""disgrace"", ""on"", ""everyone"", ""with"", ""a"", ""cool"", ""accent""]",hatespeech,Caucasian,"[1, 1, 1, 1, 0, 0, 0, 1, 0, 0, 0, 0, 0, 0, 0, 0, 0, 0, 0, 0, 0, 0, 0, 0, 0, 0, 0]","[""fucking"", ""ginger"", ""bitch"", ""fuck"", ""retarded""]",215,27,5,True,offensive,"[1, 1, 1, 1, 0, 0, 0, 1, 0, 0, 0, 0, 0, 0, 0, 0, 0, 0, 0, 0, 0, 0, 0, 0, 0, 0, 0]","[""fucking"", ""ginger"", ""bitch"", ""fuck"", ""retarded""]"
21538779_gab,train,well well well if my favorite mud shark of all time is not getting hung up by the sand nigger lovers god save this world really,"[""well"", ""well"", ""well"", ""if"", ""my"", ""favorite"", ""mud"", ""shark"", ""of"", ""all"", ""time"", ""is"", ""not"", ""getting"", ""hung"", ""up"", ""by"", ""the"", ""sand"", ""nigger"", ""lovers"", ""god"", ""save"", ""this"", ""world"", ""really""]",offensive,Caucasian,"[0, 0, 0, 0, 0, 0, 0, 0, 0, 0, 0, 0, 0, 0, 0, 0, 0, 0, 1, 1, 1, 0, 0, 0, 0, 0]","[""sand"", ""nigger"", ""lovers""]",205,26,3,True,offensive,"[0, 0, 0, 0, 0, 0, 0, 0, 0, 0, 0, 0, 0, 0, 0, 0, 0, 0, 1, 1, 1, 0, 0, 0, 0, 0]","[""sand"", ""nigger"", ""lovers""]"
21690630_gab,test,i look forward to the days where women can support each other by teaming up to be homestead mother teachers and take back the education that is instilled in them no more hating yourself because you are white,"[""i"", ""look"", ""forward"", ""to"", ""the"", ""days"", ""where"", ""women"", ""can"", ""support"", ""each"", ""other"", ""by"", ""teaming"", ""up"", ""to"", ""be"", ""homestead"", ""mother"", ""teachers"", ""and"", ""take"", ""back"", ""the"", ""education"", ""that"", ""is"", ""instilled"", ""in"", ""them"", ""no"", ""more"", ""hating"", ""yourself"", ""because"", ""you"", ""are"", ""white""]",offensive,Caucasian,"[0, 0, 0, 0, 0, 0, 0, 0, 0, 0, 0, 0, 0, 0, 0, 0, 0, 0, 0, 0, 0, 0, 0, 0, 0, 0, 0, 0, 0, 0, 0, 0, 1, 1, 0, 0, 0, 0]","[""hating"", ""yourself""]",222,38,2,True,offensive,"[0, 0, 0, 0, 0, 0, 0, 0, 0, 0, 0, 0, 0, 0, 0, 0, 0, 0, 0, 0, 0, 0, 0, 0, 0, 0, 0, 0, 0, 0, 0, 0, 1, 1, 0, 0, 0, 0]","[""hating"", ""yourself""]"
21690630_gab,test,i look forward to the days where women can support each other by teaming up to be homestead mother teachers and take back the education that is instilled in them no more hating yourself because you are white,"[""i"", ""look"", ""forward"", ""to"", ""the"", ""days"", ""where"", ""women"", ""can"", ""support"", ""each"", ""other"", ""by"", ""teaming"", ""up"", ""to"", ""be"", ""homestead"", ""mother"", ""teachers"", ""and"", ""take"", ""back"", ""the"", ""education"", ""that"", ""is"", ""instilled"", ""in"", ""them"", ""no"", ""more"", ""hating"", ""yourself"", ""because"", ""you"", ""are"", ""white""]",normal,Caucasian,"[0, 0, 0, 0, 0, 0, 0, 0, 0, 0, 0, 0, 0, 0, 0, 0, 0, 0, 0, 0, 0, 0, 0, 0, 0, 0, 0, 0, 0, 0, 1, 1, 1, 1, 1, 1, 1, 1]","[""no"", ""more"", ""hating"", ""yourself"", ""because"", ""you"", ""are"", ""white""]",211,38,8,True,offensive,"[0, 0, 0, 0, 0, 0, 0, 0, 0, 0, 0, 0, 0, 0, 0, 0, 0, 0, 0, 0, 0, 0, 0, 0, 0, 0, 0, 0, 0, 0, 0, 0, 1, 1, 0, 0, 0, 0]","[""hating"", ""yourself""]"
21787587_gab,train,do not think for even a moment that the un wasn t involved in making that happen c mon now the same un that is allowing white genocide in south africa and pushing for white replacement or genocide in larger more established countries,"[""do"", ""not"", ""think"", ""for"", ""even"", ""a"", ""moment"", ""that"", ""the"", ""un"", ""wasn"", ""t"", ""involved"", ""in"", ""making"", ""that"", ""happen"", ""c"", ""mon"", ""now"", ""the"", ""same"", ""un"", ""that"", ""is"", ""allowing"", ""white"", ""genocide"", ""in"", ""south"", ""africa"", ""and"", ""pushing"", ""for"", ""white"", ""replacement"", ""or"", ""genocide"", ""in"", ""larger"", ""more"", ""established"", ""countries""]",normal,Caucasian,"[0, 0, 0, 0, 0, 0, 0, 0, 0, 0, 0, 0, 0, 0, 0, 0, 0, 0, 0, 0, 0, 0, 0, 0, 0, 0, 1, 1, 0, 0, 0, 0, 0, 0, 1, 1, 0, 0, 0, 0, 0, 0, 0]","[""white"", ""genocide"", ""white"", ""replacement""]",232,43,4,True,offensive,"[0, 0, 0, 0, 0, 0, 0, 0, 0, 0, 0, 0, 0, 0, 0, 0, 0, 0, 0, 0, 0, 0, 0, 0, 0, 0, 1, 1, 0, 0, 0, 0, 0, 0, 0, 0, 0, 0, 0, 0, 0, 0, 0]","[""white"", ""genocide""]"
21787587_gab,train,do not think for even a moment that the un wasn t involved in making that happen c mon now the same un that is allowing white genocide in south africa and pushing for white replacement or genocide in larger more established countries,"[""do"", ""not"", ""think"", ""for"", ""even"", ""a"", ""moment"", ""that"", ""the"", ""un"", ""wasn"", ""t"", ""involved"", ""in"", ""making"", ""that"", ""happen"", ""c"", ""mon"", ""now"", ""the"", ""same"", ""un"", ""that"", ""is"", ""allowing"", ""white"", ""genocide"", ""in"", ""south"", ""africa"", ""and"", ""pushing"", ""for"", ""white"", ""replacement"", ""or"", ""genocide"", ""in"", ""larger"", ""more"", ""established"", ""countries""]",offensive,Caucasian,"[0, 0, 0, 0, 0, 0, 0, 0, 0, 0, 0, 0, 0, 0, 0, 0, 0, 0, 0, 0, 0, 0, 0, 0, 0, 1, 1, 1, 1, 1, 0, 0, 0, 0, 0, 0, 0, 0, 0, 0, 0, 0, 0]","[""allowing"", ""white"", ""genocide"", ""in"", ""south""]",205,43,5,True,offensive,"[0, 0, 0, 0, 0, 0, 0, 0, 0, 0, 0, 0, 0, 0, 0, 0, 0, 0, 0, 0, 0, 0, 0, 0, 0, 0, 1, 1, 0, 0, 0, 0, 0, 0, 0, 0, 0, 0, 0, 0, 0, 0, 0]","[""white"", ""genocide""]"
21830602_gab,train,it was more mainstream media bullshit to put the <number> white girls that were groomed gang raped and murdered by muslims in telford in the shade,"[""it"", ""was"", ""more"", ""mainstream"", ""media"", ""bullshit"", ""to"", ""put"", ""the"", ""<number>"", ""white"", ""girls"", ""that"", ""were"", ""groomed"", ""gang"", ""raped"", ""and"", ""murdered"", ""by"", ""muslims"", ""in"", ""telford"", ""in"", ""the"", ""shade""]",offensive,Caucasian,"[0, 0, 0, 0, 0, 0, 0, 0, 0, 1, 1, 1, 0, 0, 0, 0, 0, 0, 0, 0, 0, 0, 0, 0, 0, 0]","[""<number>"", ""white"", ""girls""]",199,26,3,True,offensive,"[0, 0, 0, 0, 0, 0, 0, 0, 0, 0, 0, 0, 0, 0, 0, 0, 0, 0, 0, 0, 0, 0, 0, 0, 0, 0]",[]
21830602_gab,train,it was more mainstream media bullshit to put the <number> white girls that were groomed gang raped and murdered by muslims in telford in the shade,"[""it"", ""was"", ""more"", ""mainstream"", ""media"", ""bullshit"", ""to"", ""put"", ""the"", ""<number>"", ""white"", ""girls"", ""that"", ""were"", ""groomed"", ""gang"", ""raped"", ""and"", ""murdered"", ""by"", ""muslims"", ""in"", ""telford"", ""in"", ""the"", ""shade""]",offensive,Caucasian,"[0, 0, 0, 0, 0, 1, 0, 0, 0, 0, 0, 0, 0, 0, 0, 1, 1, 0, 1, 1, 1, 0, 0, 0, 0, 0]","[""bullshit"", ""gang"", ""raped"", ""murdered"", ""by"", ""muslims""]",217,26,6,True,offensive,"[0, 0, 0, 0, 0, 0, 0, 0, 0, 0, 0, 0, 0, 0, 0, 0, 0, 0, 0, 0, 0, 0, 0, 0, 0, 0]",[]
2190177_gab,train,everyone wants to live in the society created by white people do they think the society will remain once they get rid of the white people,"[""everyone"", ""wants"", ""to"", ""live"", ""in"", ""the"", ""society"", ""created"", ""by"", ""white"", ""people"", ""do"", ""they"", ""think"", ""the"", ""society"", ""will"", ""remain"", ""once"", ""they"", ""get"", ""rid"", ""of"", ""the"", ""white"", ""people""]",offensive,Caucasian,"[0, 0, 0, 0, 0, 0, 0, 0, 0, 1, 1, 0, 0, 0, 0, 0, 0, 0, 0, 0, 0, 0, 0, 0, 0, 0]","[""white"", ""people""]",217,26,2,True,offensive,"[0, 0, 0, 0, 0, 0, 0, 0, 0, 0, 0, 0, 0, 0, 0, 0, 0, 0, 0, 0, 0, 0, 0, 0, 0, 0]",[]
2190177_gab,train,everyone wants to live in the society created by white people do they think the society will remain once they get rid of the white people,"[""everyone"", ""wants"", ""to"", ""live"", ""in"", ""the"", ""society"", ""created"", ""by"", ""white"", ""people"", ""do"", ""they"", ""think"", ""the"", ""society"", ""will"", ""remain"", ""once"", ""they"", ""get"", ""rid"", ""of"", ""the"", ""white"", ""people""]",offensive,Caucasian,"[0, 0, 0, 0, 0, 0, 0, 0, 0, 0, 0, 0, 0, 0, 0, 0, 0, 0, 0, 0, 1, 1, 0, 0, 0, 0]","[""get"", ""rid""]",199,26,2,True,offensive,"[0, 0, 0, 0, 0, 0, 0, 0, 0, 0, 0, 0, 0, 0, 0, 0, 0, 0, 0, 0, 0, 0, 0, 0, 0, 0]",[]
22085044_gab,train,could some meme warrior make a meme from this story depicting antifa killing the last male white rhinoceros in an attempt to eradicate white privilege in the rhino community,"[""could"", ""some"", ""meme"", ""warrior"", ""make"", ""a"", ""meme"", ""from"", ""this"", ""story"", ""depicting"", ""antifa"", ""killing"", ""the"", ""last"", ""male"", ""white"", ""rhinoceros"", ""in"", ""an"", ""attempt"", ""to"", ""eradicate"", ""white"", ""privilege"", ""in"", ""the"", ""rhino"", ""community""]",offensive,Caucasian,"[1, 1, 1, 1, 1, 1, 1, 1, 1, 1, 1, 1, 1, 1, 1, 1, 1, 1, 1, 1, 1, 1, 1, 1, 1, 1, 1, 1, 1]","[""could"", ""some"", ""meme"", ""warrior"", ""make"", ""a"", ""meme"", ""from"", ""this"", ""story"", ""depicting"", ""antifa"", ""killing"", ""the"", ""last"", ""male"", ""white"", ""rhinoceros"", ""in"", ""an"", ""attempt"", ""to"", ""eradicate"", ""white"", ""privilege"", ""in"", ""the"", ""rhino"", ""community""]",205,29,29,True,offensive,"[0, 0, 0, 0, 0, 0, 0, 0, 0, 0, 0, 0, 0, 0, 0, 0, 0, 0, 0, 0, 0, 0, 0, 0, 0, 0, 0, 1, 1]","[""rhino"", ""community""]"
22124162_gab,train,human rights require that white people get tortured to death,"[""human"", ""rights"", ""require"", ""that"", ""white"", ""people"", ""get"", ""tortured"", ""to"", ""death""]",hatespeech,Caucasian,"[0, 0, 0, 0, 1, 1, 1, 1, 1, 1]","[""white"", ""people"", ""get"", ""tortured"", ""to"", ""death""]",211,10,6,True,hatespeech,"[0, 0, 0, 0, 1, 1, 1, 1, 1, 1]","[""white"", ""people"", ""get"", ""tortured"", ""to"", ""death""]"
22124162_gab,train,human rights require that white people get tortured to death,"[""human"", ""rights"", ""require"", ""that"", ""white"", ""people"", ""get"", ""tortured"", ""to"", ""death""]",hatespeech,Caucasian,"[1, 1, 1, 1, 1, 1, 1, 1, 1, 1]","[""human"", ""rights"", ""require"", ""that"", ""white"", ""people"", ""get"", ""tortured"", ""to"", ""death""]",232,10,10,True,hatespeech,"[0, 0, 0, 0, 1, 1, 1, 1, 1, 1]","[""white"", ""people"", ""get"", ""tortured"", ""to"", ""death""]"
22190329_gab,train,very interesting to see what strikes fear into the hearts of leftists it not islamic jihadists it not muslim rape gangs it not ghetto crime it not mexican drug cartels it the idea that a white person could be violent that scares them,"[""very"", ""interesting"", ""to"", ""see"", ""what"", ""strikes"", ""fear"", ""into"", ""the"", ""hearts"", ""of"", ""leftists"", ""it"", ""not"", ""islamic"", ""jihadists"", ""it"", ""not"", ""muslim"", ""rape"", ""gangs"", ""it"", ""not"", ""ghetto"", ""crime"", ""it"", ""not"", ""mexican"", ""drug"", ""cartels"", ""it"", ""the"", ""idea"", ""that"", ""a"", ""white"", ""person"", ""could"", ""be"", ""violent"", ""that"", ""scares"", ""them""]",offensive,Caucasian,"[0, 0, 0, 0, 0, 0, 0, 0, 0, 0, 0, 0, 0, 0, 1, 1, 0, 0, 1, 1, 1, 0, 0, 1, 1, 0, 0, 0, 0, 0, 0, 0, 0, 0, 0, 0, 0, 0, 0, 0, 0, 0, 0]","[""islamic"", ""jihadists"", ""muslim"", ""rape"", ""gangs"", ""ghetto"", ""crime""]",253,43,7,True,offensive,"[0, 0, 0, 0, 0, 0, 0, 0, 0, 0, 0, 0, 0, 0, 1, 1, 0, 0, 0, 1, 1, 0, 0, 1, 1, 0, 0, 0, 0, 0, 0, 0, 0, 0, 0, 0, 0, 0, 0, 0, 0, 0, 0]","[""islamic"", ""jihadists"", ""rape"", ""gangs"", ""ghetto"", ""crime""]"
22223010_gab,train,need a fat white bitch ay can i getcho numba come pay my rent ho,"[""need"", ""a"", ""fat"", ""white"", ""bitch"", ""ay"", ""can"", ""i"", ""getcho"", ""numba"", ""come"", ""pay"", ""my"", ""rent"", ""ho""]",offensive,Caucasian,"[0, 0, 1, 1, 1, 1, 0, 0, 0, 0, 0, 0, 0, 0, 0]","[""fat"", ""white"", ""bitch"", ""ay""]",202,15,4,True,offensive,"[0, 0, 1, 1, 1, 1, 0, 0, 0, 0, 0, 0, 0, 0, 0]","[""fat"", ""white"", ""bitch"", ""ay""]"
22223010_gab,train,need a fat white bitch ay can i getcho numba come pay my rent ho,"[""need"", ""a"", ""fat"", ""white"", ""bitch"", ""ay"", ""can"", ""i"", ""getcho"", ""numba"", ""come"", ""pay"", ""my"", ""rent"", ""ho""]",offensive,Caucasian,"[1, 1, 1, 1, 1, 1, 1, 1, 1, 1, 1, 1, 1, 1, 1]","[""need"", ""a"", ""fat"", ""white"", ""bitch"", ""ay"", ""can"", ""i"", ""getcho"", ""numba"", ""come"", ""pay"", ""my"", ""rent"", ""ho""]",205,15,15,True,offensive,"[0, 0, 1, 1, 1, 1, 0, 0, 0, 0, 0, 0, 0, 0, 0]","[""fat"", ""white"", ""bitch"", ""ay""]"
22466421_gab,train,well maybe if you are a <number> albino nigger it just too difficult,"[""well"", ""maybe"", ""if"", ""you"", ""are"", ""a"", ""<number>"", ""albino"", ""nigger"", ""it"", ""just"", ""too"", ""difficult""]",offensive,Caucasian,"[0, 0, 0, 0, 0, 0, 0, 1, 1, 0, 0, 0, 0]","[""albino"", ""nigger""]",202,13,2,True,offensive,"[0, 0, 0, 0, 0, 0, 0, 1, 1, 0, 0, 0, 0]","[""albino"", ""nigger""]"
22641941_gab,train,generally speaking greater supply means lower demand means lower wages whatnot also generally speaking people saying everyone can code are faggots reciting an inane platitude and acting in complete disregard of actual future labor market conditions typically to the detriment of white people,"[""generally"", ""speaking"", ""greater"", ""supply"", ""means"", ""lower"", ""demand"", ""means"", ""lower"", ""wages"", ""whatnot"", ""also"", ""generally"", ""speaking"", ""people"", ""saying"", ""everyone"", ""can"", ""code"", ""are"", ""faggots"", ""reciting"", ""an"", ""inane"", ""platitude"", ""and"", ""acting"", ""in"", ""complete"", ""disregard"", ""of"", ""actual"", ""future"", ""labor"", ""market"", ""conditions"", ""typically"", ""to"", ""the"", ""detriment"", ""of"", ""white"", ""people""]",offensive,Caucasian,"[0, 0, 0, 0, 0, 0, 0, 0, 0, 0, 0, 0, 0, 0, 0, 0, 0, 0, 0, 0, 1, 0, 0, 0, 0, 0, 0, 0, 0, 0, 0, 0, 0, 0, 0, 0, 0, 0, 0, 0, 0, 0, 0]","[""faggots""]",204,43,1,True,offensive,"[0, 0, 0, 0, 0, 0, 0, 0, 0, 0, 0, 0, 0, 0, 0, 0, 0, 0, 0, 0, 1, 0, 0, 0, 0, 0, 0, 0, 0, 0, 0, 0, 0, 0, 0, 0, 0, 0, 0, 0, 0, 0, 0]","[""faggots""]"
22662689_gab,val,anon attempts to ride the bus in the ghetto while being white niggerstories part <number>,"[""anon"", ""attempts"", ""to"", ""ride"", ""the"", ""bus"", ""in"", ""the"", ""ghetto"", ""while"", ""being"", ""white"", ""niggerstories"", ""part"", ""<number>""]",offensive,Caucasian,"[0, 0, 0, 0, 0, 0, 0, 0, 1, 0, 0, 0, 1, 0, 0]","[""ghetto"", ""niggerstories""]",202,15,2,True,offensive,"[0, 0, 0, 0, 0, 0, 0, 0, 1, 0, 0, 0, 1, 0, 0]","[""ghetto"", ""niggerstories""]"
22782267_gab,val,leftie americans say arabs are white leftie brits say arabs are asian so the left really does believe people are transracial or is the left complicit with violently criminal arabs,"[""leftie"", ""americans"", ""say"", ""arabs"", ""are"", ""white"", ""leftie"", ""brits"", ""say"", ""arabs"", ""are"", ""asian"", ""so"", ""the"", ""left"", ""really"", ""does"", ""believe"", ""people"", ""are"", ""transracial"", ""or"", ""is"", ""the"", ""left"", ""complicit"", ""with"", ""violently"", ""criminal"", ""arabs""]",offensive,Caucasian,"[0, 0, 0, 1, 1, 1, 1, 1, 0, 1, 1, 1, 1, 0, 0, 0, 0, 0, 0, 0, 0, 0, 0, 0, 0, 0, 0, 0, 0, 0]","[""arabs"", ""are"", ""white"", ""leftie"", ""brits"", ""arabs"", ""are"", ""asian"", ""so""]",199,30,9,True,offensive,"[0, 0, 0, 0, 0, 0, 0, 0, 0, 0, 0, 0, 0, 0, 0, 0, 0, 0, 0, 0, 0, 0, 0, 0, 0, 0, 0, 0, 0, 0]",[]
22835351_gab,train,<user> ‍ i am a combat veteran shit for brains been there done all that you are a redneck effiminate piece of retarded shit in my veiw who has done nothing but shitposts you and the rest of your inbred hitler worshipping motherfuckers are a plague upon our country your mama should spank you,"[""<user>"", ""\u200d"", ""i"", ""am"", ""a"", ""combat"", ""veteran"", ""shit"", ""for"", ""brains"", ""been"", ""there"", ""done"", ""all"", ""that"", ""you"", ""are"", ""a"", ""redneck"", ""effiminate"", ""piece"", ""of"", ""retarded"", ""shit"", ""in"", ""my"", ""veiw"", ""who"", ""has"", ""done"", ""nothing"", ""but"", ""shitposts"", ""you"", ""and"", ""the"", ""rest"", ""of"", ""your"", ""inbred"", ""hitler"", ""worshipping"", ""motherfuckers"", ""are"", ""a"", ""plague"", ""upon"", ""our"", ""country"", ""your"", ""mama"", ""should"", ""spank"", ""you""]",offensive,Caucasian,"[0, 0, 0, 0, 0, 0, 0, 0, 0, 0, 0, 0, 0, 0, 0, 0, 1, 0, 1, 0, 0, 0, 0, 0, 0, 0, 0, 0, 0, 0, 0, 0, 0, 0, 0, 0, 0, 0, 0, 0, 1, 1, 1, 0, 0, 0, 0, 0, 0, 0, 0, 0, 0, 0]","[""are"", ""redneck"", ""hitler"", ""worshipping"", ""motherfuckers""]",221,54,5,True,offensive,"[0, 0, 0, 0, 0, 0, 0, 0, 0, 0, 0, 0, 0, 0, 0, 0, 0, 0, 1, 0, 0, 0, 0, 0, 0, 0, 0, 0, 0, 0, 0, 0, 0, 0, 0, 0, 0, 0, 0, 0, 0, 1, 1, 0, 0, 0, 0, 0, 0, 0, 0, 0, 0, 0]","[""redneck"", ""worshipping"", ""motherfuckers""]"
22881780_gab,train,the really funny part is that if niggers did not read about the white museum lady on twitter the dumb niggers would never even know about it niggers go to the museum about half as often as they take a baff 🙄 🖕 🐒,"[""the"", ""really"", ""funny"", ""part"", ""is"", ""that"", ""if"", ""niggers"", ""did"", ""not"", ""read"", ""about"", ""the"", ""white"", ""museum"", ""lady"", ""on"", ""twitter"", ""the"", ""dumb"", ""niggers"", ""would"", ""never"", ""even"", ""know"", ""about"", ""it"", ""niggers"", ""go"", ""to"", ""the"", ""museum"", ""about"", ""half"", ""as"", ""often"", ""as"", ""they"", ""take"", ""a"", ""baff"", ""\ud83d\ude44"", ""\ud83d\udd95"", ""\ud83d\udc12""]",hatespeech,Caucasian,"[0, 0, 0, 0, 0, 0, 0, 1, 0, 0, 0, 0, 0, 0, 0, 0, 0, 0, 0, 1, 1, 0, 0, 0, 0, 0, 0, 0, 0, 0, 0, 0, 0, 0, 0, 0, 0, 0, 0, 0, 0, 0, 0, 0]","[""niggers"", ""dumb"", ""niggers""]",199,44,3,True,offensive,"[0, 0, 0, 0, 0, 0, 0, 1, 0, 0, 0, 0, 0, 0, 0, 0, 0, 0, 0, 1, 1, 0, 0, 0, 0, 0, 0, 0, 0, 0, 0, 0, 0, 0, 0, 0, 0, 0, 0, 0, 0, 0, 0, 0]","[""niggers"", ""dumb"", ""niggers""]"
22922973_gab,train,white brothers you want to fight alongside the white leftists if that all you need to call someone a brother you are going to be in trouble,"[""white"", ""brothers"", ""you"", ""want"", ""to"", ""fight"", ""alongside"", ""the"", ""white"", ""leftists"", ""if"", ""that"", ""all"", ""you"", ""need"", ""to"", ""call"", ""someone"", ""a"", ""brother"", ""you"", ""are"", ""going"", ""to"", ""be"", ""in"", ""trouble""]",offensive,Caucasian,"[0, 0, 0, 0, 0, 0, 0, 0, 0, 1, 0, 0, 0, 0, 0, 0, 0, 0, 0, 0, 0, 0, 0, 0, 0, 0, 0]","[""leftists""]",202,27,1,True,offensive,"[0, 0, 0, 0, 0, 0, 0, 0, 0, 0, 0, 0, 0, 0, 0, 0, 0, 0, 0, 0, 0, 0, 0, 0, 0, 0, 0]",[]
22985682_gab,train,says the gay nazi we know you do not like women but do not spoil it for the rest of us go back to your hitler youth circle jerk faggot maybe you will get a reach around tonight,"[""says"", ""the"", ""gay"", ""nazi"", ""we"", ""know"", ""you"", ""do"", ""not"", ""like"", ""women"", ""but"", ""do"", ""not"", ""spoil"", ""it"", ""for"", ""the"", ""rest"", ""of"", ""us"", ""go"", ""back"", ""to"", ""your"", ""hitler"", ""youth"", ""circle"", ""jerk"", ""faggot"", ""maybe"", ""you"", ""will"", ""get"", ""a"", ""reach"", ""around"", ""tonight""]",hatespeech,Caucasian,"[0, 0, 1, 1, 0, 0, 0, 1, 1, 1, 1, 0, 0, 0, 0, 0, 0, 0, 0, 0, 0, 0, 0, 0, 0, 0, 0, 0, 1, 1, 0, 0, 0, 0, 0, 0, 0, 0]","[""gay"", ""nazi"", ""do"", ""not"", ""like"", ""women"", ""jerk"", ""faggot""]",206,38,8,True,hatespeech,"[0, 0, 1, 1, 0, 0, 0, 0, 0, 0, 0, 0, 0, 0, 0, 0, 0, 0, 0, 0, 0, 0, 0, 0, 0, 0, 0, 0, 1, 1, 0, 0, 0, 0, 0, 0, 0, 0]","[""gay"", ""nazi"", ""jerk"", ""faggot""]"
2300557_gab,test,<number> yr ago muslims shot killed whites blacks latinos asians christians jews for the fact they were non muslim americans sanbernardino,"[""<number>"", ""yr"", ""ago"", ""muslims"", ""shot"", ""killed"", ""whites"", ""blacks"", ""latinos"", ""asians"", ""christians"", ""jews"", ""for"", ""the"", ""fact"", ""they"", ""were"", ""non"", ""muslim"", ""americans"", ""sanbernardino""]",normal,Caucasian,"[0, 0, 0, 1, 1, 1, 1, 1, 1, 1, 1, 1, 0, 0, 0, 0, 0, 0, 0, 0, 0]","[""muslims"", ""shot"", ""killed"", ""whites"", ""blacks"", ""latinos"", ""asians"", ""christians"", ""jews""]",253,21,9,True,offensive,"[0, 0, 0, 1, 1, 1, 0, 0, 0, 0, 0, 0, 0, 0, 0, 0, 0, 0, 0, 0, 0]","[""muslims"", ""shot"", ""killed""]"
23083459_gab,train,if white people should be ashamed for our forfathers slavery then why do arabs get a free pass they are still doing it,"[""if"", ""white"", ""people"", ""should"", ""be"", ""ashamed"", ""for"", ""our"", ""forfathers"", ""slavery"", ""then"", ""why"", ""do"", ""arabs"", ""get"", ""a"", ""free"", ""pass"", ""they"", ""are"", ""still"", ""doing"", ""it""]",offensive,Caucasian,"[0, 0, 0, 0, 0, 0, 0, 0, 0, 0, 0, 0, 0, 1, 0, 0, 1, 1, 0, 0, 0, 0, 0]","[""arabs"", ""free"", ""pass""]",222,23,3,True,offensive,"[0, 0, 0, 0, 0, 0, 0, 0, 0, 0, 0, 0, 0, 1, 0, 0, 1, 0, 0, 0, 0, 0, 0]","[""arabs"", ""free""]"
23100454_gab,train,first save your white bitches from sucking so many black cocks and giving birth to mixed babies i am not the one threatening your existence you retarded degenerate,"[""first"", ""save"", ""your"", ""white"", ""bitches"", ""from"", ""sucking"", ""so"", ""many"", ""black"", ""cocks"", ""and"", ""giving"", ""birth"", ""to"", ""mixed"", ""babies"", ""i"", ""am"", ""not"", ""the"", ""one"", ""threatening"", ""your"", ""existence"", ""you"", ""retarded"", ""degenerate""]",hatespeech,Caucasian,"[0, 0, 0, 1, 1, 0, 1, 0, 0, 1, 1, 0, 0, 0, 0, 0, 0, 0, 0, 0, 0, 0, 0, 0, 0, 0, 1, 1]","[""white"", ""bitches"", ""sucking"", ""black"", ""cocks"", ""retarded"", ""degenerate""]",223,28,7,True,hatespeech,"[0, 0, 0, 1, 1, 0, 1, 0, 0, 1, 1, 0, 0, 0, 0, 0, 0, 0, 0, 0, 0, 0, 0, 0, 0, 0, 0, 0]","[""white"", ""bitches"", ""sucking"", ""black"", ""cocks""]"
23130509_gab,train,this is what an average iranian female looks like you faggots are retarded you all get the gas we need smarter people than this in the atavistic aryan future,"[""this"", ""is"", ""what"", ""an"", ""average"", ""iranian"", ""female"", ""looks"", ""like"", ""you"", ""faggots"", ""are"", ""retarded"", ""you"", ""all"", ""get"", ""the"", ""gas"", ""we"", ""need"", ""smarter"", ""people"", ""than"", ""this"", ""in"", ""the"", ""atavistic"", ""aryan"", ""future""]",hatespeech,Caucasian,"[0, 0, 0, 0, 0, 0, 0, 0, 0, 0, 1, 0, 1, 0, 0, 0, 0, 0, 0, 0, 0, 0, 0, 0, 0, 0, 0, 0, 0]","[""faggots"", ""retarded""]",199,29,2,True,hatespeech,"[0, 0, 0, 0, 0, 0, 0, 0, 0, 0, 1, 0, 1, 0, 0, 0, 0, 0, 0, 0, 0, 0, 0, 0, 0, 0, 0, 0, 0]","[""faggots"", ""retarded""]"
23168690_gab,train,i swear college is a hot house full of judaised professors with white youth being indoctrinated into this nonsense or have live there days out in fear of being ousted as racists and proud members of white race,"[""i"", ""swear"", ""college"", ""is"", ""a"", ""hot"", ""house"", ""full"", ""of"", ""judaised"", ""professors"", ""with"", ""white"", ""youth"", ""being"", ""indoctrinated"", ""into"", ""this"", ""nonsense"", ""or"", ""have"", ""live"", ""there"", ""days"", ""out"", ""in"", ""fear"", ""of"", ""being"", ""ousted"", ""as"", ""racists"", ""and"", ""proud"", ""members"", ""of"", ""white"", ""race""]",offensive,Caucasian,"[0, 0, 0, 0, 0, 0, 0, 0, 0, 0, 0, 0, 0, 0, 0, 0, 0, 0, 0, 0, 0, 0, 0, 0, 0, 0, 0, 0, 0, 0, 0, 1, 0, 1, 1, 1, 1, 1]","[""racists"", ""proud"", ""members"", ""of"", ""white"", ""race""]",202,38,6,True,hatespeech,"[0, 0, 0, 0, 0, 0, 0, 0, 0, 0, 0, 0, 0, 0, 0, 0, 0, 0, 0, 0, 0, 0, 0, 0, 0, 0, 0, 0, 0, 0, 0, 1, 0, 0, 0, 0, 0, 0]","[""racists""]"
23218081_gab,train,you are going to be labeled a nazi no matter what you do you have interest in european roots white culture white folk lore and white faiths you are a nazi to the jews no matter what you do,"[""you"", ""are"", ""going"", ""to"", ""be"", ""labeled"", ""a"", ""nazi"", ""no"", ""matter"", ""what"", ""you"", ""do"", ""you"", ""have"", ""interest"", ""in"", ""european"", ""roots"", ""white"", ""culture"", ""white"", ""folk"", ""lore"", ""and"", ""white"", ""faiths"", ""you"", ""are"", ""a"", ""nazi"", ""to"", ""the"", ""jews"", ""no"", ""matter"", ""what"", ""you"", ""do""]",offensive,Caucasian,"[0, 0, 0, 0, 0, 0, 0, 1, 0, 0, 0, 0, 0, 0, 0, 0, 0, 0, 0, 0, 0, 0, 0, 0, 0, 0, 0, 0, 0, 0, 1, 0, 0, 1, 0, 0, 0, 0, 0]","[""nazi"", ""nazi"", ""jews""]",199,39,3,True,offensive,"[0, 0, 0, 0, 0, 0, 0, 1, 0, 0, 0, 0, 0, 0, 0, 0, 0, 0, 0, 0, 0, 0, 0, 0, 0, 0, 0, 0, 0, 0, 1, 0, 0, 0, 0, 0, 0, 0, 0]","[""nazi"", ""nazi""]"
23229664_gab,train,so this is the kind of shit that people call whites who date asians eh sigh,"[""so"", ""this"", ""is"", ""the"", ""kind"", ""of"", ""shit"", ""that"", ""people"", ""call"", ""whites"", ""who"", ""date"", ""asians"", ""eh"", ""sigh""]",offensive,Caucasian,"[0, 0, 0, 0, 0, 0, 0, 0, 0, 0, 1, 1, 1, 1, 1, 1]","[""whites"", ""who"", ""date"", ""asians"", ""eh"", ""sigh""]",228,16,6,True,offensive,"[0, 0, 0, 0, 0, 0, 0, 0, 0, 0, 0, 0, 0, 0, 0, 0]",[]
23299541_gab,val,this is why women having careers is not our people this is why any non white immigration is not our people this is why doing drugs is not our people this is why going down to home depot for illegal labor is not our people you cannot violate this principle and be our people,"[""this"", ""is"", ""why"", ""women"", ""having"", ""careers"", ""is"", ""not"", ""our"", ""people"", ""this"", ""is"", ""why"", ""any"", ""non"", ""white"", ""immigration"", ""is"", ""not"", ""our"", ""people"", ""this"", ""is"", ""why"", ""doing"", ""drugs"", ""is"", ""not"", ""our"", ""people"", ""this"", ""is"", ""why"", ""going"", ""down"", ""to"", ""home"", ""depot"", ""for"", ""illegal"", ""labor"", ""is"", ""not"", ""our"", ""people"", ""you"", ""cannot"", ""violate"", ""this"", ""principle"", ""and"", ""be"", ""our"", ""people""]",hatespeech,Caucasian,"[0, 0, 0, 1, 1, 1, 1, 1, 1, 1, 0, 0, 0, 0, 0, 1, 1, 1, 1, 1, 1, 0, 0, 0, 0, 0, 0, 0, 0, 0, 0, 0, 0, 0, 0, 0, 0, 0, 0, 0, 0, 0, 0, 0, 0, 0, 0, 0, 0, 0, 0, 0, 0, 0]","[""women"", ""having"", ""careers"", ""is"", ""not"", ""our"", ""people"", ""white"", ""immigration"", ""is"", ""not"", ""our"", ""people""]",210,54,13,True,hatespeech,"[0, 0, 0, 0, 0, 0, 0, 0, 0, 0, 0, 0, 0, 0, 0, 1, 1, 0, 0, 0, 0, 0, 0, 0, 0, 0, 0, 0, 0, 0, 0, 0, 0, 0, 0, 0, 0, 0, 0, 0, 0, 0, 0, 0, 0, 0, 0, 0, 0, 0, 0, 0, 0, 0]","[""white"", ""immigration""]"
23324274_gab,train,dems kill all white people reps disavow and kill all white people slower,"[""dems"", ""kill"", ""all"", ""white"", ""people"", ""reps"", ""disavow"", ""and"", ""kill"", ""all"", ""white"", ""people"", ""slower""]",hatespeech,Caucasian,"[0, 1, 1, 1, 1, 0, 0, 0, 1, 1, 1, 1, 1]","[""kill"", ""all"", ""white"", ""people"", ""kill"", ""all"", ""white"", ""people"", ""slower""]",202,13,9,True,hatespeech,"[0, 1, 0, 0, 0, 0, 0, 0, 1, 1, 1, 1, 1]","[""kill"", ""kill"", ""all"", ""white"", ""people"", ""slower""]"
23324274_gab,train,dems kill all white people reps disavow and kill all white people slower,"[""dems"", ""kill"", ""all"", ""white"", ""people"", ""reps"", ""disavow"", ""and"", ""kill"", ""all"", ""white"", ""people"", ""slower""]",hatespeech,Caucasian,"[0, 1, 0, 0, 0, 0, 1, 1, 1, 1, 1, 1, 1]","[""kill"", ""disavow"", ""and"", ""kill"", ""all"", ""white"", ""people"", ""slower""]",223,13,8,True,hatespeech,"[0, 1, 0, 0, 0, 0, 0, 0, 1, 1, 1, 1, 1]","[""kill"", ""kill"", ""all"", ""white"", ""people"", ""slower""]"
23337549_gab,train,the japanese are not retarded like white people seriously just try to have an honest conversation with a white person about jews globalism or the negative effects of illegal immigration,"[""the"", ""japanese"", ""are"", ""not"", ""retarded"", ""like"", ""white"", ""people"", ""seriously"", ""just"", ""try"", ""to"", ""have"", ""an"", ""honest"", ""conversation"", ""with"", ""a"", ""white"", ""person"", ""about"", ""jews"", ""globalism"", ""or"", ""the"", ""negative"", ""effects"", ""of"", ""illegal"", ""immigration""]",offensive,Caucasian,"[0, 0, 0, 0, 1, 1, 1, 1, 0, 0, 0, 0, 0, 0, 0, 0, 0, 0, 0, 0, 0, 1, 0, 0, 0, 0, 0, 0, 1, 1]","[""retarded"", ""like"", ""white"", ""people"", ""jews"", ""illegal"", ""immigration""]",208,30,7,True,offensive,"[0, 0, 0, 0, 1, 0, 0, 0, 0, 0, 0, 0, 0, 0, 0, 0, 0, 0, 0, 0, 0, 0, 0, 0, 0, 0, 0, 0, 0, 0]","[""retarded""]"
23477660_gab,train,what a redneck virgin a seven year old that can run faster than her brothers,"[""what"", ""a"", ""redneck"", ""virgin"", ""a"", ""seven"", ""year"", ""old"", ""that"", ""can"", ""run"", ""faster"", ""than"", ""her"", ""brothers""]",offensive,Caucasian,"[0, 0, 1, 1, 0, 1, 1, 1, 1, 1, 1, 1, 1, 1, 1]","[""redneck"", ""virgin"", ""seven"", ""year"", ""old"", ""that"", ""can"", ""run"", ""faster"", ""than"", ""her"", ""brothers""]",217,15,12,True,offensive,"[0, 0, 1, 1, 0, 1, 1, 1, 1, 1, 1, 1, 1, 1, 1]","[""redneck"", ""virgin"", ""seven"", ""year"", ""old"", ""that"", ""can"", ""run"", ""faster"", ""than"", ""her"", ""brothers""]"
23477660_gab,train,what a redneck virgin a seven year old that can run faster than her brothers,"[""what"", ""a"", ""redneck"", ""virgin"", ""a"", ""seven"", ""year"", ""old"", ""that"", ""can"", ""run"", ""faster"", ""than"", ""her"", ""brothers""]",offensive,Caucasian,"[1, 1, 1, 1, 1, 1, 1, 1, 1, 1, 1, 1, 1, 1, 1]","[""what"", ""a"", ""redneck"", ""virgin"", ""a"", ""seven"", ""year"", ""old"", ""that"", ""can"", ""run"", ""faster"", ""than"", ""her"", ""brothers""]",213,15,15,True,offensive,"[0, 0, 1, 1, 0, 1, 1, 1, 1, 1, 1, 1, 1, 1, 1]","[""redneck"", ""virgin"", ""seven"", ""year"", ""old"", ""that"", ""can"", ""run"", ""faster"", ""than"", ""her"", ""brothers""]"
23481912_gab,val,lmaoo yeah real funny dumbass like i said usually when blacks place a real interest in a sport they tend to excel in it because blacks are more athletic than whites anything measurable yet,"[""lmaoo"", ""yeah"", ""real"", ""funny"", ""dumbass"", ""like"", ""i"", ""said"", ""usually"", ""when"", ""blacks"", ""place"", ""a"", ""real"", ""interest"", ""in"", ""a"", ""sport"", ""they"", ""tend"", ""to"", ""excel"", ""in"", ""it"", ""because"", ""blacks"", ""are"", ""more"", ""athletic"", ""than"", ""whites"", ""anything"", ""measurable"", ""yet""]",offensive,Caucasian,"[1, 0, 0, 0, 1, 0, 0, 0, 0, 0, 0, 0, 0, 0, 0, 0, 0, 0, 0, 0, 0, 0, 0, 0, 0, 0, 0, 0, 0, 0, 0, 0, 0, 0]","[""lmaoo"", ""dumbass""]",223,34,2,True,offensive,"[0, 0, 0, 0, 1, 0, 0, 0, 0, 0, 0, 0, 0, 0, 0, 0, 0, 0, 0, 0, 0, 0, 0, 0, 0, 0, 0, 0, 0, 0, 0, 0, 0, 0]","[""dumbass""]"
2357768_gab,train,fuck these whine tit leftist fuck their rock singers fuck their rap stars fuck their child molesting politicians fuck their sympathy for retarded foreigners and bad actors fuck their gay ass sitcoms fuck their lame late night comedians fuck their white hate fuck their patriotic disloyalty,"[""fuck"", ""these"", ""whine"", ""tit"", ""leftist"", ""fuck"", ""their"", ""rock"", ""singers"", ""fuck"", ""their"", ""rap"", ""stars"", ""fuck"", ""their"", ""child"", ""molesting"", ""politicians"", ""fuck"", ""their"", ""sympathy"", ""for"", ""retarded"", ""foreigners"", ""and"", ""bad"", ""actors"", ""fuck"", ""their"", ""gay"", ""ass"", ""sitcoms"", ""fuck"", ""their"", ""lame"", ""late"", ""night"", ""comedians"", ""fuck"", ""their"", ""white"", ""hate"", ""fuck"", ""their"", ""patriotic"", ""disloyalty""]",hatespeech,Caucasian,"[1, 1, 1, 1, 1, 1, 1, 1, 1, 1, 1, 1, 1, 1, 1, 1, 1, 1, 1, 1, 1, 1, 1, 1, 1, 1, 1, 1, 1, 1, 1, 1, 1, 1, 1, 1, 1, 1, 1, 1, 1, 1, 1, 1, 1, 1]","[""fuck"", ""these"", ""whine"", ""tit"", ""leftist"", ""fuck"", ""their"", ""rock"", ""singers"", ""fuck"", ""their"", ""rap"", ""stars"", ""fuck"", ""their"", ""child"", ""molesting"", ""politicians"", ""fuck"", ""their"", ""sympathy"", ""for"", ""retarded"", ""foreigners"", ""and"", ""bad"", ""actors"", ""fuck"", ""their"", ""gay"", ""ass"", ""sitcoms"", ""fuck"", ""their"", ""lame"", ""late"", ""night"", ""comedians"", ""fuck"", ""their"", ""white"", ""hate"", ""fuck"", ""their"", ""patriotic"", ""disloyalty""]",250,46,46,True,hatespeech,"[1, 1, 1, 1, 1, 1, 1, 1, 1, 1, 1, 1, 1, 1, 1, 1, 1, 1, 1, 1, 1, 1, 1, 1, 1, 1, 1, 1, 1, 1, 1, 1, 1, 1, 1, 1, 1, 1, 1, 1, 1, 1, 1, 1, 1, 1]","[""fuck"", ""these"", ""whine"", ""tit"", ""leftist"", ""fuck"", ""their"", ""rock"", ""singers"", ""fuck"", ""their"", ""rap"", ""stars"", ""fuck"", ""their"", ""child"", ""molesting"", ""politicians"", ""fuck"", ""their"", ""sympathy"", ""for"", ""retarded"", ""foreigners"", ""and"", ""bad"", ""actors"", ""fuck"", ""their"", ""gay"", ""ass"", ""sitcoms"", ""fuck"", ""their"", ""lame"", ""late"", ""night"", ""comedians"", ""fuck"", ""their"", ""white"", ""hate"", ""fuck"", ""their"", ""patriotic"", ""disloyalty""]"
24122163_gab,train,trump should make it that you only need 5 x the paperwork to fire a niggerette as a white i managed to get a niggerette fired no it wasn t the one with a heplock in her leg that had already been thru the junky nurse program <user> ‍ <user> ‍ murse,"[""trump"", ""should"", ""make"", ""it"", ""that"", ""you"", ""only"", ""need"", ""5"", ""x"", ""the"", ""paperwork"", ""to"", ""fire"", ""a"", ""niggerette"", ""as"", ""a"", ""white"", ""i"", ""managed"", ""to"", ""get"", ""a"", ""niggerette"", ""fired"", ""no"", ""it"", ""wasn"", ""t"", ""the"", ""one"", ""with"", ""a"", ""heplock"", ""in"", ""her"", ""leg"", ""that"", ""had"", ""already"", ""been"", ""thru"", ""the"", ""junky"", ""nurse"", ""program"", ""<user>"", ""\u200d"", ""<user>"", ""\u200d"", ""murse""]",offensive,Caucasian,"[1, 1, 1, 1, 1, 1, 1, 1, 1, 1, 1, 1, 1, 1, 1, 1, 1, 1, 1, 1, 1, 1, 1, 1, 1, 1, 1, 1, 1, 1, 1, 1, 1, 1, 1, 1, 1, 1, 1, 1, 1, 1, 1, 1, 1, 1, 1, 0, 0, 0, 0, 0]","[""trump"", ""should"", ""make"", ""it"", ""that"", ""you"", ""only"", ""need"", ""5"", ""x"", ""the"", ""paperwork"", ""to"", ""fire"", ""a"", ""niggerette"", ""as"", ""a"", ""white"", ""i"", ""managed"", ""to"", ""get"", ""a"", ""niggerette"", ""fired"", ""no"", ""it"", ""wasn"", ""t"", ""the"", ""one"", ""with"", ""a"", ""heplock"", ""in"", ""her"", ""leg"", ""that"", ""had"", ""already"", ""been"", ""thru"", ""the"", ""junky"", ""nurse"", ""program""]",241,52,47,True,hatespeech,"[0, 0, 0, 0, 0, 0, 0, 0, 0, 0, 0, 0, 0, 0, 0, 1, 0, 0, 0, 0, 0, 0, 0, 0, 1, 0, 0, 0, 0, 0, 0, 0, 0, 0, 0, 0, 0, 0, 0, 0, 0, 0, 0, 0, 0, 0, 0, 0, 0, 0, 0, 0]","[""niggerette"", ""niggerette""]"
24159958_gab,train,do not worry about shitposting worry about white people who can not bring themselves to fight back,"[""do"", ""not"", ""worry"", ""about"", ""shitposting"", ""worry"", ""about"", ""white"", ""people"", ""who"", ""can"", ""not"", ""bring"", ""themselves"", ""to"", ""fight"", ""back""]",offensive,Caucasian,"[0, 0, 0, 0, 1, 0, 0, 0, 0, 0, 0, 0, 0, 0, 0, 0, 0]","[""shitposting""]",202,17,1,True,offensive,"[0, 0, 0, 0, 1, 0, 0, 0, 0, 0, 0, 0, 0, 0, 0, 0, 0]","[""shitposting""]"
2417632_gab,train,so either the knock out game is being played on my campus or else local negroes are actually hard up enough to jump out of a car punch a white guy in the eye and steal a mcdonald bag from him before driving off,"[""so"", ""either"", ""the"", ""knock"", ""out"", ""game"", ""is"", ""being"", ""played"", ""on"", ""my"", ""campus"", ""or"", ""else"", ""local"", ""negroes"", ""are"", ""actually"", ""hard"", ""up"", ""enough"", ""to"", ""jump"", ""out"", ""of"", ""a"", ""car"", ""punch"", ""a"", ""white"", ""guy"", ""in"", ""the"", ""eye"", ""and"", ""steal"", ""a"", ""mcdonald"", ""bag"", ""from"", ""him"", ""before"", ""driving"", ""off""]",hatespeech,Caucasian,"[0, 0, 0, 0, 0, 0, 0, 0, 0, 0, 0, 0, 0, 0, 0, 1, 0, 0, 0, 0, 0, 0, 0, 0, 0, 0, 0, 0, 0, 0, 0, 0, 0, 0, 0, 0, 0, 0, 0, 0, 0, 0, 0, 0]","[""negroes""]",199,44,1,True,hatespeech,"[0, 0, 0, 0, 0, 0, 0, 0, 0, 0, 0, 0, 0, 0, 0, 1, 0, 0, 0, 0, 0, 0, 0, 0, 0, 0, 0, 0, 0, 0, 0, 0, 0, 0, 0, 0, 0, 0, 0, 0, 0, 0, 0, 0]","[""negroes""]"
24193372_gab,train,run away pussy didnt think id call you out on your bullshit eh fucking gay ass red trash,"[""run"", ""away"", ""pussy"", ""didnt"", ""think"", ""id"", ""call"", ""you"", ""out"", ""on"", ""your"", ""bullshit"", ""eh"", ""fucking"", ""gay"", ""ass"", ""red"", ""trash""]",normal,Caucasian,"[1, 1, 1, 1, 1, 1, 1, 1, 1, 1, 1, 1, 1, 1, 1, 1, 1, 1]","[""run"", ""away"", ""pussy"", ""didnt"", ""think"", ""id"", ""call"", ""you"", ""out"", ""on"", ""your"", ""bullshit"", ""eh"", ""fucking"", ""gay"", ""ass"", ""red"", ""trash""]",221,18,18,True,hatespeech,"[0, 0, 1, 0, 0, 0, 0, 0, 0, 0, 0, 0, 0, 1, 1, 1, 1, 1]","[""pussy"", ""fucking"", ""gay"", ""ass"", ""red"", ""trash""]"
24368323_gab,train,it will be great when all the boons over take all starbucks and ghetto ize them driving the white yuppie shitheads away,"[""it"", ""will"", ""be"", ""great"", ""when"", ""all"", ""the"", ""boons"", ""over"", ""take"", ""all"", ""starbucks"", ""and"", ""ghetto"", ""ize"", ""them"", ""driving"", ""the"", ""white"", ""yuppie"", ""shitheads"", ""away""]",offensive,Caucasian,"[0, 0, 0, 0, 0, 0, 0, 1, 0, 0, 0, 0, 0, 0, 0, 0, 0, 0, 0, 0, 1, 0]","[""boons"", ""shitheads""]",207,22,2,True,hatespeech,"[0, 0, 0, 0, 0, 0, 0, 1, 0, 0, 0, 0, 0, 0, 0, 0, 0, 0, 0, 0, 1, 0]","[""boons"", ""shitheads""]"
24368323_gab,train,it will be great when all the boons over take all starbucks and ghetto ize them driving the white yuppie shitheads away,"[""it"", ""will"", ""be"", ""great"", ""when"", ""all"", ""the"", ""boons"", ""over"", ""take"", ""all"", ""starbucks"", ""and"", ""ghetto"", ""ize"", ""them"", ""driving"", ""the"", ""white"", ""yuppie"", ""shitheads"", ""away""]",hatespeech,Caucasian,"[1, 1, 1, 1, 1, 1, 1, 1, 1, 1, 1, 1, 1, 1, 1, 1, 1, 1, 1, 1, 1, 1]","[""it"", ""will"", ""be"", ""great"", ""when"", ""all"", ""the"", ""boons"", ""over"", ""take"", ""all"", ""starbucks"", ""and"", ""ghetto"", ""ize"", ""them"", ""driving"", ""the"", ""white"", ""yuppie"", ""shitheads"", ""away""]",202,22,22,True,hatespeech,"[0, 0, 0, 0, 0, 0, 0, 1, 0, 0, 0, 0, 0, 0, 0, 0, 0, 0, 0, 0, 1, 0]","[""boons"", ""shitheads""]"
24405040_gab,train,only whites and asians survive the cold low iq can not do cold weather,"[""only"", ""whites"", ""and"", ""asians"", ""survive"", ""the"", ""cold"", ""low"", ""iq"", ""can"", ""not"", ""do"", ""cold"", ""weather""]",offensive,Caucasian,"[1, 1, 1, 1, 1, 1, 1, 1, 1, 1, 1, 1, 1, 1]","[""only"", ""whites"", ""and"", ""asians"", ""survive"", ""the"", ""cold"", ""low"", ""iq"", ""can"", ""not"", ""do"", ""cold"", ""weather""]",203,14,14,True,offensive,"[1, 1, 1, 1, 1, 1, 1, 1, 1, 1, 1, 1, 1, 1]","[""only"", ""whites"", ""and"", ""asians"", ""survive"", ""the"", ""cold"", ""low"", ""iq"", ""can"", ""not"", ""do"", ""cold"", ""weather""]"
24410645_gab,val,show class you stupid tornado bait trailer trash descendant of ghetto lice bait saved from his people crimes by said trailer trash,"[""show"", ""class"", ""you"", ""stupid"", ""tornado"", ""bait"", ""trailer"", ""trash"", ""descendant"", ""of"", ""ghetto"", ""lice"", ""bait"", ""saved"", ""from"", ""his"", ""people"", ""crimes"", ""by"", ""said"", ""trailer"", ""trash""]",offensive,Caucasian,"[1, 1, 1, 1, 1, 1, 1, 1, 1, 1, 1, 1, 1, 1, 1, 1, 1, 1, 1, 1, 1, 1]","[""show"", ""class"", ""you"", ""stupid"", ""tornado"", ""bait"", ""trailer"", ""trash"", ""descendant"", ""of"", ""ghetto"", ""lice"", ""bait"", ""saved"", ""from"", ""his"", ""people"", ""crimes"", ""by"", ""said"", ""trailer"", ""trash""]",205,22,22,True,offensive,"[1, 1, 1, 1, 1, 1, 1, 1, 1, 1, 1, 1, 1, 1, 1, 1, 1, 1, 1, 1, 1, 1]","[""show"", ""class"", ""you"", ""stupid"", ""tornado"", ""bait"", ""trailer"", ""trash"", ""descendant"", ""of"", ""ghetto"", ""lice"", ""bait"", ""saved"", ""from"", ""his"", ""people"", ""crimes"", ""by"", ""said"", ""trailer"", ""trash""]"
24497750_gab,val,yep i am all for more black conservatives being spawned but that not our job low hanging fruit is a bazillion retarded whites,"[""yep"", ""i"", ""am"", ""all"", ""for"", ""more"", ""black"", ""conservatives"", ""being"", ""spawned"", ""but"", ""that"", ""not"", ""our"", ""job"", ""low"", ""hanging"", ""fruit"", ""is"", ""a"", ""bazillion"", ""retarded"", ""whites""]",offensive,Caucasian,"[0, 0, 0, 0, 0, 0, 0, 0, 0, 0, 0, 0, 0, 0, 0, 1, 1, 1, 1, 1, 1, 1, 1]","[""low"", ""hanging"", ""fruit"", ""is"", ""a"", ""bazillion"", ""retarded"", ""whites""]",207,23,8,True,offensive,"[0, 0, 0, 0, 0, 0, 0, 0, 0, 0, 0, 0, 0, 0, 0, 1, 1, 1, 1, 1, 1, 1, 1]","[""low"", ""hanging"", ""fruit"", ""is"", ""a"", ""bazillion"", ""retarded"", ""whites""]"
24530370_gab,train,the good thing about the nazi dumbasses is they hold their national convention in a phone booth for you young dumbass nazis that a little bitty space i have heard you can get <number> people in one,"[""the"", ""good"", ""thing"", ""about"", ""the"", ""nazi"", ""dumbasses"", ""is"", ""they"", ""hold"", ""their"", ""national"", ""convention"", ""in"", ""a"", ""phone"", ""booth"", ""for"", ""you"", ""young"", ""dumbass"", ""nazis"", ""that"", ""a"", ""little"", ""bitty"", ""space"", ""i"", ""have"", ""heard"", ""you"", ""can"", ""get"", ""<number>"", ""people"", ""in"", ""one""]",offensive,Caucasian,"[1, 1, 1, 1, 1, 1, 1, 1, 1, 1, 1, 1, 1, 1, 1, 1, 1, 1, 1, 1, 1, 1, 1, 1, 1, 1, 1, 1, 1, 1, 1, 1, 1, 1, 1, 1, 1]","[""the"", ""good"", ""thing"", ""about"", ""the"", ""nazi"", ""dumbasses"", ""is"", ""they"", ""hold"", ""their"", ""national"", ""convention"", ""in"", ""a"", ""phone"", ""booth"", ""for"", ""you"", ""young"", ""dumbass"", ""nazis"", ""that"", ""a"", ""little"", ""bitty"", ""space"", ""i"", ""have"", ""heard"", ""you"", ""can"", ""get"", ""<number>"", ""people"", ""in"", ""one""]",207,37,37,True,offensive,"[0, 0, 0, 0, 0, 1, 1, 0, 0, 0, 0, 0, 0, 0, 0, 0, 0, 0, 0, 1, 1, 1, 0, 0, 0, 0, 0, 0, 0, 0, 0, 0, 0, 0, 0, 0, 0]","[""nazi"", ""dumbasses"", ""young"", ""dumbass"", ""nazis""]"
24530370_gab,train,the good thing about the nazi dumbasses is they hold their national convention in a phone booth for you young dumbass nazis that a little bitty space i have heard you can get <number> people in one,"[""the"", ""good"", ""thing"", ""about"", ""the"", ""nazi"", ""dumbasses"", ""is"", ""they"", ""hold"", ""their"", ""national"", ""convention"", ""in"", ""a"", ""phone"", ""booth"", ""for"", ""you"", ""young"", ""dumbass"", ""nazis"", ""that"", ""a"", ""little"", ""bitty"", ""space"", ""i"", ""have"", ""heard"", ""you"", ""can"", ""get"", ""<number>"", ""people"", ""in"", ""one""]",offensive,Caucasian,"[0, 0, 0, 0, 0, 1, 1, 0, 0, 0, 0, 0, 0, 0, 0, 0, 0, 0, 0, 1, 1, 1, 0, 0, 0, 0, 0, 0, 0, 0, 0, 0, 0, 0, 0, 0, 0]","[""nazi"", ""dumbasses"", ""young"", ""dumbass"", ""nazis""]",229,37,5,True,offensive,"[0, 0, 0, 0, 0, 1, 1, 0, 0, 0, 0, 0, 0, 0, 0, 0, 0, 0, 0, 1, 1, 1, 0, 0, 0, 0, 0, 0, 0, 0, 0, 0, 0, 0, 0, 0, 0]","[""nazi"", ""dumbasses"", ""young"", ""dumbass"", ""nazis""]"
24738592_gab,train,no only mates mucking round in a boxing gym in a once white ghetto recently turned black,"[""no"", ""only"", ""mates"", ""mucking"", ""round"", ""in"", ""a"", ""boxing"", ""gym"", ""in"", ""a"", ""once"", ""white"", ""ghetto"", ""recently"", ""turned"", ""black""]",normal,Caucasian,"[1, 1, 1, 1, 1, 1, 1, 1, 1, 1, 1, 1, 1, 1, 1, 1, 1]","[""no"", ""only"", ""mates"", ""mucking"", ""round"", ""in"", ""a"", ""boxing"", ""gym"", ""in"", ""a"", ""once"", ""white"", ""ghetto"", ""recently"", ""turned"", ""black""]",221,17,17,True,offensive,"[0, 0, 0, 0, 0, 0, 0, 0, 0, 0, 0, 0, 0, 0, 1, 1, 1]","[""recently"", ""turned"", ""black""]"
24766870_gab,train,you support the death penalty for homosexuals ok then grab a gun and start with yourself nazi homo faggot and this is actually you taking it up the ass you really should not take gay pornographic pictures of you with your boyfriends,"[""you"", ""support"", ""the"", ""death"", ""penalty"", ""for"", ""homosexuals"", ""ok"", ""then"", ""grab"", ""a"", ""gun"", ""and"", ""start"", ""with"", ""yourself"", ""nazi"", ""homo"", ""faggot"", ""and"", ""this"", ""is"", ""actually"", ""you"", ""taking"", ""it"", ""up"", ""the"", ""ass"", ""you"", ""really"", ""should"", ""not"", ""take"", ""gay"", ""pornographic"", ""pictures"", ""of"", ""you"", ""with"", ""your"", ""boyfriends""]",offensive,Caucasian,"[0, 0, 0, 0, 0, 0, 0, 0, 0, 1, 1, 1, 1, 1, 1, 1, 1, 1, 1, 0, 0, 0, 0, 1, 1, 1, 1, 1, 1, 0, 0, 0, 0, 0, 1, 1, 1, 0, 0, 0, 0, 0]","[""grab"", ""a"", ""gun"", ""and"", ""start"", ""with"", ""yourself"", ""nazi"", ""homo"", ""faggot"", ""you"", ""taking"", ""it"", ""up"", ""the"", ""ass"", ""gay"", ""pornographic"", ""pictures""]",206,42,19,True,hatespeech,"[0, 0, 0, 0, 0, 0, 0, 0, 0, 1, 1, 1, 1, 1, 1, 1, 1, 1, 1, 0, 0, 0, 0, 1, 1, 1, 1, 1, 1, 0, 0, 0, 0, 0, 1, 1, 1, 0, 0, 0, 0, 0]","[""grab"", ""a"", ""gun"", ""and"", ""start"", ""with"", ""yourself"", ""nazi"", ""homo"", ""faggot"", ""you"", ""taking"", ""it"", ""up"", ""the"", ""ass"", ""gay"", ""pornographic"", ""pictures""]"
24779984_gab,train,sometimes i wish white people were not so civilized and we could just massacre these invaders like they would and will most certainly do to us,"[""sometimes"", ""i"", ""wish"", ""white"", ""people"", ""were"", ""not"", ""so"", ""civilized"", ""and"", ""we"", ""could"", ""just"", ""massacre"", ""these"", ""invaders"", ""like"", ""they"", ""would"", ""and"", ""will"", ""most"", ""certainly"", ""do"", ""to"", ""us""]",offensive,Caucasian,"[1, 1, 1, 1, 1, 1, 1, 1, 1, 1, 1, 1, 1, 1, 1, 1, 1, 1, 1, 1, 1, 1, 1, 1, 1, 1]","[""sometimes"", ""i"", ""wish"", ""white"", ""people"", ""were"", ""not"", ""so"", ""civilized"", ""and"", ""we"", ""could"", ""just"", ""massacre"", ""these"", ""invaders"", ""like"", ""they"", ""would"", ""and"", ""will"", ""most"", ""certainly"", ""do"", ""to"", ""us""]",229,26,26,True,offensive,"[1, 1, 1, 1, 1, 1, 1, 1, 1, 1, 1, 1, 1, 1, 1, 1, 1, 1, 1, 1, 1, 1, 1, 1, 1, 1]","[""sometimes"", ""i"", ""wish"", ""white"", ""people"", ""were"", ""not"", ""so"", ""civilized"", ""and"", ""we"", ""could"", ""just"", ""massacre"", ""these"", ""invaders"", ""like"", ""they"", ""would"", ""and"", ""will"", ""most"", ""certainly"", ""do"", ""to"", ""us""]"
24831795_gab,train,shapeshifting out of based elderly female asian immigrant here to convince the white goyim how fantastic infinity nigger i see the holocaust is there anything it can not do,"[""shapeshifting"", ""out"", ""of"", ""based"", ""elderly"", ""female"", ""asian"", ""immigrant"", ""here"", ""to"", ""convince"", ""the"", ""white"", ""goyim"", ""how"", ""fantastic"", ""infinity"", ""nigger"", ""i"", ""see"", ""the"", ""holocaust"", ""is"", ""there"", ""anything"", ""it"", ""can"", ""not"", ""do""]",hatespeech,Caucasian,"[0, 0, 0, 0, 0, 0, 0, 0, 0, 0, 0, 0, 0, 0, 0, 0, 0, 1, 0, 0, 0, 0, 0, 0, 0, 0, 0, 0, 0]","[""nigger""]",203,29,1,True,hatespeech,"[0, 0, 0, 0, 0, 0, 0, 0, 0, 0, 0, 0, 0, 0, 0, 0, 0, 1, 0, 0, 0, 0, 0, 0, 0, 0, 0, 0, 0]","[""nigger""]"
24920889_gab,train,last point if you keep them in ghettoes explain white flight surely there would be no need no,"[""last"", ""point"", ""if"", ""you"", ""keep"", ""them"", ""in"", ""ghettoes"", ""explain"", ""white"", ""flight"", ""surely"", ""there"", ""would"", ""be"", ""no"", ""need"", ""no""]",offensive,Caucasian,"[0, 0, 0, 1, 1, 1, 1, 1, 0, 0, 0, 0, 0, 0, 0, 0, 0, 0]","[""you"", ""keep"", ""them"", ""in"", ""ghettoes""]",199,18,5,True,offensive,"[0, 0, 0, 1, 1, 1, 1, 1, 0, 0, 0, 0, 0, 0, 0, 0, 0, 0]","[""you"", ""keep"", ""them"", ""in"", ""ghettoes""]"
24925738_gab,train,all jews using a computer are in incurring in appropiation of an invention of the whiteman all jews delete your accounts now,"[""all"", ""jews"", ""using"", ""a"", ""computer"", ""are"", ""in"", ""incurring"", ""in"", ""appropiation"", ""of"", ""an"", ""invention"", ""of"", ""the"", ""whiteman"", ""all"", ""jews"", ""delete"", ""your"", ""accounts"", ""now""]",normal,Caucasian,"[1, 1, 1, 1, 1, 1, 1, 1, 1, 1, 1, 1, 1, 1, 1, 1, 1, 1, 1, 1, 1, 1]","[""all"", ""jews"", ""using"", ""a"", ""computer"", ""are"", ""in"", ""incurring"", ""in"", ""appropiation"", ""of"", ""an"", ""invention"", ""of"", ""the"", ""whiteman"", ""all"", ""jews"", ""delete"", ""your"", ""accounts"", ""now""]",204,22,22,True,offensive,"[1, 1, 1, 1, 1, 0, 0, 0, 0, 0, 0, 0, 0, 0, 0, 0, 0, 0, 0, 0, 0, 0]","[""all"", ""jews"", ""using"", ""a"", ""computer""]"
24954806_gab,val,here comes silverstein to white knight for faggotry while taking potshots at <user> ‍ you are a pathetic faggot consider an hero,"[""here"", ""comes"", ""silverstein"", ""to"", ""white"", ""knight"", ""for"", ""faggotry"", ""while"", ""taking"", ""potshots"", ""at"", ""<user>"", ""\u200d"", ""you"", ""are"", ""a"", ""pathetic"", ""faggot"", ""consider"", ""an"", ""hero""]",offensive,Caucasian,"[0, 0, 0, 0, 1, 1, 1, 1, 0, 0, 0, 0, 0, 0, 0, 0, 0, 1, 1, 0, 0, 0]","[""white"", ""knight"", ""for"", ""faggotry"", ""pathetic"", ""faggot""]",232,22,6,True,offensive,"[0, 0, 0, 0, 0, 0, 0, 1, 0, 0, 0, 0, 0, 0, 0, 0, 0, 1, 1, 0, 0, 0]","[""faggotry"", ""pathetic"", ""faggot""]"
25212387_gab,train,i was listening to some bill burr clips onyoutube i guess he had a podcast or still has one who gives a shit and along comes some negress named nia alliteration classy to bitch about whites people apparently he was is in a relationship with it no more bill burr for me,"[""i"", ""was"", ""listening"", ""to"", ""some"", ""bill"", ""burr"", ""clips"", ""onyoutube"", ""i"", ""guess"", ""he"", ""had"", ""a"", ""podcast"", ""or"", ""still"", ""has"", ""one"", ""who"", ""gives"", ""a"", ""shit"", ""and"", ""along"", ""comes"", ""some"", ""negress"", ""named"", ""nia"", ""alliteration"", ""classy"", ""to"", ""bitch"", ""about"", ""whites"", ""people"", ""apparently"", ""he"", ""was"", ""is"", ""in"", ""a"", ""relationship"", ""with"", ""it"", ""no"", ""more"", ""bill"", ""burr"", ""for"", ""me""]",normal,Caucasian,"[0, 0, 0, 0, 0, 0, 0, 0, 0, 0, 0, 0, 0, 0, 0, 0, 0, 0, 0, 0, 0, 0, 0, 0, 0, 0, 0, 1, 0, 0, 0, 0, 0, 0, 0, 0, 0, 0, 0, 0, 0, 0, 0, 0, 0, 0, 0, 0, 0, 0, 0, 0]","[""negress""]",199,52,1,True,hatespeech,"[0, 0, 0, 0, 0, 0, 0, 0, 0, 0, 0, 0, 0, 0, 0, 0, 0, 0, 0, 0, 0, 0, 0, 0, 0, 0, 0, 1, 0, 0, 0, 0, 0, 0, 0, 0, 0, 0, 0, 0, 0, 0, 0, 0, 0, 0, 0, 0, 0, 0, 0, 0]","[""negress""]"
25227528_gab,train,i gotta say as a woman i love it and white boys can not get hired these days because of these cunt feminazi demanding diversity choosing shitskins over kin not that i want to see our men reduced to this but payback is a bitch,"[""i"", ""gotta"", ""say"", ""as"", ""a"", ""woman"", ""i"", ""love"", ""it"", ""and"", ""white"", ""boys"", ""can"", ""not"", ""get"", ""hired"", ""these"", ""days"", ""because"", ""of"", ""these"", ""cunt"", ""feminazi"", ""demanding"", ""diversity"", ""choosing"", ""shitskins"", ""over"", ""kin"", ""not"", ""that"", ""i"", ""want"", ""to"", ""see"", ""our"", ""men"", ""reduced"", ""to"", ""this"", ""but"", ""payback"", ""is"", ""a"", ""bitch""]",hatespeech,Caucasian,"[0, 0, 0, 0, 0, 0, 0, 0, 0, 0, 0, 0, 0, 0, 0, 0, 0, 0, 0, 0, 0, 0, 1, 0, 0, 0, 1, 0, 0, 0, 0, 0, 0, 0, 0, 0, 0, 0, 0, 0, 0, 0, 0, 0, 0]","[""feminazi"", ""shitskins""]",217,45,2,True,hatespeech,"[0, 0, 0, 0, 0, 0, 0, 0, 0, 0, 0, 0, 0, 0, 0, 0, 0, 0, 0, 0, 0, 0, 1, 0, 0, 0, 1, 0, 0, 0, 0, 0, 0, 0, 0, 0, 0, 0, 0, 0, 0, 0, 0, 0, 0]","[""feminazi"", ""shitskins""]"
25236622_gab,train,actually i am hoping in the future for a white asian alliance to restore demographic homogeneity in both white and asian communities i think the asians are racist enough to convince of our ideas,"[""actually"", ""i"", ""am"", ""hoping"", ""in"", ""the"", ""future"", ""for"", ""a"", ""white"", ""asian"", ""alliance"", ""to"", ""restore"", ""demographic"", ""homogeneity"", ""in"", ""both"", ""white"", ""and"", ""asian"", ""communities"", ""i"", ""think"", ""the"", ""asians"", ""are"", ""racist"", ""enough"", ""to"", ""convince"", ""of"", ""our"", ""ideas""]",offensive,Caucasian,"[0, 1, 1, 1, 1, 1, 1, 1, 1, 1, 1, 1, 1, 1, 1, 1, 1, 1, 1, 1, 1, 1, 1, 1, 1, 1, 1, 1, 1, 1, 1, 1, 1, 1]","[""i"", ""am"", ""hoping"", ""in"", ""the"", ""future"", ""for"", ""a"", ""white"", ""asian"", ""alliance"", ""to"", ""restore"", ""demographic"", ""homogeneity"", ""in"", ""both"", ""white"", ""and"", ""asian"", ""communities"", ""i"", ""think"", ""the"", ""asians"", ""are"", ""racist"", ""enough"", ""to"", ""convince"", ""of"", ""our"", ""ideas""]",201,34,33,True,hatespeech,"[0, 0, 0, 0, 0, 0, 0, 0, 0, 1, 1, 1, 0, 0, 1, 1, 0, 0, 0, 0, 0, 0, 0, 0, 0, 1, 1, 1, 1, 0, 0, 0, 0, 0]","[""white"", ""asian"", ""alliance"", ""demographic"", ""homogeneity"", ""asians"", ""are"", ""racist"", ""enough""]"
25236622_gab,train,actually i am hoping in the future for a white asian alliance to restore demographic homogeneity in both white and asian communities i think the asians are racist enough to convince of our ideas,"[""actually"", ""i"", ""am"", ""hoping"", ""in"", ""the"", ""future"", ""for"", ""a"", ""white"", ""asian"", ""alliance"", ""to"", ""restore"", ""demographic"", ""homogeneity"", ""in"", ""both"", ""white"", ""and"", ""asian"", ""communities"", ""i"", ""think"", ""the"", ""asians"", ""are"", ""racist"", ""enough"", ""to"", ""convince"", ""of"", ""our"", ""ideas""]",hatespeech,Caucasian,"[0, 0, 0, 0, 0, 0, 0, 0, 0, 1, 1, 1, 0, 0, 1, 1, 0, 0, 0, 0, 0, 0, 0, 0, 0, 1, 1, 1, 1, 0, 0, 0, 0, 0]","[""white"", ""asian"", ""alliance"", ""demographic"", ""homogeneity"", ""asians"", ""are"", ""racist"", ""enough""]",248,34,9,True,hatespeech,"[0, 0, 0, 0, 0, 0, 0, 0, 0, 1, 1, 1, 0, 0, 1, 1, 0, 0, 0, 0, 0, 0, 0, 0, 0, 1, 1, 1, 1, 0, 0, 0, 0, 0]","[""white"", ""asian"", ""alliance"", ""demographic"", ""homogeneity"", ""asians"", ""are"", ""racist"", ""enough""]"
2523674_gab,train,urban renewal is easy to achieve just ship asians and whites in en masse oh but they will not want to come if ghetto blacks are still there,"[""urban"", ""renewal"", ""is"", ""easy"", ""to"", ""achieve"", ""just"", ""ship"", ""asians"", ""and"", ""whites"", ""in"", ""en"", ""masse"", ""oh"", ""but"", ""they"", ""will"", ""not"", ""want"", ""to"", ""come"", ""if"", ""ghetto"", ""blacks"", ""are"", ""still"", ""there""]",offensive,Caucasian,"[0, 0, 0, 0, 0, 0, 0, 1, 1, 1, 1, 1, 1, 1, 0, 0, 0, 0, 0, 0, 0, 0, 0, 1, 1, 0, 0, 0]","[""ship"", ""asians"", ""and"", ""whites"", ""in"", ""en"", ""masse"", ""ghetto"", ""blacks""]",232,28,9,True,offensive,"[0, 0, 0, 0, 0, 0, 0, 0, 0, 0, 0, 0, 0, 0, 0, 0, 0, 0, 0, 0, 0, 0, 0, 1, 1, 0, 0, 0]","[""ghetto"", ""blacks""]"
2524273_gab,train,obama did not do enough for black people not even god can do enough it impossible maybe if they ship in whites and asians and paint them black,"[""obama"", ""did"", ""not"", ""do"", ""enough"", ""for"", ""black"", ""people"", ""not"", ""even"", ""god"", ""can"", ""do"", ""enough"", ""it"", ""impossible"", ""maybe"", ""if"", ""they"", ""ship"", ""in"", ""whites"", ""and"", ""asians"", ""and"", ""paint"", ""them"", ""black""]",offensive,Caucasian,"[0, 0, 0, 0, 0, 0, 0, 0, 0, 0, 0, 0, 0, 0, 0, 0, 1, 0, 0, 0, 0, 0, 0, 1, 1, 1, 1, 1]","[""maybe"", ""asians"", ""and"", ""paint"", ""them"", ""black""]",230,28,6,True,offensive,"[0, 0, 0, 0, 0, 0, 0, 0, 0, 0, 0, 0, 0, 0, 0, 0, 0, 0, 0, 0, 0, 0, 0, 1, 1, 1, 1, 1]","[""asians"", ""and"", ""paint"", ""them"", ""black""]"
25333312_gab,train,good she deserved it i have no sympathy for these assholes who are destroying what white men built if these jackasses think 3 rd world men are going to make the world a better place she got her better place,"[""good"", ""she"", ""deserved"", ""it"", ""i"", ""have"", ""no"", ""sympathy"", ""for"", ""these"", ""assholes"", ""who"", ""are"", ""destroying"", ""what"", ""white"", ""men"", ""built"", ""if"", ""these"", ""jackasses"", ""think"", ""3"", ""rd"", ""world"", ""men"", ""are"", ""going"", ""to"", ""make"", ""the"", ""world"", ""a"", ""better"", ""place"", ""she"", ""got"", ""her"", ""better"", ""place""]",offensive,Caucasian,"[0, 1, 1, 1, 1, 1, 1, 1, 1, 1, 1, 1, 1, 1, 1, 1, 1, 1, 1, 1, 1, 1, 1, 1, 1, 1, 1, 1, 1, 1, 1, 1, 1, 1, 1, 1, 1, 1, 1, 1]","[""she"", ""deserved"", ""it"", ""i"", ""have"", ""no"", ""sympathy"", ""for"", ""these"", ""assholes"", ""who"", ""are"", ""destroying"", ""what"", ""white"", ""men"", ""built"", ""if"", ""these"", ""jackasses"", ""think"", ""3"", ""rd"", ""world"", ""men"", ""are"", ""going"", ""to"", ""make"", ""the"", ""world"", ""a"", ""better"", ""place"", ""she"", ""got"", ""her"", ""better"", ""place""]",199,40,39,True,hatespeech,"[0, 0, 0, 0, 0, 1, 1, 1, 1, 1, 1, 1, 1, 1, 1, 1, 1, 1, 1, 1, 1, 1, 1, 1, 1, 1, 1, 1, 1, 1, 1, 1, 1, 1, 1, 1, 1, 1, 1, 1]","[""have"", ""no"", ""sympathy"", ""for"", ""these"", ""assholes"", ""who"", ""are"", ""destroying"", ""what"", ""white"", ""men"", ""built"", ""if"", ""these"", ""jackasses"", ""think"", ""3"", ""rd"", ""world"", ""men"", ""are"", ""going"", ""to"", ""make"", ""the"", ""world"", ""a"", ""better"", ""place"", ""she"", ""got"", ""her"", ""better"", ""place""]"
25352910_gab,train,you are a fk wad supreme get the fk off white women or else,"[""you"", ""are"", ""a"", ""fk"", ""wad"", ""supreme"", ""get"", ""the"", ""fk"", ""off"", ""white"", ""women"", ""or"", ""else""]",offensive,Caucasian,"[0, 0, 0, 1, 1, 0, 0, 1, 1, 1, 0, 0, 0, 0]","[""fk"", ""wad"", ""the"", ""fk"", ""off""]",253,14,5,True,offensive,"[0, 0, 0, 1, 1, 0, 0, 1, 1, 1, 0, 0, 0, 0]","[""fk"", ""wad"", ""the"", ""fk"", ""off""]"
25356728_gab,test,if every white man who cares about the survival of our race killed as many niggers and kikes as they could before getting arrested or killed the problem would be solved in no time this is what they fear more than anything,"[""if"", ""every"", ""white"", ""man"", ""who"", ""cares"", ""about"", ""the"", ""survival"", ""of"", ""our"", ""race"", ""killed"", ""as"", ""many"", ""niggers"", ""and"", ""kikes"", ""as"", ""they"", ""could"", ""before"", ""getting"", ""arrested"", ""or"", ""killed"", ""the"", ""problem"", ""would"", ""be"", ""solved"", ""in"", ""no"", ""time"", ""this"", ""is"", ""what"", ""they"", ""fear"", ""more"", ""than"", ""anything""]",hatespeech,Caucasian,"[1, 1, 1, 1, 1, 1, 1, 1, 1, 1, 1, 1, 1, 1, 1, 1, 1, 1, 1, 1, 1, 1, 1, 1, 1, 1, 1, 1, 1, 1, 1, 1, 1, 1, 0, 0, 0, 0, 0, 0, 0, 0]","[""if"", ""every"", ""white"", ""man"", ""who"", ""cares"", ""about"", ""the"", ""survival"", ""of"", ""our"", ""race"", ""killed"", ""as"", ""many"", ""niggers"", ""and"", ""kikes"", ""as"", ""they"", ""could"", ""before"", ""getting"", ""arrested"", ""or"", ""killed"", ""the"", ""problem"", ""would"", ""be"", ""solved"", ""in"", ""no"", ""time""]",199,42,34,True,hatespeech,"[0, 0, 0, 0, 0, 0, 0, 0, 0, 0, 0, 0, 0, 0, 0, 1, 0, 1, 0, 0, 0, 0, 0, 0, 0, 0, 0, 0, 0, 0, 0, 0, 0, 0, 0, 0, 0, 0, 0, 0, 0, 0]","[""niggers"", ""kikes""]"
25460998_gab,train,u genetic jews will not b genociding white adults and our white babies for much longer that what i predict anyway u filthy kikes bruce kenneway,"[""u"", ""genetic"", ""jews"", ""will"", ""not"", ""b"", ""genociding"", ""white"", ""adults"", ""and"", ""our"", ""white"", ""babies"", ""for"", ""much"", ""longer"", ""that"", ""what"", ""i"", ""predict"", ""anyway"", ""u"", ""filthy"", ""kikes"", ""bruce"", ""kenneway""]",hatespeech,Caucasian,"[1, 1, 1, 1, 1, 1, 1, 1, 1, 1, 1, 1, 1, 1, 1, 1, 1, 1, 1, 1, 1, 1, 1, 1, 0, 0]","[""u"", ""genetic"", ""jews"", ""will"", ""not"", ""b"", ""genociding"", ""white"", ""adults"", ""and"", ""our"", ""white"", ""babies"", ""for"", ""much"", ""longer"", ""that"", ""what"", ""i"", ""predict"", ""anyway"", ""u"", ""filthy"", ""kikes""]",199,26,24,True,hatespeech,"[0, 0, 0, 0, 0, 0, 0, 0, 0, 0, 0, 0, 0, 0, 0, 0, 0, 0, 0, 0, 0, 0, 1, 1, 0, 0]","[""filthy"", ""kikes""]"
25524231_gab,val,if this soy trend continues women are going to need ai penises capable of producing sperm with aryan dna as much as mgtow men are wishing for ai wombs,"[""if"", ""this"", ""soy"", ""trend"", ""continues"", ""women"", ""are"", ""going"", ""to"", ""need"", ""ai"", ""penises"", ""capable"", ""of"", ""producing"", ""sperm"", ""with"", ""aryan"", ""dna"", ""as"", ""much"", ""as"", ""mgtow"", ""men"", ""are"", ""wishing"", ""for"", ""ai"", ""wombs""]",normal,Caucasian,"[0, 0, 0, 0, 0, 1, 1, 1, 1, 1, 1, 1, 1, 1, 1, 1, 1, 1, 1, 0, 0, 0, 1, 1, 0, 0, 0, 0, 0]","[""women"", ""are"", ""going"", ""to"", ""need"", ""ai"", ""penises"", ""capable"", ""of"", ""producing"", ""sperm"", ""with"", ""aryan"", ""dna"", ""mgtow"", ""men""]",241,29,16,True,hatespeech,"[0, 0, 0, 0, 0, 1, 1, 1, 1, 1, 1, 1, 1, 1, 1, 1, 1, 1, 1, 0, 0, 0, 1, 1, 0, 0, 0, 0, 0]","[""women"", ""are"", ""going"", ""to"", ""need"", ""ai"", ""penises"", ""capable"", ""of"", ""producing"", ""sperm"", ""with"", ""aryan"", ""dna"", ""mgtow"", ""men""]"
25593863_gab,train,you do not live in america nazi faggot but you vote the young nazi boy faggot parties tho,"[""you"", ""do"", ""not"", ""live"", ""in"", ""america"", ""nazi"", ""faggot"", ""but"", ""you"", ""vote"", ""the"", ""young"", ""nazi"", ""boy"", ""faggot"", ""parties"", ""tho""]",offensive,Caucasian,"[1, 1, 1, 1, 1, 1, 1, 1, 1, 1, 1, 1, 1, 1, 1, 1, 1, 1]","[""you"", ""do"", ""not"", ""live"", ""in"", ""america"", ""nazi"", ""faggot"", ""but"", ""you"", ""vote"", ""the"", ""young"", ""nazi"", ""boy"", ""faggot"", ""parties"", ""tho""]",207,18,18,True,offensive,"[0, 0, 0, 0, 0, 0, 1, 1, 0, 0, 0, 0, 1, 1, 1, 1, 1, 0]","[""nazi"", ""faggot"", ""young"", ""nazi"", ""boy"", ""faggot"", ""parties""]"
25598833_gab,train,i am much higher time preference on this issue i do not want to pave a road i want to remove the jews from power to stop this deconstructionist anti white morass of misery they have forced on our communities,"[""i"", ""am"", ""much"", ""higher"", ""time"", ""preference"", ""on"", ""this"", ""issue"", ""i"", ""do"", ""not"", ""want"", ""to"", ""pave"", ""a"", ""road"", ""i"", ""want"", ""to"", ""remove"", ""the"", ""jews"", ""from"", ""power"", ""to"", ""stop"", ""this"", ""deconstructionist"", ""anti"", ""white"", ""morass"", ""of"", ""misery"", ""they"", ""have"", ""forced"", ""on"", ""our"", ""communities""]",hatespeech,Caucasian,"[0, 0, 0, 0, 0, 0, 0, 0, 0, 0, 0, 0, 0, 0, 0, 0, 0, 1, 1, 1, 1, 1, 1, 1, 1, 1, 1, 1, 1, 1, 1, 1, 1, 1, 1, 1, 1, 1, 1, 1]","[""i"", ""want"", ""to"", ""remove"", ""the"", ""jews"", ""from"", ""power"", ""to"", ""stop"", ""this"", ""deconstructionist"", ""anti"", ""white"", ""morass"", ""of"", ""misery"", ""they"", ""have"", ""forced"", ""on"", ""our"", ""communities""]",250,40,23,True,hatespeech,"[0, 0, 0, 0, 0, 0, 0, 0, 0, 0, 0, 0, 0, 0, 0, 0, 0, 1, 1, 1, 1, 1, 1, 1, 1, 1, 1, 1, 1, 1, 1, 1, 1, 1, 1, 1, 1, 1, 1, 1]","[""i"", ""want"", ""to"", ""remove"", ""the"", ""jews"", ""from"", ""power"", ""to"", ""stop"", ""this"", ""deconstructionist"", ""anti"", ""white"", ""morass"", ""of"", ""misery"", ""they"", ""have"", ""forced"", ""on"", ""our"", ""communities""]"
25777407_gab,train,degenerate jews hate white people jews,"[""degenerate"", ""jews"", ""hate"", ""white"", ""people"", ""jews""]",hatespeech,Caucasian,"[1, 1, 1, 1, 1, 1]","[""degenerate"", ""jews"", ""hate"", ""white"", ""people"", ""jews""]",248,6,6,True,hatespeech,"[1, 1, 0, 0, 0, 0]","[""degenerate"", ""jews""]"
25802611_gab,train,new campaign idea go to starbucks with the name caracka pronounce kare acka just to be safe raise hell on social media when the ghetto linguistics call it cracka out of instinct,"[""new"", ""campaign"", ""idea"", ""go"", ""to"", ""starbucks"", ""with"", ""the"", ""name"", ""caracka"", ""pronounce"", ""kare"", ""acka"", ""just"", ""to"", ""be"", ""safe"", ""raise"", ""hell"", ""on"", ""social"", ""media"", ""when"", ""the"", ""ghetto"", ""linguistics"", ""call"", ""it"", ""cracka"", ""out"", ""of"", ""instinct""]",offensive,Caucasian,"[0, 0, 0, 0, 0, 0, 0, 0, 0, 0, 0, 0, 0, 0, 0, 0, 0, 1, 1, 1, 1, 1, 1, 1, 1, 1, 1, 1, 1, 1, 1, 1]","[""raise"", ""hell"", ""on"", ""social"", ""media"", ""when"", ""the"", ""ghetto"", ""linguistics"", ""call"", ""it"", ""cracka"", ""out"", ""of"", ""instinct""]",202,32,15,True,offensive,"[0, 0, 0, 0, 0, 0, 0, 0, 0, 0, 0, 0, 0, 0, 0, 0, 0, 1, 1, 1, 1, 1, 1, 1, 1, 1, 1, 1, 1, 1, 1, 1]","[""raise"", ""hell"", ""on"", ""social"", ""media"", ""when"", ""the"", ""ghetto"", ""linguistics"", ""call"", ""it"", ""cracka"", ""out"", ""of"", ""instinct""]"
25810769_gab,train,whites and asians breeding with blacks is dysgenic take a look at brazil,"[""whites"", ""and"", ""asians"", ""breeding"", ""with"", ""blacks"", ""is"", ""dysgenic"", ""take"", ""a"", ""look"", ""at"", ""brazil""]",hatespeech,Caucasian,"[1, 1, 1, 1, 1, 1, 1, 1, 1, 1, 1, 1, 1]","[""whites"", ""and"", ""asians"", ""breeding"", ""with"", ""blacks"", ""is"", ""dysgenic"", ""take"", ""a"", ""look"", ""at"", ""brazil""]",199,13,13,True,hatespeech,"[1, 1, 1, 1, 1, 1, 1, 1, 0, 0, 0, 0, 0]","[""whites"", ""and"", ""asians"", ""breeding"", ""with"", ""blacks"", ""is"", ""dysgenic""]"
25987092_gab,train,and the lesson is that the only just king of the white race is christ the only path to a white nation is his coming kingdom,"[""and"", ""the"", ""lesson"", ""is"", ""that"", ""the"", ""only"", ""just"", ""king"", ""of"", ""the"", ""white"", ""race"", ""is"", ""christ"", ""the"", ""only"", ""path"", ""to"", ""a"", ""white"", ""nation"", ""is"", ""his"", ""coming"", ""kingdom""]",offensive,Caucasian,"[0, 0, 0, 0, 0, 1, 1, 1, 1, 1, 1, 1, 1, 1, 1, 0, 0, 0, 0, 0, 0, 0, 0, 0, 0, 0]","[""the"", ""only"", ""just"", ""king"", ""of"", ""the"", ""white"", ""race"", ""is"", ""christ""]",217,26,10,True,offensive,"[0, 0, 0, 0, 0, 1, 1, 1, 1, 1, 1, 1, 1, 1, 1, 0, 0, 0, 0, 0, 0, 0, 0, 0, 0, 0]","[""the"", ""only"", ""just"", ""king"", ""of"", ""the"", ""white"", ""race"", ""is"", ""christ""]"
25987092_gab,train,and the lesson is that the only just king of the white race is christ the only path to a white nation is his coming kingdom,"[""and"", ""the"", ""lesson"", ""is"", ""that"", ""the"", ""only"", ""just"", ""king"", ""of"", ""the"", ""white"", ""race"", ""is"", ""christ"", ""the"", ""only"", ""path"", ""to"", ""a"", ""white"", ""nation"", ""is"", ""his"", ""coming"", ""kingdom""]",offensive,Caucasian,"[1, 1, 1, 1, 1, 1, 1, 1, 1, 1, 1, 1, 1, 1, 1, 1, 1, 1, 1, 1, 1, 1, 1, 1, 1, 1]","[""and"", ""the"", ""lesson"", ""is"", ""that"", ""the"", ""only"", ""just"", ""king"", ""of"", ""the"", ""white"", ""race"", ""is"", ""christ"", ""the"", ""only"", ""path"", ""to"", ""a"", ""white"", ""nation"", ""is"", ""his"", ""coming"", ""kingdom""]",199,26,26,True,offensive,"[0, 0, 0, 0, 0, 1, 1, 1, 1, 1, 1, 1, 1, 1, 1, 0, 0, 0, 0, 0, 0, 0, 0, 0, 0, 0]","[""the"", ""only"", ""just"", ""king"", ""of"", ""the"", ""white"", ""race"", ""is"", ""christ""]"
25992953_gab,train,diversity means chasing down the last white person,"[""diversity"", ""means"", ""chasing"", ""down"", ""the"", ""last"", ""white"", ""person""]",normal,Caucasian,"[1, 1, 1, 1, 1, 1, 1, 1]","[""diversity"", ""means"", ""chasing"", ""down"", ""the"", ""last"", ""white"", ""person""]",200,8,8,True,offensive,"[1, 1, 1, 1, 1, 1, 1, 1]","[""diversity"", ""means"", ""chasing"", ""down"", ""the"", ""last"", ""white"", ""person""]"
26084648_gab,train,i have been stoned and drunk enough to call white cops niggers but i have never been drunk enough to fuck a nigger,"[""i"", ""have"", ""been"", ""stoned"", ""and"", ""drunk"", ""enough"", ""to"", ""call"", ""white"", ""cops"", ""niggers"", ""but"", ""i"", ""have"", ""never"", ""been"", ""drunk"", ""enough"", ""to"", ""fuck"", ""a"", ""nigger""]",hatespeech,Caucasian,"[0, 0, 0, 0, 0, 0, 0, 0, 0, 0, 0, 1, 0, 0, 0, 0, 0, 0, 0, 0, 1, 1, 1]","[""niggers"", ""fuck"", ""a"", ""nigger""]",199,23,4,True,hatespeech,"[0, 0, 0, 0, 0, 0, 0, 0, 0, 0, 0, 1, 0, 0, 0, 0, 0, 0, 0, 0, 0, 0, 1]","[""niggers"", ""nigger""]"
26130297_gab,train,so you nazi faggots muslims vs israel the west good luck with that,"[""so"", ""you"", ""nazi"", ""faggots"", ""muslims"", ""vs"", ""israel"", ""the"", ""west"", ""good"", ""luck"", ""with"", ""that""]",hatespeech,Caucasian,"[0, 0, 1, 1, 0, 0, 0, 0, 0, 0, 0, 0, 0]","[""nazi"", ""faggots""]",223,13,2,True,offensive,"[0, 0, 1, 1, 0, 0, 0, 0, 0, 0, 0, 0, 0]","[""nazi"", ""faggots""]"
2622736_gab,train,i thought rachel dolezal was a sexy and thick light skinned bitch and so i gave her a pass that my sin i am not tryna cast shade on women who are not black,"[""i"", ""thought"", ""rachel"", ""dolezal"", ""was"", ""a"", ""sexy"", ""and"", ""thick"", ""light"", ""skinned"", ""bitch"", ""and"", ""so"", ""i"", ""gave"", ""her"", ""a"", ""pass"", ""that"", ""my"", ""sin"", ""i"", ""am"", ""not"", ""tryna"", ""cast"", ""shade"", ""on"", ""women"", ""who"", ""are"", ""not"", ""black""]",offensive,Caucasian,"[0, 0, 0, 0, 0, 0, 1, 1, 1, 1, 1, 1, 0, 0, 0, 0, 0, 0, 0, 0, 0, 0, 0, 0, 0, 0, 0, 0, 0, 0, 1, 1, 1, 1]","[""sexy"", ""and"", ""thick"", ""light"", ""skinned"", ""bitch"", ""who"", ""are"", ""not"", ""black""]",223,34,10,True,offensive,"[0, 0, 0, 0, 0, 0, 0, 0, 0, 0, 0, 1, 0, 0, 0, 0, 0, 0, 0, 0, 0, 0, 0, 0, 0, 0, 0, 0, 0, 0, 0, 0, 0, 0]","[""bitch""]"
26289462_gab,val,abortions for niggers jews arabs spics gooks should not be a right it should be a law white women should never have an abortion because it takes up valuable resources for people of colour if you are a white women and you have an abortion you should be labeled a racist <user> ‍,"[""abortions"", ""for"", ""niggers"", ""jews"", ""arabs"", ""spics"", ""gooks"", ""should"", ""not"", ""be"", ""a"", ""right"", ""it"", ""should"", ""be"", ""a"", ""law"", ""white"", ""women"", ""should"", ""never"", ""have"", ""an"", ""abortion"", ""because"", ""it"", ""takes"", ""up"", ""valuable"", ""resources"", ""for"", ""people"", ""of"", ""colour"", ""if"", ""you"", ""are"", ""a"", ""white"", ""women"", ""and"", ""you"", ""have"", ""an"", ""abortion"", ""you"", ""should"", ""be"", ""labeled"", ""a"", ""racist"", ""<user>"", ""\u200d""]",hatespeech,Caucasian,"[1, 1, 1, 1, 1, 1, 1, 0, 0, 0, 0, 0, 0, 0, 0, 0, 0, 0, 0, 0, 0, 0, 0, 0, 0, 0, 0, 0, 0, 0, 0, 0, 0, 0, 0, 0, 0, 0, 0, 0, 0, 0, 0, 0, 0, 0, 0, 0, 0, 0, 0, 0, 0]","[""abortions"", ""for"", ""niggers"", ""jews"", ""arabs"", ""spics"", ""gooks""]",218,53,7,True,hatespeech,"[1, 1, 1, 1, 1, 1, 1, 0, 0, 0, 0, 0, 0, 0, 0, 0, 0, 0, 0, 0, 0, 0, 0, 0, 0, 0, 0, 0, 0, 0, 0, 0, 0, 0, 0, 0, 0, 0, 0, 0, 0, 0, 0, 0, 0, 0, 0, 0, 0, 0, 0, 0, 0]","[""abortions"", ""for"", ""niggers"", ""jews"", ""arabs"", ""spics"", ""gooks""]"
26297406_gab,train,i support aborting shitskin babies and not white babies,"[""i"", ""support"", ""aborting"", ""shitskin"", ""babies"", ""and"", ""not"", ""white"", ""babies""]",hatespeech,Caucasian,"[0, 0, 1, 1, 1, 1, 1, 1, 1]","[""aborting"", ""shitskin"", ""babies"", ""and"", ""not"", ""white"", ""babies""]",203,9,7,True,hatespeech,"[0, 0, 1, 1, 1, 1, 1, 1, 1]","[""aborting"", ""shitskin"", ""babies"", ""and"", ""not"", ""white"", ""babies""]"
26350830_gab,train,memorial day remember why we fought so white women can serve black men who then crap out the food later dmtbka,"[""memorial"", ""day"", ""remember"", ""why"", ""we"", ""fought"", ""so"", ""white"", ""women"", ""can"", ""serve"", ""black"", ""men"", ""who"", ""then"", ""crap"", ""out"", ""the"", ""food"", ""later"", ""dmtbka""]",hatespeech,Caucasian,"[1, 1, 1, 1, 1, 1, 1, 1, 1, 1, 1, 1, 1, 1, 1, 1, 1, 1, 1, 1, 0]","[""memorial"", ""day"", ""remember"", ""why"", ""we"", ""fought"", ""so"", ""white"", ""women"", ""can"", ""serve"", ""black"", ""men"", ""who"", ""then"", ""crap"", ""out"", ""the"", ""food"", ""later""]",216,21,20,True,offensive,"[0, 0, 0, 0, 0, 0, 0, 1, 1, 1, 1, 1, 1, 0, 0, 0, 0, 0, 0, 0, 0]","[""white"", ""women"", ""can"", ""serve"", ""black"", ""men""]"
26425867_gab,train,long story short whites are dying out because jews convinced us to kill ourselves to atone for the holocaust,"[""long"", ""story"", ""short"", ""whites"", ""are"", ""dying"", ""out"", ""because"", ""jews"", ""convinced"", ""us"", ""to"", ""kill"", ""ourselves"", ""to"", ""atone"", ""for"", ""the"", ""holocaust""]",hatespeech,Caucasian,"[0, 0, 0, 1, 1, 1, 1, 1, 1, 1, 1, 1, 1, 1, 1, 1, 1, 1, 1]","[""whites"", ""are"", ""dying"", ""out"", ""because"", ""jews"", ""convinced"", ""us"", ""to"", ""kill"", ""ourselves"", ""to"", ""atone"", ""for"", ""the"", ""holocaust""]",203,19,16,True,hatespeech,"[0, 0, 0, 0, 0, 0, 0, 0, 1, 0, 0, 0, 0, 0, 0, 1, 1, 1, 1]","[""jews"", ""atone"", ""for"", ""the"", ""holocaust""]"
26426645_gab,train,white trailer trash lol how many baby mommas does he have and he has what a <number> year old son and a <number> year old yeah ghetto trash,"[""white"", ""trailer"", ""trash"", ""lol"", ""how"", ""many"", ""baby"", ""mommas"", ""does"", ""he"", ""have"", ""and"", ""he"", ""has"", ""what"", ""a"", ""<number>"", ""year"", ""old"", ""son"", ""and"", ""a"", ""<number>"", ""year"", ""old"", ""yeah"", ""ghetto"", ""trash""]",offensive,Caucasian,"[1, 1, 1, 1, 1, 1, 1, 1, 1, 1, 1, 0, 0, 0, 0, 0, 0, 0, 0, 0, 0, 0, 0, 0, 0, 0, 1, 1]","[""white"", ""trailer"", ""trash"", ""lol"", ""how"", ""many"", ""baby"", ""mommas"", ""does"", ""he"", ""have"", ""ghetto"", ""trash""]",203,28,13,True,offensive,"[1, 1, 1, 1, 0, 0, 0, 0, 0, 0, 0, 0, 0, 0, 0, 0, 0, 0, 0, 0, 0, 0, 0, 0, 0, 0, 1, 1]","[""white"", ""trailer"", ""trash"", ""lol"", ""ghetto"", ""trash""]"
26426645_gab,train,white trailer trash lol how many baby mommas does he have and he has what a <number> year old son and a <number> year old yeah ghetto trash,"[""white"", ""trailer"", ""trash"", ""lol"", ""how"", ""many"", ""baby"", ""mommas"", ""does"", ""he"", ""have"", ""and"", ""he"", ""has"", ""what"", ""a"", ""<number>"", ""year"", ""old"", ""son"", ""and"", ""a"", ""<number>"", ""year"", ""old"", ""yeah"", ""ghetto"", ""trash""]",offensive,Caucasian,"[1, 1, 1, 1, 0, 0, 0, 0, 0, 0, 0, 0, 0, 0, 0, 0, 0, 0, 0, 0, 0, 0, 0, 0, 0, 0, 1, 1]","[""white"", ""trailer"", ""trash"", ""lol"", ""ghetto"", ""trash""]",207,28,6,True,offensive,"[1, 1, 1, 1, 0, 0, 0, 0, 0, 0, 0, 0, 0, 0, 0, 0, 0, 0, 0, 0, 0, 0, 0, 0, 0, 0, 1, 1]","[""white"", ""trailer"", ""trash"", ""lol"", ""ghetto"", ""trash""]"
26500434_gab,val,traddad realizing that white women are corrupted is important knowing they are the only route to a white population is the next step figuring out how to un whore them and rebuild patriarchy is the result of these realizations if you are not considering this you are too nihilist for our movement,"[""traddad"", ""realizing"", ""that"", ""white"", ""women"", ""are"", ""corrupted"", ""is"", ""important"", ""knowing"", ""they"", ""are"", ""the"", ""only"", ""route"", ""to"", ""a"", ""white"", ""population"", ""is"", ""the"", ""next"", ""step"", ""figuring"", ""out"", ""how"", ""to"", ""un"", ""whore"", ""them"", ""and"", ""rebuild"", ""patriarchy"", ""is"", ""the"", ""result"", ""of"", ""these"", ""realizations"", ""if"", ""you"", ""are"", ""not"", ""considering"", ""this"", ""you"", ""are"", ""too"", ""nihilist"", ""for"", ""our"", ""movement""]",hatespeech,Caucasian,"[1, 1, 1, 1, 1, 1, 1, 1, 1, 0, 0, 0, 0, 0, 0, 0, 0, 0, 0, 0, 0, 0, 0, 1, 1, 1, 1, 1, 1, 1, 1, 1, 1, 1, 1, 1, 1, 1, 1, 1, 1, 1, 1, 1, 1, 1, 1, 1, 1, 1, 1, 1]","[""traddad"", ""realizing"", ""that"", ""white"", ""women"", ""are"", ""corrupted"", ""is"", ""important"", ""figuring"", ""out"", ""how"", ""to"", ""un"", ""whore"", ""them"", ""and"", ""rebuild"", ""patriarchy"", ""is"", ""the"", ""result"", ""of"", ""these"", ""realizations"", ""if"", ""you"", ""are"", ""not"", ""considering"", ""this"", ""you"", ""are"", ""too"", ""nihilist"", ""for"", ""our"", ""movement""]",200,52,38,True,hatespeech,"[0, 1, 1, 1, 1, 1, 1, 1, 1, 0, 0, 0, 0, 0, 0, 0, 0, 0, 0, 0, 0, 0, 0, 1, 1, 1, 1, 1, 1, 1, 1, 1, 1, 1, 1, 1, 1, 1, 1, 0, 0, 0, 0, 0, 0, 0, 0, 0, 0, 0, 0, 0]","[""realizing"", ""that"", ""white"", ""women"", ""are"", ""corrupted"", ""is"", ""important"", ""figuring"", ""out"", ""how"", ""to"", ""un"", ""whore"", ""them"", ""and"", ""rebuild"", ""patriarchy"", ""is"", ""the"", ""result"", ""of"", ""these"", ""realizations""]"
26597980_gab,val,did you know i argued with a nazi for a good long who argued that hot idf female soldiers are actually ukrainian models he provided absolutely no proof when pressured even reveled in the fact that he was full of shit,"[""did"", ""you"", ""know"", ""i"", ""argued"", ""with"", ""a"", ""nazi"", ""for"", ""a"", ""good"", ""long"", ""who"", ""argued"", ""that"", ""hot"", ""idf"", ""female"", ""soldiers"", ""are"", ""actually"", ""ukrainian"", ""models"", ""he"", ""provided"", ""absolutely"", ""no"", ""proof"", ""when"", ""pressured"", ""even"", ""reveled"", ""in"", ""the"", ""fact"", ""that"", ""he"", ""was"", ""full"", ""of"", ""shit""]",offensive,Caucasian,"[0, 0, 0, 0, 0, 0, 0, 1, 0, 0, 0, 0, 0, 0, 0, 0, 0, 0, 0, 0, 0, 0, 0, 0, 0, 0, 0, 0, 0, 0, 0, 0, 0, 0, 0, 0, 0, 0, 0, 0, 0]","[""nazi""]",206,41,1,True,offensive,"[0, 0, 0, 0, 0, 0, 0, 1, 0, 0, 0, 0, 0, 0, 0, 0, 0, 0, 0, 0, 0, 0, 0, 0, 0, 0, 0, 0, 0, 0, 0, 0, 0, 0, 0, 0, 0, 0, 0, 0, 0]","[""nazi""]"
26848262_gab,train,when did anyone say pansexual was a gender lmfao you stupid fucking moron learn what the fuck you are talking about before coming to my mentions again you uneducated nazi cunt,"[""when"", ""did"", ""anyone"", ""say"", ""pansexual"", ""was"", ""a"", ""gender"", ""lmfao"", ""you"", ""stupid"", ""fucking"", ""moron"", ""learn"", ""what"", ""the"", ""fuck"", ""you"", ""are"", ""talking"", ""about"", ""before"", ""coming"", ""to"", ""my"", ""mentions"", ""again"", ""you"", ""uneducated"", ""nazi"", ""cunt""]",offensive,Caucasian,"[0, 0, 0, 0, 1, 1, 1, 1, 0, 0, 1, 1, 1, 1, 0, 0, 0, 0, 0, 0, 0, 0, 0, 0, 0, 0, 0, 0, 1, 1, 1]","[""pansexual"", ""was"", ""a"", ""gender"", ""stupid"", ""fucking"", ""moron"", ""learn"", ""uneducated"", ""nazi"", ""cunt""]",204,31,11,True,offensive,"[0, 0, 0, 0, 0, 0, 0, 0, 0, 0, 1, 1, 1, 0, 0, 0, 0, 0, 0, 0, 0, 0, 0, 0, 0, 0, 0, 0, 1, 1, 1]","[""stupid"", ""fucking"", ""moron"", ""uneducated"", ""nazi"", ""cunt""]"
26860294_gab,train,daily reminder that i hate niggers jews moslems but what i hate more than anything else are anti white white people,"[""daily"", ""reminder"", ""that"", ""i"", ""hate"", ""niggers"", ""jews"", ""moslems"", ""but"", ""what"", ""i"", ""hate"", ""more"", ""than"", ""anything"", ""else"", ""are"", ""anti"", ""white"", ""white"", ""people""]",hatespeech,Caucasian,"[0, 0, 0, 1, 1, 1, 1, 1, 1, 1, 1, 0, 0, 0, 0, 0, 0, 1, 1, 1, 1]","[""i"", ""hate"", ""niggers"", ""jews"", ""moslems"", ""but"", ""what"", ""i"", ""anti"", ""white"", ""white"", ""people""]",221,21,12,True,hatespeech,"[0, 0, 0, 0, 0, 1, 1, 1, 0, 0, 0, 0, 0, 0, 0, 0, 0, 0, 0, 0, 0]","[""niggers"", ""jews"", ""moslems""]"
26860294_gab,train,daily reminder that i hate niggers jews moslems but what i hate more than anything else are anti white white people,"[""daily"", ""reminder"", ""that"", ""i"", ""hate"", ""niggers"", ""jews"", ""moslems"", ""but"", ""what"", ""i"", ""hate"", ""more"", ""than"", ""anything"", ""else"", ""are"", ""anti"", ""white"", ""white"", ""people""]",hatespeech,Caucasian,"[0, 0, 0, 0, 0, 1, 1, 1, 0, 0, 0, 0, 0, 0, 0, 0, 0, 0, 0, 0, 0]","[""niggers"", ""jews"", ""moslems""]",212,21,3,True,hatespeech,"[0, 0, 0, 0, 0, 1, 1, 1, 0, 0, 0, 0, 0, 0, 0, 0, 0, 0, 0, 0, 0]","[""niggers"", ""jews"", ""moslems""]"
26940714_gab,train,the white men cant keep their pants up they are screwing the blacks asians hispanics jews dont guide your sex dealings,"[""the"", ""white"", ""men"", ""cant"", ""keep"", ""their"", ""pants"", ""up"", ""they"", ""are"", ""screwing"", ""the"", ""blacks"", ""asians"", ""hispanics"", ""jews"", ""dont"", ""guide"", ""your"", ""sex"", ""dealings""]",offensive,Caucasian,"[0, 0, 0, 0, 0, 0, 0, 0, 0, 0, 1, 1, 1, 1, 1, 1, 1, 1, 1, 1, 1]","[""screwing"", ""the"", ""blacks"", ""asians"", ""hispanics"", ""jews"", ""dont"", ""guide"", ""your"", ""sex"", ""dealings""]",221,21,11,True,offensive,"[0, 0, 0, 0, 0, 0, 0, 0, 0, 0, 1, 1, 1, 1, 1, 1, 1, 1, 1, 1, 1]","[""screwing"", ""the"", ""blacks"", ""asians"", ""hispanics"", ""jews"", ""dont"", ""guide"", ""your"", ""sex"", ""dealings""]"
26940714_gab,train,the white men cant keep their pants up they are screwing the blacks asians hispanics jews dont guide your sex dealings,"[""the"", ""white"", ""men"", ""cant"", ""keep"", ""their"", ""pants"", ""up"", ""they"", ""are"", ""screwing"", ""the"", ""blacks"", ""asians"", ""hispanics"", ""jews"", ""dont"", ""guide"", ""your"", ""sex"", ""dealings""]",offensive,Caucasian,"[1, 1, 1, 1, 1, 1, 1, 1, 1, 1, 1, 1, 1, 1, 1, 1, 1, 1, 1, 1, 1]","[""the"", ""white"", ""men"", ""cant"", ""keep"", ""their"", ""pants"", ""up"", ""they"", ""are"", ""screwing"", ""the"", ""blacks"", ""asians"", ""hispanics"", ""jews"", ""dont"", ""guide"", ""your"", ""sex"", ""dealings""]",203,21,21,True,offensive,"[0, 0, 0, 0, 0, 0, 0, 0, 0, 0, 1, 1, 1, 1, 1, 1, 1, 1, 1, 1, 1]","[""screwing"", ""the"", ""blacks"", ""asians"", ""hispanics"", ""jews"", ""dont"", ""guide"", ""your"", ""sex"", ""dealings""]"
26954318_gab,train,idk gpaw if we have to suffer the presence of shitskins i d much rather they were raised by a bunch of faggots than by the animals that birthed them or god forbid these disgusting white christian cucks ya know,"[""idk"", ""gpaw"", ""if"", ""we"", ""have"", ""to"", ""suffer"", ""the"", ""presence"", ""of"", ""shitskins"", ""i"", ""d"", ""much"", ""rather"", ""they"", ""were"", ""raised"", ""by"", ""a"", ""bunch"", ""of"", ""faggots"", ""than"", ""by"", ""the"", ""animals"", ""that"", ""birthed"", ""them"", ""or"", ""god"", ""forbid"", ""these"", ""disgusting"", ""white"", ""christian"", ""cucks"", ""ya"", ""know""]",offensive,Caucasian,"[0, 0, 0, 0, 0, 0, 0, 0, 0, 0, 1, 0, 0, 0, 0, 0, 0, 0, 0, 0, 1, 1, 1, 0, 0, 0, 0, 0, 0, 0, 0, 0, 0, 0, 0, 1, 1, 1, 0, 0]","[""shitskins"", ""bunch"", ""of"", ""faggots"", ""white"", ""christian"", ""cucks""]",207,40,7,True,hatespeech,"[0, 0, 0, 0, 0, 0, 0, 0, 0, 0, 1, 0, 0, 0, 0, 0, 0, 0, 0, 0, 1, 1, 1, 0, 0, 0, 0, 0, 0, 0, 0, 0, 0, 0, 0, 1, 1, 1, 0, 0]","[""shitskins"", ""bunch"", ""of"", ""faggots"", ""white"", ""christian"", ""cucks""]"
26954318_gab,train,idk gpaw if we have to suffer the presence of shitskins i d much rather they were raised by a bunch of faggots than by the animals that birthed them or god forbid these disgusting white christian cucks ya know,"[""idk"", ""gpaw"", ""if"", ""we"", ""have"", ""to"", ""suffer"", ""the"", ""presence"", ""of"", ""shitskins"", ""i"", ""d"", ""much"", ""rather"", ""they"", ""were"", ""raised"", ""by"", ""a"", ""bunch"", ""of"", ""faggots"", ""than"", ""by"", ""the"", ""animals"", ""that"", ""birthed"", ""them"", ""or"", ""god"", ""forbid"", ""these"", ""disgusting"", ""white"", ""christian"", ""cucks"", ""ya"", ""know""]",hatespeech,Caucasian,"[1, 1, 1, 1, 1, 1, 1, 1, 1, 1, 1, 1, 1, 1, 1, 1, 1, 1, 1, 1, 1, 1, 1, 1, 1, 1, 1, 1, 1, 1, 1, 1, 1, 1, 1, 1, 1, 1, 0, 0]","[""idk"", ""gpaw"", ""if"", ""we"", ""have"", ""to"", ""suffer"", ""the"", ""presence"", ""of"", ""shitskins"", ""i"", ""d"", ""much"", ""rather"", ""they"", ""were"", ""raised"", ""by"", ""a"", ""bunch"", ""of"", ""faggots"", ""than"", ""by"", ""the"", ""animals"", ""that"", ""birthed"", ""them"", ""or"", ""god"", ""forbid"", ""these"", ""disgusting"", ""white"", ""christian"", ""cucks""]",204,40,38,True,hatespeech,"[0, 0, 0, 0, 0, 0, 0, 0, 0, 0, 1, 0, 0, 0, 0, 0, 0, 0, 0, 0, 1, 1, 1, 0, 0, 0, 0, 0, 0, 0, 0, 0, 0, 0, 0, 1, 1, 1, 0, 0]","[""shitskins"", ""bunch"", ""of"", ""faggots"", ""white"", ""christian"", ""cucks""]"
26967982_gab,train,poc being featured in kids toys and books alongside white people why i have never seen a clearer picture of white people being left behind and forced into such terrible circumstances what will we ever do p,"[""poc"", ""being"", ""featured"", ""in"", ""kids"", ""toys"", ""and"", ""books"", ""alongside"", ""white"", ""people"", ""why"", ""i"", ""have"", ""never"", ""seen"", ""a"", ""clearer"", ""picture"", ""of"", ""white"", ""people"", ""being"", ""left"", ""behind"", ""and"", ""forced"", ""into"", ""such"", ""terrible"", ""circumstances"", ""what"", ""will"", ""we"", ""ever"", ""do"", ""p""]",normal,Caucasian,"[1, 1, 1, 1, 1, 1, 1, 1, 0, 0, 0, 0, 0, 0, 0, 0, 0, 0, 0, 0, 1, 1, 1, 1, 1, 0, 0, 0, 0, 0, 0, 0, 0, 0, 0, 0, 0]","[""poc"", ""being"", ""featured"", ""in"", ""kids"", ""toys"", ""and"", ""books"", ""white"", ""people"", ""being"", ""left"", ""behind""]",232,37,13,True,offensive,"[1, 1, 1, 1, 1, 1, 1, 1, 0, 0, 0, 0, 0, 0, 0, 0, 0, 0, 0, 0, 1, 1, 1, 1, 1, 0, 0, 0, 0, 0, 0, 0, 0, 0, 0, 0, 0]","[""poc"", ""being"", ""featured"", ""in"", ""kids"", ""toys"", ""and"", ""books"", ""white"", ""people"", ""being"", ""left"", ""behind""]"
26967982_gab,train,poc being featured in kids toys and books alongside white people why i have never seen a clearer picture of white people being left behind and forced into such terrible circumstances what will we ever do p,"[""poc"", ""being"", ""featured"", ""in"", ""kids"", ""toys"", ""and"", ""books"", ""alongside"", ""white"", ""people"", ""why"", ""i"", ""have"", ""never"", ""seen"", ""a"", ""clearer"", ""picture"", ""of"", ""white"", ""people"", ""being"", ""left"", ""behind"", ""and"", ""forced"", ""into"", ""such"", ""terrible"", ""circumstances"", ""what"", ""will"", ""we"", ""ever"", ""do"", ""p""]",offensive,Caucasian,"[1, 1, 1, 1, 1, 1, 1, 1, 1, 1, 1, 1, 1, 1, 1, 1, 1, 1, 1, 1, 1, 1, 1, 1, 1, 1, 1, 1, 1, 1, 1, 1, 1, 1, 1, 1, 0]","[""poc"", ""being"", ""featured"", ""in"", ""kids"", ""toys"", ""and"", ""books"", ""alongside"", ""white"", ""people"", ""why"", ""i"", ""have"", ""never"", ""seen"", ""a"", ""clearer"", ""picture"", ""of"", ""white"", ""people"", ""being"", ""left"", ""behind"", ""and"", ""forced"", ""into"", ""such"", ""terrible"", ""circumstances"", ""what"", ""will"", ""we"", ""ever"", ""do""]",203,37,36,True,offensive,"[1, 1, 1, 1, 1, 1, 1, 1, 0, 0, 0, 0, 0, 0, 0, 0, 0, 0, 0, 0, 1, 1, 1, 1, 1, 0, 0, 0, 0, 0, 0, 0, 0, 0, 0, 0, 0]","[""poc"", ""being"", ""featured"", ""in"", ""kids"", ""toys"", ""and"", ""books"", ""white"", ""people"", ""being"", ""left"", ""behind""]"
27063457_gab,train,my mum watches emmerdale current storyline yorkshire woman raped as a girl kept captive and used as a prostitute you know yorkshire ie rotherham leeds etc the perp in this show a white copper fascistleftlies islam muslimpaedophiles,"[""my"", ""mum"", ""watches"", ""emmerdale"", ""current"", ""storyline"", ""yorkshire"", ""woman"", ""raped"", ""as"", ""a"", ""girl"", ""kept"", ""captive"", ""and"", ""used"", ""as"", ""a"", ""prostitute"", ""you"", ""know"", ""yorkshire"", ""ie"", ""rotherham"", ""leeds"", ""etc"", ""the"", ""perp"", ""in"", ""this"", ""show"", ""a"", ""white"", ""copper"", ""fascistleftlies"", ""islam"", ""muslimpaedophiles""]",hatespeech,Caucasian,"[0, 0, 0, 0, 0, 0, 0, 1, 1, 1, 1, 1, 0, 0, 0, 0, 0, 0, 0, 0, 0, 0, 0, 0, 0, 0, 0, 0, 0, 0, 0, 0, 0, 0, 0, 0, 0]","[""woman"", ""raped"", ""as"", ""a"", ""girl""]",199,37,5,True,hatespeech,"[0, 0, 0, 0, 0, 0, 0, 0, 0, 0, 0, 0, 0, 0, 0, 0, 0, 0, 0, 0, 0, 0, 0, 0, 0, 0, 0, 0, 0, 0, 0, 0, 0, 0, 0, 0, 0]",[]
27103156_gab,train,u really think i a going t waste my time on this antisemitic trope mein little nazi u lost get over it arablies i am an expert on nazilies and their mental affliction srael rising why not have a day of rage like the arabs do,"[""u"", ""really"", ""think"", ""i"", ""a"", ""going"", ""t"", ""waste"", ""my"", ""time"", ""on"", ""this"", ""antisemitic"", ""trope"", ""mein"", ""little"", ""nazi"", ""u"", ""lost"", ""get"", ""over"", ""it"", ""arablies"", ""i"", ""am"", ""an"", ""expert"", ""on"", ""nazilies"", ""and"", ""their"", ""mental"", ""affliction"", ""srael"", ""rising"", ""why"", ""not"", ""have"", ""a"", ""day"", ""of"", ""rage"", ""like"", ""the"", ""arabs"", ""do""]",offensive,Caucasian,"[0, 0, 0, 0, 0, 0, 0, 0, 0, 0, 0, 0, 1, 0, 0, 0, 0, 0, 0, 0, 0, 0, 1, 0, 0, 0, 0, 0, 1, 0, 0, 1, 1, 0, 0, 0, 0, 0, 0, 0, 0, 0, 0, 0, 0, 0]","[""antisemitic"", ""arablies"", ""nazilies"", ""mental"", ""affliction""]",206,46,5,True,offensive,"[0, 0, 0, 0, 0, 0, 0, 0, 0, 0, 0, 0, 0, 0, 0, 0, 0, 0, 0, 0, 0, 0, 1, 0, 0, 0, 0, 0, 1, 0, 0, 0, 0, 0, 0, 0, 0, 0, 0, 0, 0, 0, 0, 0, 0, 0]","[""arablies"", ""nazilies""]"
27103156_gab,train,u really think i a going t waste my time on this antisemitic trope mein little nazi u lost get over it arablies i am an expert on nazilies and their mental affliction srael rising why not have a day of rage like the arabs do,"[""u"", ""really"", ""think"", ""i"", ""a"", ""going"", ""t"", ""waste"", ""my"", ""time"", ""on"", ""this"", ""antisemitic"", ""trope"", ""mein"", ""little"", ""nazi"", ""u"", ""lost"", ""get"", ""over"", ""it"", ""arablies"", ""i"", ""am"", ""an"", ""expert"", ""on"", ""nazilies"", ""and"", ""their"", ""mental"", ""affliction"", ""srael"", ""rising"", ""why"", ""not"", ""have"", ""a"", ""day"", ""of"", ""rage"", ""like"", ""the"", ""arabs"", ""do""]",offensive,Caucasian,"[0, 0, 0, 0, 0, 0, 0, 0, 0, 0, 0, 0, 0, 0, 0, 0, 0, 0, 0, 0, 0, 0, 1, 0, 0, 0, 0, 0, 1, 0, 0, 0, 0, 0, 0, 1, 1, 1, 1, 1, 1, 1, 1, 1, 1, 1]","[""arablies"", ""nazilies"", ""why"", ""not"", ""have"", ""a"", ""day"", ""of"", ""rage"", ""like"", ""the"", ""arabs"", ""do""]",207,46,13,True,offensive,"[0, 0, 0, 0, 0, 0, 0, 0, 0, 0, 0, 0, 0, 0, 0, 0, 0, 0, 0, 0, 0, 0, 1, 0, 0, 0, 0, 0, 1, 0, 0, 0, 0, 0, 0, 0, 0, 0, 0, 0, 0, 0, 0, 0, 0, 0]","[""arablies"", ""nazilies""]"
27186678_gab,train,that stupid white fuck stick does not know a damn thing about what black men in america go through only black men know that dummie ☮,"[""that"", ""stupid"", ""white"", ""fuck"", ""stick"", ""does"", ""not"", ""know"", ""a"", ""damn"", ""thing"", ""about"", ""what"", ""black"", ""men"", ""in"", ""america"", ""go"", ""through"", ""only"", ""black"", ""men"", ""know"", ""that"", ""dummie"", ""\u262e""]",offensive,Caucasian,"[0, 1, 1, 1, 1, 0, 0, 0, 0, 0, 0, 0, 0, 0, 0, 0, 0, 0, 0, 0, 0, 0, 0, 0, 1, 0]","[""stupid"", ""white"", ""fuck"", ""stick"", ""dummie""]",236,26,5,True,offensive,"[0, 0, 0, 1, 1, 0, 0, 0, 0, 0, 0, 0, 0, 0, 0, 0, 0, 0, 0, 0, 0, 0, 0, 0, 1, 0]","[""fuck"", ""stick"", ""dummie""]"
27186678_gab,train,that stupid white fuck stick does not know a damn thing about what black men in america go through only black men know that dummie ☮,"[""that"", ""stupid"", ""white"", ""fuck"", ""stick"", ""does"", ""not"", ""know"", ""a"", ""damn"", ""thing"", ""about"", ""what"", ""black"", ""men"", ""in"", ""america"", ""go"", ""through"", ""only"", ""black"", ""men"", ""know"", ""that"", ""dummie"", ""\u262e""]",offensive,Caucasian,"[0, 0, 0, 1, 1, 0, 0, 0, 0, 0, 0, 0, 0, 0, 0, 0, 0, 0, 0, 0, 0, 0, 0, 0, 1, 0]","[""fuck"", ""stick"", ""dummie""]",241,26,3,True,offensive,"[0, 0, 0, 1, 1, 0, 0, 0, 0, 0, 0, 0, 0, 0, 0, 0, 0, 0, 0, 0, 0, 0, 0, 0, 1, 0]","[""fuck"", ""stick"", ""dummie""]"
27270496_gab,train,simple truth black or white or raghead they need to die,"[""simple"", ""truth"", ""black"", ""or"", ""white"", ""or"", ""raghead"", ""they"", ""need"", ""to"", ""die""]",hatespeech,Caucasian,"[0, 0, 1, 1, 1, 1, 1, 1, 1, 1, 1]","[""black"", ""or"", ""white"", ""or"", ""raghead"", ""they"", ""need"", ""to"", ""die""]",222,11,9,True,hatespeech,"[0, 0, 1, 1, 1, 1, 1, 1, 1, 1, 1]","[""black"", ""or"", ""white"", ""or"", ""raghead"", ""they"", ""need"", ""to"", ""die""]"
27270496_gab,train,simple truth black or white or raghead they need to die,"[""simple"", ""truth"", ""black"", ""or"", ""white"", ""or"", ""raghead"", ""they"", ""need"", ""to"", ""die""]",hatespeech,Caucasian,"[0, 0, 1, 1, 1, 1, 1, 1, 1, 1, 1]","[""black"", ""or"", ""white"", ""or"", ""raghead"", ""they"", ""need"", ""to"", ""die""]",199,11,9,True,hatespeech,"[0, 0, 1, 1, 1, 1, 1, 1, 1, 1, 1]","[""black"", ""or"", ""white"", ""or"", ""raghead"", ""they"", ""need"", ""to"", ""die""]"
27313296_gab,train,🤣 🤣 😂 😂 🤣 🤣 😂 😂 🤣 🤣 you spelled my name wrong and my name is literally in front of your face not only are your nations sucking in sand niggers but its already affecting whites iq 🤣 🤣 🤣 😂 😂 😂 🤣 🤣 😂 😂,"[""\ud83e\udd23"", ""\ud83e\udd23"", ""\ud83d\ude02"", ""\ud83d\ude02"", ""\ud83e\udd23"", ""\ud83e\udd23"", ""\ud83d\ude02"", ""\ud83d\ude02"", ""\ud83e\udd23"", ""\ud83e\udd23"", ""you"", ""spelled"", ""my"", ""name"", ""wrong"", ""and"", ""my"", ""name"", ""is"", ""literally"", ""in"", ""front"", ""of"", ""your"", ""face"", ""not"", ""only"", ""are"", ""your"", ""nations"", ""sucking"", ""in"", ""sand"", ""niggers"", ""but"", ""its"", ""already"", ""affecting"", ""whites"", ""iq"", ""\ud83e\udd23"", ""\ud83e\udd23"", ""\ud83e\udd23"", ""\ud83d\ude02"", ""\ud83d\ude02"", ""\ud83d\ude02"", ""\ud83e\udd23"", ""\ud83e\udd23"", ""\ud83d\ude02"", ""\ud83d\ude02""]",hatespeech,Caucasian,"[0, 0, 0, 0, 0, 0, 0, 0, 0, 0, 0, 0, 0, 0, 0, 0, 0, 0, 0, 0, 0, 0, 0, 0, 0, 0, 0, 0, 0, 0, 0, 0, 1, 1, 0, 0, 0, 0, 0, 0, 0, 0, 0, 0, 0, 0, 0, 0, 0, 0]","[""sand"", ""niggers""]",232,50,2,True,hatespeech,"[0, 0, 0, 0, 0, 0, 0, 0, 0, 0, 0, 0, 0, 0, 0, 0, 0, 0, 0, 0, 0, 0, 0, 0, 0, 0, 0, 0, 0, 0, 0, 0, 1, 1, 0, 0, 0, 0, 0, 0, 0, 0, 0, 0, 0, 0, 0, 0, 0, 0]","[""sand"", ""niggers""]"
27417874_gab,train,the only way shitlibs and kikes can believe this mandatory minimum sentences for whites is if they accept two false premises one that blacks are not innately more impulsively and stupidly violent than whites and two that blacks are not more depraved than whites in the perpetration of legally equivalent crimes,"[""the"", ""only"", ""way"", ""shitlibs"", ""and"", ""kikes"", ""can"", ""believe"", ""this"", ""mandatory"", ""minimum"", ""sentences"", ""for"", ""whites"", ""is"", ""if"", ""they"", ""accept"", ""two"", ""false"", ""premises"", ""one"", ""that"", ""blacks"", ""are"", ""not"", ""innately"", ""more"", ""impulsively"", ""and"", ""stupidly"", ""violent"", ""than"", ""whites"", ""and"", ""two"", ""that"", ""blacks"", ""are"", ""not"", ""more"", ""depraved"", ""than"", ""whites"", ""in"", ""the"", ""perpetration"", ""of"", ""legally"", ""equivalent"", ""crimes""]",hatespeech,Caucasian,"[0, 0, 0, 1, 0, 1, 0, 0, 0, 0, 0, 0, 0, 0, 0, 0, 0, 0, 0, 0, 0, 0, 0, 0, 0, 0, 0, 0, 0, 0, 0, 0, 0, 0, 0, 0, 0, 0, 0, 0, 0, 0, 0, 0, 0, 0, 0, 0, 0, 0, 0]","[""shitlibs"", ""kikes""]",200,51,2,True,hatespeech,"[0, 0, 0, 1, 0, 1, 0, 0, 0, 0, 0, 0, 0, 0, 0, 0, 0, 0, 0, 0, 0, 0, 0, 0, 0, 0, 0, 0, 0, 0, 0, 0, 0, 0, 0, 0, 0, 0, 0, 0, 0, 0, 0, 0, 0, 0, 0, 0, 0, 0, 0]","[""shitlibs"", ""kikes""]"
27435738_gab,test,he gave you a brillo pad that you all spend a fortune on to get rid of so you can look like white women,"[""he"", ""gave"", ""you"", ""a"", ""brillo"", ""pad"", ""that"", ""you"", ""all"", ""spend"", ""a"", ""fortune"", ""on"", ""to"", ""get"", ""rid"", ""of"", ""so"", ""you"", ""can"", ""look"", ""like"", ""white"", ""women""]",offensive,Caucasian,"[1, 1, 1, 1, 1, 1, 1, 1, 1, 1, 1, 1, 1, 1, 1, 1, 1, 1, 1, 1, 1, 1, 1, 1]","[""he"", ""gave"", ""you"", ""a"", ""brillo"", ""pad"", ""that"", ""you"", ""all"", ""spend"", ""a"", ""fortune"", ""on"", ""to"", ""get"", ""rid"", ""of"", ""so"", ""you"", ""can"", ""look"", ""like"", ""white"", ""women""]",200,24,24,True,offensive,"[0, 0, 0, 0, 0, 0, 0, 0, 0, 0, 0, 0, 0, 0, 0, 0, 0, 0, 0, 0, 0, 0, 1, 1]","[""white"", ""women""]"
27453501_gab,train,all these socialist wanna be jew hating punk sissy faggots here on gab can kiss my ass suck on that ya salad tossers,"[""all"", ""these"", ""socialist"", ""wanna"", ""be"", ""jew"", ""hating"", ""punk"", ""sissy"", ""faggots"", ""here"", ""on"", ""gab"", ""can"", ""kiss"", ""my"", ""ass"", ""suck"", ""on"", ""that"", ""ya"", ""salad"", ""tossers""]",offensive,Caucasian,"[1, 1, 1, 1, 1, 1, 1, 1, 1, 1, 1, 1, 1, 1, 1, 1, 1, 1, 1, 1, 1, 1, 1]","[""all"", ""these"", ""socialist"", ""wanna"", ""be"", ""jew"", ""hating"", ""punk"", ""sissy"", ""faggots"", ""here"", ""on"", ""gab"", ""can"", ""kiss"", ""my"", ""ass"", ""suck"", ""on"", ""that"", ""ya"", ""salad"", ""tossers""]",207,23,23,True,offensive,"[0, 0, 0, 0, 0, 1, 1, 1, 1, 1, 0, 0, 0, 0, 0, 0, 0, 0, 0, 0, 0, 1, 1]","[""jew"", ""hating"", ""punk"", ""sissy"", ""faggots"", ""salad"", ""tossers""]"
27534022_gab,train,<number> seconds on the clock the white race is dying do you a get stable income have a large family b get on gab and get really pissed at random people while posting nazi propaganda,"[""<number>"", ""seconds"", ""on"", ""the"", ""clock"", ""the"", ""white"", ""race"", ""is"", ""dying"", ""do"", ""you"", ""a"", ""get"", ""stable"", ""income"", ""have"", ""a"", ""large"", ""family"", ""b"", ""get"", ""on"", ""gab"", ""and"", ""get"", ""really"", ""pissed"", ""at"", ""random"", ""people"", ""while"", ""posting"", ""nazi"", ""propaganda""]",normal,Caucasian,"[0, 0, 0, 0, 0, 0, 1, 1, 1, 1, 0, 0, 0, 0, 0, 0, 0, 0, 0, 0, 0, 0, 0, 0, 0, 0, 0, 0, 0, 0, 0, 0, 0, 0, 0]","[""white"", ""race"", ""is"", ""dying""]",233,35,4,True,offensive,"[0, 0, 0, 0, 0, 0, 1, 1, 1, 1, 0, 0, 0, 0, 0, 0, 0, 0, 0, 0, 0, 0, 0, 0, 0, 0, 0, 0, 0, 0, 0, 0, 0, 0, 0]","[""white"", ""race"", ""is"", ""dying""]"
27534022_gab,train,<number> seconds on the clock the white race is dying do you a get stable income have a large family b get on gab and get really pissed at random people while posting nazi propaganda,"[""<number>"", ""seconds"", ""on"", ""the"", ""clock"", ""the"", ""white"", ""race"", ""is"", ""dying"", ""do"", ""you"", ""a"", ""get"", ""stable"", ""income"", ""have"", ""a"", ""large"", ""family"", ""b"", ""get"", ""on"", ""gab"", ""and"", ""get"", ""really"", ""pissed"", ""at"", ""random"", ""people"", ""while"", ""posting"", ""nazi"", ""propaganda""]",offensive,Caucasian,"[1, 1, 1, 1, 1, 1, 1, 1, 1, 1, 1, 1, 1, 1, 1, 1, 1, 1, 1, 1, 1, 1, 1, 1, 1, 1, 1, 1, 1, 1, 1, 1, 1, 1, 1]","[""<number>"", ""seconds"", ""on"", ""the"", ""clock"", ""the"", ""white"", ""race"", ""is"", ""dying"", ""do"", ""you"", ""a"", ""get"", ""stable"", ""income"", ""have"", ""a"", ""large"", ""family"", ""b"", ""get"", ""on"", ""gab"", ""and"", ""get"", ""really"", ""pissed"", ""at"", ""random"", ""people"", ""while"", ""posting"", ""nazi"", ""propaganda""]",202,35,35,True,offensive,"[0, 0, 0, 0, 0, 0, 1, 1, 1, 1, 0, 0, 0, 0, 0, 0, 0, 0, 0, 0, 0, 0, 0, 0, 0, 0, 0, 0, 0, 0, 0, 0, 0, 0, 0]","[""white"", ""race"", ""is"", ""dying""]"
27543273_gab,train,these white sows shameless bitches have no shame they are so starved for affection they go with some stinking ghetto niggah ape,"[""these"", ""white"", ""sows"", ""shameless"", ""bitches"", ""have"", ""no"", ""shame"", ""they"", ""are"", ""so"", ""starved"", ""for"", ""affection"", ""they"", ""go"", ""with"", ""some"", ""stinking"", ""ghetto"", ""niggah"", ""ape""]",offensive,Caucasian,"[1, 1, 1, 1, 1, 1, 1, 1, 1, 1, 1, 1, 1, 1, 1, 1, 1, 1, 1, 1, 1, 1]","[""these"", ""white"", ""sows"", ""shameless"", ""bitches"", ""have"", ""no"", ""shame"", ""they"", ""are"", ""so"", ""starved"", ""for"", ""affection"", ""they"", ""go"", ""with"", ""some"", ""stinking"", ""ghetto"", ""niggah"", ""ape""]",200,22,22,True,offensive,"[0, 0, 0, 1, 1, 1, 1, 1, 0, 0, 0, 0, 0, 0, 0, 0, 0, 0, 1, 1, 1, 1]","[""shameless"", ""bitches"", ""have"", ""no"", ""shame"", ""stinking"", ""ghetto"", ""niggah"", ""ape""]"
27575832_gab,train,fooling autistic white guys into making a god of the market place was a heck of a trick,"[""fooling"", ""autistic"", ""white"", ""guys"", ""into"", ""making"", ""a"", ""god"", ""of"", ""the"", ""market"", ""place"", ""was"", ""a"", ""heck"", ""of"", ""a"", ""trick""]",offensive,Caucasian,"[1, 1, 0, 0, 0, 0, 0, 0, 0, 0, 0, 0, 0, 0, 0, 0, 0, 0]","[""fooling"", ""autistic""]",203,18,2,True,offensive,"[1, 1, 0, 0, 0, 0, 0, 0, 0, 0, 0, 0, 0, 0, 0, 0, 0, 0]","[""fooling"", ""autistic""]"
27582710_gab,train,in other words this guy hates white people if he white himself then he a traitorous shabbos goy doing the bidding of his jewish masters fbi has always been an enforcer arm of the kikes jfk <user>,"[""in"", ""other"", ""words"", ""this"", ""guy"", ""hates"", ""white"", ""people"", ""if"", ""he"", ""white"", ""himself"", ""then"", ""he"", ""a"", ""traitorous"", ""shabbos"", ""goy"", ""doing"", ""the"", ""bidding"", ""of"", ""his"", ""jewish"", ""masters"", ""fbi"", ""has"", ""always"", ""been"", ""an"", ""enforcer"", ""arm"", ""of"", ""the"", ""kikes"", ""jfk"", ""<user>""]",hatespeech,Caucasian,"[0, 0, 0, 1, 1, 1, 1, 1, 1, 1, 1, 1, 1, 1, 1, 1, 1, 1, 1, 1, 1, 1, 1, 1, 1, 1, 1, 1, 1, 1, 1, 1, 1, 1, 1, 0, 0]","[""this"", ""guy"", ""hates"", ""white"", ""people"", ""if"", ""he"", ""white"", ""himself"", ""then"", ""he"", ""a"", ""traitorous"", ""shabbos"", ""goy"", ""doing"", ""the"", ""bidding"", ""of"", ""his"", ""jewish"", ""masters"", ""fbi"", ""has"", ""always"", ""been"", ""an"", ""enforcer"", ""arm"", ""of"", ""the"", ""kikes""]",206,37,32,True,hatespeech,"[0, 0, 0, 0, 0, 0, 0, 0, 0, 0, 0, 0, 0, 0, 0, 0, 1, 1, 0, 0, 0, 0, 0, 0, 0, 0, 0, 0, 0, 0, 0, 0, 0, 0, 1, 0, 0]","[""shabbos"", ""goy"", ""kikes""]"
27582710_gab,train,in other words this guy hates white people if he white himself then he a traitorous shabbos goy doing the bidding of his jewish masters fbi has always been an enforcer arm of the kikes jfk <user>,"[""in"", ""other"", ""words"", ""this"", ""guy"", ""hates"", ""white"", ""people"", ""if"", ""he"", ""white"", ""himself"", ""then"", ""he"", ""a"", ""traitorous"", ""shabbos"", ""goy"", ""doing"", ""the"", ""bidding"", ""of"", ""his"", ""jewish"", ""masters"", ""fbi"", ""has"", ""always"", ""been"", ""an"", ""enforcer"", ""arm"", ""of"", ""the"", ""kikes"", ""jfk"", ""<user>""]",normal,Caucasian,"[0, 0, 0, 0, 0, 0, 0, 0, 0, 0, 0, 0, 0, 0, 0, 0, 1, 1, 0, 0, 0, 0, 0, 0, 0, 0, 0, 0, 0, 0, 0, 0, 0, 0, 1, 0, 0]","[""shabbos"", ""goy"", ""kikes""]",211,37,3,True,hatespeech,"[0, 0, 0, 0, 0, 0, 0, 0, 0, 0, 0, 0, 0, 0, 0, 0, 1, 1, 0, 0, 0, 0, 0, 0, 0, 0, 0, 0, 0, 0, 0, 0, 0, 0, 1, 0, 0]","[""shabbos"", ""goy"", ""kikes""]"
27617010_gab,train,i want a truth and no reconciliation these fuckers who have done this to our lands must confess that they lied to shitskins and flooded our lands to destroy shitskins must be told the truth we knew you would fuck shit up so we sent you into white lands,"[""i"", ""want"", ""a"", ""truth"", ""and"", ""no"", ""reconciliation"", ""these"", ""fuckers"", ""who"", ""have"", ""done"", ""this"", ""to"", ""our"", ""lands"", ""must"", ""confess"", ""that"", ""they"", ""lied"", ""to"", ""shitskins"", ""and"", ""flooded"", ""our"", ""lands"", ""to"", ""destroy"", ""shitskins"", ""must"", ""be"", ""told"", ""the"", ""truth"", ""we"", ""knew"", ""you"", ""would"", ""fuck"", ""shit"", ""up"", ""so"", ""we"", ""sent"", ""you"", ""into"", ""white"", ""lands""]",offensive,Caucasian,"[1, 1, 1, 1, 1, 1, 1, 1, 1, 1, 1, 1, 1, 1, 1, 1, 1, 1, 1, 1, 1, 1, 1, 1, 1, 1, 1, 1, 1, 1, 1, 1, 1, 1, 1, 1, 1, 1, 1, 1, 1, 1, 1, 1, 1, 1, 1, 1, 1]","[""i"", ""want"", ""a"", ""truth"", ""and"", ""no"", ""reconciliation"", ""these"", ""fuckers"", ""who"", ""have"", ""done"", ""this"", ""to"", ""our"", ""lands"", ""must"", ""confess"", ""that"", ""they"", ""lied"", ""to"", ""shitskins"", ""and"", ""flooded"", ""our"", ""lands"", ""to"", ""destroy"", ""shitskins"", ""must"", ""be"", ""told"", ""the"", ""truth"", ""we"", ""knew"", ""you"", ""would"", ""fuck"", ""shit"", ""up"", ""so"", ""we"", ""sent"", ""you"", ""into"", ""white"", ""lands""]",199,49,49,True,offensive,"[0, 0, 0, 0, 0, 0, 0, 0, 0, 0, 0, 0, 0, 0, 0, 0, 0, 0, 0, 0, 0, 0, 1, 0, 0, 0, 0, 0, 0, 0, 0, 0, 0, 0, 0, 0, 0, 0, 0, 0, 0, 0, 0, 0, 0, 0, 0, 0, 0]","[""shitskins""]"
27636796_gab,train,remember everyone it okay to exploit immigrants with below minimum wage labor and consider each and every non white person to be a disadvantaged simp that ll never achieve anything w o handouts from whitey because intersectionality or something,"[""remember"", ""everyone"", ""it"", ""okay"", ""to"", ""exploit"", ""immigrants"", ""with"", ""below"", ""minimum"", ""wage"", ""labor"", ""and"", ""consider"", ""each"", ""and"", ""every"", ""non"", ""white"", ""person"", ""to"", ""be"", ""a"", ""disadvantaged"", ""simp"", ""that"", ""ll"", ""never"", ""achieve"", ""anything"", ""w"", ""o"", ""handouts"", ""from"", ""whitey"", ""because"", ""intersectionality"", ""or"", ""something""]",offensive,Caucasian,"[0, 0, 1, 1, 1, 1, 1, 1, 1, 1, 1, 1, 1, 1, 1, 1, 1, 1, 1, 1, 1, 1, 1, 1, 1, 1, 1, 1, 1, 1, 1, 1, 1, 1, 1, 0, 0, 0, 0]","[""it"", ""okay"", ""to"", ""exploit"", ""immigrants"", ""with"", ""below"", ""minimum"", ""wage"", ""labor"", ""and"", ""consider"", ""each"", ""and"", ""every"", ""non"", ""white"", ""person"", ""to"", ""be"", ""a"", ""disadvantaged"", ""simp"", ""that"", ""ll"", ""never"", ""achieve"", ""anything"", ""w"", ""o"", ""handouts"", ""from"", ""whitey""]",199,39,33,True,offensive,"[0, 0, 1, 1, 1, 1, 1, 1, 1, 1, 1, 1, 1, 1, 1, 1, 1, 1, 1, 1, 1, 1, 1, 1, 1, 1, 1, 1, 1, 1, 1, 1, 1, 1, 1, 0, 0, 0, 0]","[""it"", ""okay"", ""to"", ""exploit"", ""immigrants"", ""with"", ""below"", ""minimum"", ""wage"", ""labor"", ""and"", ""consider"", ""each"", ""and"", ""every"", ""non"", ""white"", ""person"", ""to"", ""be"", ""a"", ""disadvantaged"", ""simp"", ""that"", ""ll"", ""never"", ""achieve"", ""anything"", ""w"", ""o"", ""handouts"", ""from"", ""whitey""]"
27821044_gab,train,why are asians sitting in government seats of power in the historically white nation of america does china or japan do this to themselves,"[""why"", ""are"", ""asians"", ""sitting"", ""in"", ""government"", ""seats"", ""of"", ""power"", ""in"", ""the"", ""historically"", ""white"", ""nation"", ""of"", ""america"", ""does"", ""china"", ""or"", ""japan"", ""do"", ""this"", ""to"", ""themselves""]",offensive,Caucasian,"[1, 1, 1, 1, 1, 1, 1, 1, 1, 1, 1, 1, 1, 1, 1, 1, 1, 1, 1, 1, 1, 1, 1, 1]","[""why"", ""are"", ""asians"", ""sitting"", ""in"", ""government"", ""seats"", ""of"", ""power"", ""in"", ""the"", ""historically"", ""white"", ""nation"", ""of"", ""america"", ""does"", ""china"", ""or"", ""japan"", ""do"", ""this"", ""to"", ""themselves""]",199,24,24,True,offensive,"[1, 1, 1, 1, 1, 1, 1, 1, 1, 1, 1, 1, 1, 1, 1, 1, 0, 0, 0, 0, 0, 0, 0, 0]","[""why"", ""are"", ""asians"", ""sitting"", ""in"", ""government"", ""seats"", ""of"", ""power"", ""in"", ""the"", ""historically"", ""white"", ""nation"", ""of"", ""america""]"
27984542_gab,test,norwegians just as retarded as the rest of w europe importing murdering raping incestious pedophiles to a once beautiful country have caucasians no brain these days,"[""norwegians"", ""just"", ""as"", ""retarded"", ""as"", ""the"", ""rest"", ""of"", ""w"", ""europe"", ""importing"", ""murdering"", ""raping"", ""incestious"", ""pedophiles"", ""to"", ""a"", ""once"", ""beautiful"", ""country"", ""have"", ""caucasians"", ""no"", ""brain"", ""these"", ""days""]",hatespeech,Caucasian,"[0, 0, 0, 1, 0, 0, 0, 0, 0, 0, 1, 1, 1, 1, 1, 0, 0, 0, 0, 0, 0, 0, 0, 0, 0, 0]","[""retarded"", ""importing"", ""murdering"", ""raping"", ""incestious"", ""pedophiles""]",210,26,6,True,hatespeech,"[0, 0, 0, 1, 0, 0, 0, 0, 0, 0, 1, 1, 1, 1, 1, 0, 0, 0, 0, 0, 0, 0, 0, 0, 0, 0]","[""retarded"", ""importing"", ""murdering"", ""raping"", ""incestious"", ""pedophiles""]"
27998892_gab,train,good morning nazi faggot what happened last night party night hope your buddy used a condom <user> not really lol,"[""good"", ""morning"", ""nazi"", ""faggot"", ""what"", ""happened"", ""last"", ""night"", ""party"", ""night"", ""hope"", ""your"", ""buddy"", ""used"", ""a"", ""condom"", ""<user>"", ""not"", ""really"", ""lol""]",hatespeech,Caucasian,"[0, 0, 1, 1, 0, 0, 0, 0, 0, 0, 0, 0, 0, 0, 0, 0, 0, 0, 0, 0]","[""nazi"", ""faggot""]",206,20,2,True,offensive,"[0, 0, 1, 1, 0, 0, 0, 0, 0, 0, 0, 0, 0, 0, 0, 0, 0, 0, 0, 0]","[""nazi"", ""faggot""]"
27998892_gab,train,good morning nazi faggot what happened last night party night hope your buddy used a condom <user> not really lol,"[""good"", ""morning"", ""nazi"", ""faggot"", ""what"", ""happened"", ""last"", ""night"", ""party"", ""night"", ""hope"", ""your"", ""buddy"", ""used"", ""a"", ""condom"", ""<user>"", ""not"", ""really"", ""lol""]",offensive,Caucasian,"[1, 1, 1, 1, 0, 0, 0, 0, 0, 0, 0, 0, 0, 0, 0, 0, 0, 0, 0, 0]","[""good"", ""morning"", ""nazi"", ""faggot""]",207,20,4,True,offensive,"[0, 0, 1, 1, 0, 0, 0, 0, 0, 0, 0, 0, 0, 0, 0, 0, 0, 0, 0, 0]","[""nazi"", ""faggot""]"
2984501_gab,test,<user> conversano seen by some as controlled opposition advocates frontal clash risks civil war whereas the french white population has no weapons contrary to the heavily armed ghettos good idea,"[""<user>"", ""conversano"", ""seen"", ""by"", ""some"", ""as"", ""controlled"", ""opposition"", ""advocates"", ""frontal"", ""clash"", ""risks"", ""civil"", ""war"", ""whereas"", ""the"", ""french"", ""white"", ""population"", ""has"", ""no"", ""weapons"", ""contrary"", ""to"", ""the"", ""heavily"", ""armed"", ""ghettos"", ""good"", ""idea""]",offensive,Caucasian,"[0, 0, 0, 0, 0, 0, 0, 0, 0, 0, 0, 0, 0, 0, 0, 0, 0, 0, 0, 0, 0, 0, 0, 0, 0, 1, 1, 1, 0, 0]","[""heavily"", ""armed"", ""ghettos""]",212,30,3,True,offensive,"[0, 0, 0, 0, 0, 0, 0, 0, 0, 0, 0, 0, 0, 0, 0, 0, 0, 0, 0, 0, 0, 0, 0, 0, 0, 1, 1, 1, 0, 0]","[""heavily"", ""armed"", ""ghettos""]"
3325244_gab,train,<user> i was afraid of that i have avoided malls for years there was a used to near me but all the stores went out of business it was leveled and made into an upscale outlet mall it was ok for first few weeks but white high school girl shoppers outlet prices proximity to ghetto folk disaster,"[""<user>"", ""i"", ""was"", ""afraid"", ""of"", ""that"", ""i"", ""have"", ""avoided"", ""malls"", ""for"", ""years"", ""there"", ""was"", ""a"", ""used"", ""to"", ""near"", ""me"", ""but"", ""all"", ""the"", ""stores"", ""went"", ""out"", ""of"", ""business"", ""it"", ""was"", ""leveled"", ""and"", ""made"", ""into"", ""an"", ""upscale"", ""outlet"", ""mall"", ""it"", ""was"", ""ok"", ""for"", ""first"", ""few"", ""weeks"", ""but"", ""white"", ""high"", ""school"", ""girl"", ""shoppers"", ""outlet"", ""prices"", ""proximity"", ""to"", ""ghetto"", ""folk"", ""disaster""]",normal,Caucasian,"[0, 0, 0, 0, 0, 0, 0, 0, 0, 0, 0, 0, 0, 0, 0, 0, 0, 0, 0, 0, 0, 0, 0, 0, 0, 0, 0, 0, 0, 0, 0, 0, 0, 0, 0, 0, 0, 0, 0, 0, 0, 0, 0, 0, 0, 1, 1, 1, 1, 1, 1, 1, 1, 1, 1, 1, 1]","[""white"", ""high"", ""school"", ""girl"", ""shoppers"", ""outlet"", ""prices"", ""proximity"", ""to"", ""ghetto"", ""folk"", ""disaster""]",199,57,12,True,offensive,"[0, 0, 0, 0, 0, 0, 0, 0, 0, 0, 0, 0, 0, 0, 0, 0, 0, 0, 0, 0, 0, 0, 0, 0, 0, 0, 0, 0, 0, 0, 0, 0, 0, 0, 0, 0, 0, 0, 0, 0, 0, 0, 0, 0, 0, 1, 1, 1, 1, 1, 1, 1, 1, 1, 1, 1, 1]","[""white"", ""high"", ""school"", ""girl"", ""shoppers"", ""outlet"", ""prices"", ""proximity"", ""to"", ""ghetto"", ""folk"", ""disaster""]"
3412612_gab,train,rather than saddle white women with more children that they probably can not afford perhaps it would be better to spike the water supply in the middle east with a substance that makes men impotent better idea,"[""rather"", ""than"", ""saddle"", ""white"", ""women"", ""with"", ""more"", ""children"", ""that"", ""they"", ""probably"", ""can"", ""not"", ""afford"", ""perhaps"", ""it"", ""would"", ""be"", ""better"", ""to"", ""spike"", ""the"", ""water"", ""supply"", ""in"", ""the"", ""middle"", ""east"", ""with"", ""a"", ""substance"", ""that"", ""makes"", ""men"", ""impotent"", ""better"", ""idea""]",offensive,Caucasian,"[0, 0, 0, 0, 0, 0, 0, 0, 0, 0, 0, 0, 0, 0, 0, 0, 0, 0, 0, 0, 0, 0, 0, 0, 0, 0, 1, 1, 1, 1, 1, 1, 1, 1, 1, 0, 0]","[""middle"", ""east"", ""with"", ""a"", ""substance"", ""that"", ""makes"", ""men"", ""impotent""]",205,37,9,True,hatespeech,"[0, 0, 0, 0, 0, 0, 0, 0, 0, 0, 0, 0, 0, 0, 0, 0, 0, 0, 0, 0, 0, 0, 0, 0, 0, 0, 1, 1, 1, 1, 1, 1, 1, 1, 1, 0, 0]","[""middle"", ""east"", ""with"", ""a"", ""substance"", ""that"", ""makes"", ""men"", ""impotent""]"
3412998_gab,train,<user> whitegenocide means much more than eliminating people of white skin pigment it also means the destruction of the culture of freedom moral clarity what there is of it and human progress only whites in principle advance those ideas,"[""<user>"", ""whitegenocide"", ""means"", ""much"", ""more"", ""than"", ""eliminating"", ""people"", ""of"", ""white"", ""skin"", ""pigment"", ""it"", ""also"", ""means"", ""the"", ""destruction"", ""of"", ""the"", ""culture"", ""of"", ""freedom"", ""moral"", ""clarity"", ""what"", ""there"", ""is"", ""of"", ""it"", ""and"", ""human"", ""progress"", ""only"", ""whites"", ""in"", ""principle"", ""advance"", ""those"", ""ideas""]",offensive,Caucasian,"[0, 0, 0, 0, 0, 0, 0, 0, 0, 1, 1, 1, 0, 0, 0, 0, 0, 0, 0, 0, 0, 0, 0, 0, 0, 0, 0, 0, 0, 0, 0, 0, 0, 1, 1, 1, 1, 1, 1]","[""white"", ""skin"", ""pigment"", ""whites"", ""in"", ""principle"", ""advance"", ""those"", ""ideas""]",199,39,9,True,offensive,"[0, 0, 0, 0, 0, 0, 0, 0, 0, 1, 1, 1, 0, 0, 0, 0, 0, 0, 0, 0, 0, 0, 0, 0, 0, 0, 0, 0, 0, 0, 0, 0, 0, 1, 1, 1, 1, 1, 1]","[""white"", ""skin"", ""pigment"", ""whites"", ""in"", ""principle"", ""advance"", ""those"", ""ideas""]"
3412998_gab,train,<user> whitegenocide means much more than eliminating people of white skin pigment it also means the destruction of the culture of freedom moral clarity what there is of it and human progress only whites in principle advance those ideas,"[""<user>"", ""whitegenocide"", ""means"", ""much"", ""more"", ""than"", ""eliminating"", ""people"", ""of"", ""white"", ""skin"", ""pigment"", ""it"", ""also"", ""means"", ""the"", ""destruction"", ""of"", ""the"", ""culture"", ""of"", ""freedom"", ""moral"", ""clarity"", ""what"", ""there"", ""is"", ""of"", ""it"", ""and"", ""human"", ""progress"", ""only"", ""whites"", ""in"", ""principle"", ""advance"", ""those"", ""ideas""]",offensive,Caucasian,"[0, 1, 1, 1, 1, 1, 1, 1, 1, 1, 1, 1, 1, 1, 1, 1, 1, 1, 1, 1, 1, 1, 1, 1, 1, 1, 1, 1, 1, 1, 1, 1, 1, 1, 1, 1, 1, 1, 1]","[""whitegenocide"", ""means"", ""much"", ""more"", ""than"", ""eliminating"", ""people"", ""of"", ""white"", ""skin"", ""pigment"", ""it"", ""also"", ""means"", ""the"", ""destruction"", ""of"", ""the"", ""culture"", ""of"", ""freedom"", ""moral"", ""clarity"", ""what"", ""there"", ""is"", ""of"", ""it"", ""and"", ""human"", ""progress"", ""only"", ""whites"", ""in"", ""principle"", ""advance"", ""those"", ""ideas""]",206,39,38,True,offensive,"[0, 0, 0, 0, 0, 0, 0, 0, 0, 1, 1, 1, 0, 0, 0, 0, 0, 0, 0, 0, 0, 0, 0, 0, 0, 0, 0, 0, 0, 0, 0, 0, 0, 1, 1, 1, 1, 1, 1]","[""white"", ""skin"", ""pigment"", ""whites"", ""in"", ""principle"", ""advance"", ""those"", ""ideas""]"
3426717_gab,test,considering many europeans have now been raped and killed horriby by islamic hoardes i wonder what the media reaction when the backlash comes it is bound to happen no doubt they will condemn it as a white nazi hate crime and come down hard on anyone critical of islam banislam,"[""considering"", ""many"", ""europeans"", ""have"", ""now"", ""been"", ""raped"", ""and"", ""killed"", ""horriby"", ""by"", ""islamic"", ""hoardes"", ""i"", ""wonder"", ""what"", ""the"", ""media"", ""reaction"", ""when"", ""the"", ""backlash"", ""comes"", ""it"", ""is"", ""bound"", ""to"", ""happen"", ""no"", ""doubt"", ""they"", ""will"", ""condemn"", ""it"", ""as"", ""a"", ""white"", ""nazi"", ""hate"", ""crime"", ""and"", ""come"", ""down"", ""hard"", ""on"", ""anyone"", ""critical"", ""of"", ""islam"", ""banislam""]",hatespeech,Caucasian,"[0, 0, 0, 0, 0, 0, 1, 1, 1, 1, 1, 1, 1, 0, 0, 0, 0, 0, 0, 0, 0, 0, 0, 0, 0, 0, 0, 0, 0, 0, 0, 0, 0, 0, 0, 0, 1, 1, 1, 1, 0, 0, 0, 0, 0, 0, 1, 1, 1, 1]","[""raped"", ""and"", ""killed"", ""horriby"", ""by"", ""islamic"", ""hoardes"", ""white"", ""nazi"", ""hate"", ""crime"", ""critical"", ""of"", ""islam"", ""banislam""]",199,50,15,True,hatespeech,"[0, 0, 0, 0, 0, 0, 1, 1, 1, 1, 1, 1, 1, 0, 0, 0, 0, 0, 0, 0, 0, 0, 0, 0, 0, 0, 0, 0, 0, 0, 0, 0, 0, 0, 0, 0, 1, 1, 1, 1, 0, 0, 0, 0, 0, 0, 1, 1, 1, 1]","[""raped"", ""and"", ""killed"", ""horriby"", ""by"", ""islamic"", ""hoardes"", ""white"", ""nazi"", ""hate"", ""crime"", ""critical"", ""of"", ""islam"", ""banislam""]"
4012084_gab,train,<user> not the young male coons sand niggers and snowflakes these have no dependents no jobs no standing in the society free to wreak havoc upon the society,"[""<user>"", ""not"", ""the"", ""young"", ""male"", ""coons"", ""sand"", ""niggers"", ""and"", ""snowflakes"", ""these"", ""have"", ""no"", ""dependents"", ""no"", ""jobs"", ""no"", ""standing"", ""in"", ""the"", ""society"", ""free"", ""to"", ""wreak"", ""havoc"", ""upon"", ""the"", ""society""]",offensive,Caucasian,"[0, 0, 0, 0, 0, 1, 1, 0, 0, 0, 0, 0, 0, 0, 0, 0, 0, 0, 0, 0, 0, 0, 0, 0, 0, 0, 0, 0]","[""coons"", ""sand""]",215,28,2,True,offensive,"[0, 0, 0, 0, 0, 1, 1, 0, 0, 0, 0, 0, 0, 0, 0, 0, 0, 0, 0, 0, 0, 0, 0, 0, 0, 0, 0, 0]","[""coons"", ""sand""]"
4013512_gab,train,<user> fedgov is not legal and the non whites are certainly voting massively left it in large part the jew wish for white death why are you lying,"[""<user>"", ""fedgov"", ""is"", ""not"", ""legal"", ""and"", ""the"", ""non"", ""whites"", ""are"", ""certainly"", ""voting"", ""massively"", ""left"", ""it"", ""in"", ""large"", ""part"", ""the"", ""jew"", ""wish"", ""for"", ""white"", ""death"", ""why"", ""are"", ""you"", ""lying""]",offensive,Caucasian,"[0, 0, 0, 0, 0, 0, 0, 1, 1, 1, 1, 1, 1, 0, 0, 0, 0, 0, 0, 1, 1, 1, 1, 0, 0, 0, 0, 0]","[""non"", ""whites"", ""are"", ""certainly"", ""voting"", ""massively"", ""jew"", ""wish"", ""for"", ""white""]",232,28,10,True,offensive,"[0, 0, 0, 0, 0, 0, 0, 0, 0, 0, 0, 0, 0, 0, 0, 0, 0, 0, 0, 1, 1, 1, 1, 0, 0, 0, 0, 0]","[""jew"", ""wish"", ""for"", ""white""]"
4030383_gab,train,what do the elite call a woman raped by muslims a white slut,"[""what"", ""do"", ""the"", ""elite"", ""call"", ""a"", ""woman"", ""raped"", ""by"", ""muslims"", ""a"", ""white"", ""slut""]",offensive,Caucasian,"[0, 0, 0, 0, 0, 0, 0, 1, 1, 1, 1, 1, 1]","[""raped"", ""by"", ""muslims"", ""a"", ""white"", ""slut""]",202,13,6,True,hatespeech,"[0, 0, 0, 0, 0, 0, 0, 1, 1, 1, 0, 0, 0]","[""raped"", ""by"", ""muslims""]"
4030383_gab,train,what do the elite call a woman raped by muslims a white slut,"[""what"", ""do"", ""the"", ""elite"", ""call"", ""a"", ""woman"", ""raped"", ""by"", ""muslims"", ""a"", ""white"", ""slut""]",hatespeech,Caucasian,"[0, 0, 0, 0, 0, 0, 0, 1, 1, 1, 0, 0, 0]","[""raped"", ""by"", ""muslims""]",200,13,3,True,hatespeech,"[0, 0, 0, 0, 0, 0, 0, 1, 1, 1, 0, 0, 0]","[""raped"", ""by"", ""muslims""]"
4064564_gab,train,the left is nothing but a tool for the elimination of white identity so identity politics are now the only politics for whites that matter maga altright,"[""the"", ""left"", ""is"", ""nothing"", ""but"", ""a"", ""tool"", ""for"", ""the"", ""elimination"", ""of"", ""white"", ""identity"", ""so"", ""identity"", ""politics"", ""are"", ""now"", ""the"", ""only"", ""politics"", ""for"", ""whites"", ""that"", ""matter"", ""maga"", ""altright""]",offensive,Caucasian,"[0, 0, 0, 0, 0, 0, 0, 0, 0, 1, 1, 1, 1, 0, 0, 0, 0, 0, 0, 0, 0, 0, 0, 0, 0, 0, 0]","[""elimination"", ""of"", ""white"", ""identity""]",210,27,4,True,offensive,"[0, 0, 0, 0, 0, 0, 0, 0, 0, 0, 0, 0, 0, 0, 0, 0, 0, 0, 0, 0, 0, 0, 0, 0, 0, 0, 0]",[]
4076689_gab,train,sweden decided in <number> to welcome immigration since <number> violent crime in sweden has increased by <number> and rape has increased by <number> sweden has some of the most beautiful women on the planet and they let them get raped by evil muslim immigrants gabfam maga europegenocide islam,"[""sweden"", ""decided"", ""in"", ""<number>"", ""to"", ""welcome"", ""immigration"", ""since"", ""<number>"", ""violent"", ""crime"", ""in"", ""sweden"", ""has"", ""increased"", ""by"", ""<number>"", ""and"", ""rape"", ""has"", ""increased"", ""by"", ""<number>"", ""sweden"", ""has"", ""some"", ""of"", ""the"", ""most"", ""beautiful"", ""women"", ""on"", ""the"", ""planet"", ""and"", ""they"", ""let"", ""them"", ""get"", ""raped"", ""by"", ""evil"", ""muslim"", ""immigrants"", ""gabfam"", ""maga"", ""europegenocide"", ""islam""]",offensive,Caucasian,"[0, 0, 0, 0, 0, 0, 0, 0, 0, 0, 0, 0, 0, 0, 0, 0, 0, 0, 0, 0, 0, 0, 0, 0, 0, 0, 0, 0, 0, 0, 0, 0, 0, 0, 0, 0, 0, 0, 1, 1, 1, 1, 1, 1, 0, 0, 0, 0]","[""get"", ""raped"", ""by"", ""evil"", ""muslim"", ""immigrants""]",199,48,6,True,hatespeech,"[0, 0, 0, 0, 0, 0, 0, 0, 0, 0, 0, 0, 0, 0, 0, 0, 0, 0, 0, 0, 0, 0, 0, 0, 0, 0, 0, 0, 0, 0, 0, 0, 0, 0, 0, 0, 0, 0, 0, 1, 1, 1, 1, 1, 0, 0, 0, 0]","[""raped"", ""by"", ""evil"", ""muslim"", ""immigrants""]"
4216780_gab,train,liberal logic you can not put a white brown red or yellow skinned person in charge of urban development because they are not qualified to know what a ghetto needs if you put a black person in charge of urban development it racist,"[""liberal"", ""logic"", ""you"", ""can"", ""not"", ""put"", ""a"", ""white"", ""brown"", ""red"", ""or"", ""yellow"", ""skinned"", ""person"", ""in"", ""charge"", ""of"", ""urban"", ""development"", ""because"", ""they"", ""are"", ""not"", ""qualified"", ""to"", ""know"", ""what"", ""a"", ""ghetto"", ""needs"", ""if"", ""you"", ""put"", ""a"", ""black"", ""person"", ""in"", ""charge"", ""of"", ""urban"", ""development"", ""it"", ""racist""]",offensive,Caucasian,"[0, 0, 0, 0, 0, 0, 0, 1, 1, 1, 1, 1, 1, 1, 1, 1, 0, 0, 0, 0, 0, 0, 1, 1, 1, 1, 1, 1, 1, 1, 0, 0, 0, 0, 0, 0, 0, 0, 0, 0, 0, 0, 0]","[""white"", ""brown"", ""red"", ""or"", ""yellow"", ""skinned"", ""person"", ""in"", ""charge"", ""not"", ""qualified"", ""to"", ""know"", ""what"", ""a"", ""ghetto"", ""needs""]",205,43,17,True,offensive,"[0, 0, 0, 0, 0, 0, 0, 1, 1, 1, 1, 1, 1, 1, 1, 1, 0, 0, 0, 0, 0, 0, 1, 1, 1, 1, 1, 1, 1, 1, 0, 0, 0, 0, 0, 0, 0, 0, 0, 0, 0, 0, 0]","[""white"", ""brown"", ""red"", ""or"", ""yellow"", ""skinned"", ""person"", ""in"", ""charge"", ""not"", ""qualified"", ""to"", ""know"", ""what"", ""a"", ""ghetto"", ""needs""]"
4216780_gab,train,liberal logic you can not put a white brown red or yellow skinned person in charge of urban development because they are not qualified to know what a ghetto needs if you put a black person in charge of urban development it racist,"[""liberal"", ""logic"", ""you"", ""can"", ""not"", ""put"", ""a"", ""white"", ""brown"", ""red"", ""or"", ""yellow"", ""skinned"", ""person"", ""in"", ""charge"", ""of"", ""urban"", ""development"", ""because"", ""they"", ""are"", ""not"", ""qualified"", ""to"", ""know"", ""what"", ""a"", ""ghetto"", ""needs"", ""if"", ""you"", ""put"", ""a"", ""black"", ""person"", ""in"", ""charge"", ""of"", ""urban"", ""development"", ""it"", ""racist""]",offensive,Caucasian,"[0, 0, 1, 1, 1, 1, 1, 1, 1, 1, 1, 1, 1, 1, 1, 1, 1, 1, 1, 1, 1, 1, 1, 1, 1, 1, 1, 1, 1, 1, 0, 0, 0, 0, 0, 0, 0, 0, 0, 0, 0, 0, 0]","[""you"", ""can"", ""not"", ""put"", ""a"", ""white"", ""brown"", ""red"", ""or"", ""yellow"", ""skinned"", ""person"", ""in"", ""charge"", ""of"", ""urban"", ""development"", ""because"", ""they"", ""are"", ""not"", ""qualified"", ""to"", ""know"", ""what"", ""a"", ""ghetto"", ""needs""]",232,43,28,True,offensive,"[0, 0, 0, 0, 0, 0, 0, 1, 1, 1, 1, 1, 1, 1, 1, 1, 0, 0, 0, 0, 0, 0, 1, 1, 1, 1, 1, 1, 1, 1, 0, 0, 0, 0, 0, 0, 0, 0, 0, 0, 0, 0, 0]","[""white"", ""brown"", ""red"", ""or"", ""yellow"", ""skinned"", ""person"", ""in"", ""charge"", ""not"", ""qualified"", ""to"", ""know"", ""what"", ""a"", ""ghetto"", ""needs""]"
4426836_gab,train,<user> so whites hate whites more than blacks hate whites your train of thought kind of lost me there,"[""<user>"", ""so"", ""whites"", ""hate"", ""whites"", ""more"", ""than"", ""blacks"", ""hate"", ""whites"", ""your"", ""train"", ""of"", ""thought"", ""kind"", ""of"", ""lost"", ""me"", ""there""]",normal,Caucasian,"[0, 0, 1, 1, 1, 1, 1, 1, 1, 1, 0, 0, 0, 0, 0, 0, 0, 0, 0]","[""whites"", ""hate"", ""whites"", ""more"", ""than"", ""blacks"", ""hate"", ""whites""]",201,19,8,True,offensive,"[0, 0, 1, 1, 1, 1, 1, 1, 1, 1, 0, 0, 0, 0, 0, 0, 0, 0, 0]","[""whites"", ""hate"", ""whites"", ""more"", ""than"", ""blacks"", ""hate"", ""whites""]"
4426836_gab,train,<user> so whites hate whites more than blacks hate whites your train of thought kind of lost me there,"[""<user>"", ""so"", ""whites"", ""hate"", ""whites"", ""more"", ""than"", ""blacks"", ""hate"", ""whites"", ""your"", ""train"", ""of"", ""thought"", ""kind"", ""of"", ""lost"", ""me"", ""there""]",offensive,Caucasian,"[0, 0, 1, 1, 1, 1, 1, 1, 1, 1, 0, 0, 0, 0, 0, 0, 0, 0, 0]","[""whites"", ""hate"", ""whites"", ""more"", ""than"", ""blacks"", ""hate"", ""whites""]",199,19,8,True,offensive,"[0, 0, 1, 1, 1, 1, 1, 1, 1, 1, 0, 0, 0, 0, 0, 0, 0, 0, 0]","[""whites"", ""hate"", ""whites"", ""more"", ""than"", ""blacks"", ""hate"", ""whites""]"
4545816_gab,test,imagine if someone wrote a <number> page racial history of jews white interactions in europe and casually noticed that millions of jews had been baptized and became faithful productive citizens that reversed is what i hold e michael jones has done teamwhite,"[""imagine"", ""if"", ""someone"", ""wrote"", ""a"", ""<number>"", ""page"", ""racial"", ""history"", ""of"", ""jews"", ""white"", ""interactions"", ""in"", ""europe"", ""and"", ""casually"", ""noticed"", ""that"", ""millions"", ""of"", ""jews"", ""had"", ""been"", ""baptized"", ""and"", ""became"", ""faithful"", ""productive"", ""citizens"", ""that"", ""reversed"", ""is"", ""what"", ""i"", ""hold"", ""e"", ""michael"", ""jones"", ""has"", ""done"", ""teamwhite""]",hatespeech,Caucasian,"[1, 1, 1, 1, 1, 1, 1, 1, 1, 1, 1, 0, 0, 0, 0, 0, 0, 0, 0, 0, 0, 0, 0, 0, 0, 0, 0, 0, 0, 0, 0, 0, 0, 0, 0, 0, 0, 0, 0, 0, 0, 0]","[""imagine"", ""if"", ""someone"", ""wrote"", ""a"", ""<number>"", ""page"", ""racial"", ""history"", ""of"", ""jews""]",210,42,11,True,hatespeech,"[0, 0, 0, 0, 0, 0, 0, 0, 0, 0, 0, 0, 0, 0, 0, 0, 0, 0, 0, 0, 0, 0, 0, 0, 0, 0, 0, 0, 0, 0, 0, 0, 0, 0, 0, 0, 0, 0, 0, 0, 0, 0]",[]
4751131_gab,test,european history of <number> years speaks with one voice exterminate the jews before they exterminate you whitegenocide,"[""european"", ""history"", ""of"", ""<number>"", ""years"", ""speaks"", ""with"", ""one"", ""voice"", ""exterminate"", ""the"", ""jews"", ""before"", ""they"", ""exterminate"", ""you"", ""whitegenocide""]",hatespeech,Caucasian,"[0, 0, 0, 0, 0, 0, 0, 0, 0, 1, 1, 1, 1, 1, 1, 1, 1]","[""exterminate"", ""the"", ""jews"", ""before"", ""they"", ""exterminate"", ""you"", ""whitegenocide""]",199,17,8,True,hatespeech,"[0, 0, 0, 0, 0, 0, 0, 0, 0, 1, 1, 1, 1, 1, 1, 1, 0]","[""exterminate"", ""the"", ""jews"", ""before"", ""they"", ""exterminate"", ""you""]"
4812102_gab,test,the solution to save the white race is clearly to vilify women and not have children after all who wants the burdens of marriage like our dumb ancestors they should have probably just chosen to stroke it out rather than continue on our race,"[""the"", ""solution"", ""to"", ""save"", ""the"", ""white"", ""race"", ""is"", ""clearly"", ""to"", ""vilify"", ""women"", ""and"", ""not"", ""have"", ""children"", ""after"", ""all"", ""who"", ""wants"", ""the"", ""burdens"", ""of"", ""marriage"", ""like"", ""our"", ""dumb"", ""ancestors"", ""they"", ""should"", ""have"", ""probably"", ""just"", ""chosen"", ""to"", ""stroke"", ""it"", ""out"", ""rather"", ""than"", ""continue"", ""on"", ""our"", ""race""]",offensive,Caucasian,"[0, 1, 1, 1, 1, 1, 1, 1, 1, 1, 1, 1, 1, 1, 1, 1, 0, 0, 0, 0, 0, 0, 0, 0, 0, 0, 0, 0, 0, 0, 0, 0, 0, 0, 0, 0, 0, 0, 0, 0, 0, 0, 0, 0]","[""solution"", ""to"", ""save"", ""the"", ""white"", ""race"", ""is"", ""clearly"", ""to"", ""vilify"", ""women"", ""and"", ""not"", ""have"", ""children""]",199,44,15,True,offensive,"[0, 1, 1, 0, 0, 1, 1, 1, 1, 1, 1, 1, 1, 1, 1, 1, 0, 0, 0, 0, 0, 0, 0, 0, 0, 0, 0, 0, 0, 0, 0, 0, 0, 0, 0, 0, 0, 0, 0, 0, 0, 0, 0, 0]","[""solution"", ""to"", ""white"", ""race"", ""is"", ""clearly"", ""to"", ""vilify"", ""women"", ""and"", ""not"", ""have"", ""children""]"
4812102_gab,test,the solution to save the white race is clearly to vilify women and not have children after all who wants the burdens of marriage like our dumb ancestors they should have probably just chosen to stroke it out rather than continue on our race,"[""the"", ""solution"", ""to"", ""save"", ""the"", ""white"", ""race"", ""is"", ""clearly"", ""to"", ""vilify"", ""women"", ""and"", ""not"", ""have"", ""children"", ""after"", ""all"", ""who"", ""wants"", ""the"", ""burdens"", ""of"", ""marriage"", ""like"", ""our"", ""dumb"", ""ancestors"", ""they"", ""should"", ""have"", ""probably"", ""just"", ""chosen"", ""to"", ""stroke"", ""it"", ""out"", ""rather"", ""than"", ""continue"", ""on"", ""our"", ""race""]",offensive,Caucasian,"[0, 1, 1, 0, 0, 1, 1, 1, 1, 1, 1, 1, 1, 1, 1, 1, 0, 0, 0, 0, 0, 0, 0, 0, 0, 0, 0, 0, 0, 0, 0, 0, 0, 0, 0, 0, 0, 0, 0, 0, 0, 0, 0, 0]","[""solution"", ""to"", ""white"", ""race"", ""is"", ""clearly"", ""to"", ""vilify"", ""women"", ""and"", ""not"", ""have"", ""children""]",217,44,13,True,offensive,"[0, 1, 1, 0, 0, 1, 1, 1, 1, 1, 1, 1, 1, 1, 1, 1, 0, 0, 0, 0, 0, 0, 0, 0, 0, 0, 0, 0, 0, 0, 0, 0, 0, 0, 0, 0, 0, 0, 0, 0, 0, 0, 0, 0]","[""solution"", ""to"", ""white"", ""race"", ""is"", ""clearly"", ""to"", ""vilify"", ""women"", ""and"", ""not"", ""have"", ""children""]"
4841367_gab,train,look what they would get a nationally disgraced laughing stock who worked at a senior level she would fit right in with a liberal police department driving a black white around in the ghetto as a beat cop not lol,"[""look"", ""what"", ""they"", ""would"", ""get"", ""a"", ""nationally"", ""disgraced"", ""laughing"", ""stock"", ""who"", ""worked"", ""at"", ""a"", ""senior"", ""level"", ""she"", ""would"", ""fit"", ""right"", ""in"", ""with"", ""a"", ""liberal"", ""police"", ""department"", ""driving"", ""a"", ""black"", ""white"", ""around"", ""in"", ""the"", ""ghetto"", ""as"", ""a"", ""beat"", ""cop"", ""not"", ""lol""]",offensive,Caucasian,"[0, 0, 0, 0, 0, 0, 0, 0, 0, 0, 0, 0, 0, 0, 0, 0, 0, 0, 0, 0, 0, 0, 0, 0, 0, 0, 1, 1, 1, 1, 1, 1, 1, 1, 1, 1, 1, 1, 0, 0]","[""driving"", ""a"", ""black"", ""white"", ""around"", ""in"", ""the"", ""ghetto"", ""as"", ""a"", ""beat"", ""cop""]",199,40,12,True,offensive,"[0, 0, 0, 0, 0, 0, 0, 0, 0, 0, 0, 0, 0, 0, 0, 0, 0, 0, 0, 0, 0, 0, 0, 0, 0, 0, 0, 0, 1, 1, 1, 1, 1, 1, 1, 1, 1, 1, 0, 0]","[""black"", ""white"", ""around"", ""in"", ""the"", ""ghetto"", ""as"", ""a"", ""beat"", ""cop""]"
4863900_gab,train,dear germany the holocaust was a hoax war propaganda meant to demonize germany jewish communist had been ethnically cleansing the native german people you fought back and lost you are still being ethnically cleansed by the jews replaced with muslims holohoax savegermany stopwhitegenocide,"[""dear"", ""germany"", ""the"", ""holocaust"", ""was"", ""a"", ""hoax"", ""war"", ""propaganda"", ""meant"", ""to"", ""demonize"", ""germany"", ""jewish"", ""communist"", ""had"", ""been"", ""ethnically"", ""cleansing"", ""the"", ""native"", ""german"", ""people"", ""you"", ""fought"", ""back"", ""and"", ""lost"", ""you"", ""are"", ""still"", ""being"", ""ethnically"", ""cleansed"", ""by"", ""the"", ""jews"", ""replaced"", ""with"", ""muslims"", ""holohoax"", ""savegermany"", ""stopwhitegenocide""]",hatespeech,Caucasian,"[0, 0, 0, 1, 1, 1, 1, 0, 0, 0, 0, 0, 0, 1, 1, 1, 1, 1, 1, 1, 1, 1, 1, 0, 0, 0, 0, 0, 0, 0, 0, 0, 1, 1, 1, 1, 1, 0, 0, 0, 0, 0, 0]","[""holocaust"", ""was"", ""a"", ""hoax"", ""jewish"", ""communist"", ""had"", ""been"", ""ethnically"", ""cleansing"", ""the"", ""native"", ""german"", ""people"", ""ethnically"", ""cleansed"", ""by"", ""the"", ""jews""]",199,43,19,True,offensive,"[0, 0, 0, 1, 1, 1, 1, 0, 0, 0, 0, 0, 0, 1, 1, 1, 1, 1, 1, 1, 1, 1, 0, 0, 0, 0, 0, 0, 0, 0, 0, 0, 1, 1, 1, 1, 1, 0, 0, 0, 0, 0, 0]","[""holocaust"", ""was"", ""a"", ""hoax"", ""jewish"", ""communist"", ""had"", ""been"", ""ethnically"", ""cleansing"", ""the"", ""native"", ""german"", ""ethnically"", ""cleansed"", ""by"", ""the"", ""jews""]"
4873015_gab,train,hey nfl fox instead of segment promoting black football players how about a tribute to white women raped by black football players although due to time constraints that may be unrealistic,"[""hey"", ""nfl"", ""fox"", ""instead"", ""of"", ""segment"", ""promoting"", ""black"", ""football"", ""players"", ""how"", ""about"", ""a"", ""tribute"", ""to"", ""white"", ""women"", ""raped"", ""by"", ""black"", ""football"", ""players"", ""although"", ""due"", ""to"", ""time"", ""constraints"", ""that"", ""may"", ""be"", ""unrealistic""]",offensive,Caucasian,"[0, 0, 0, 0, 0, 0, 0, 0, 0, 0, 1, 1, 1, 1, 1, 1, 1, 1, 1, 1, 1, 1, 0, 0, 0, 0, 0, 0, 0, 0, 0]","[""how"", ""about"", ""a"", ""tribute"", ""to"", ""white"", ""women"", ""raped"", ""by"", ""black"", ""football"", ""players""]",232,31,12,True,offensive,"[0, 0, 0, 0, 0, 0, 0, 0, 0, 0, 0, 0, 0, 0, 0, 1, 1, 1, 1, 1, 1, 1, 0, 0, 0, 0, 0, 0, 0, 0, 0]","[""white"", ""women"", ""raped"", ""by"", ""black"", ""football"", ""players""]"
5066144_gab,train,religion <number> down ay and in it place a blend of identitarianism and nationalism lets make it happen the jews though they have got communism and fuck white people upism,"[""religion"", ""<number>"", ""down"", ""ay"", ""and"", ""in"", ""it"", ""place"", ""a"", ""blend"", ""of"", ""identitarianism"", ""and"", ""nationalism"", ""lets"", ""make"", ""it"", ""happen"", ""the"", ""jews"", ""though"", ""they"", ""have"", ""got"", ""communism"", ""and"", ""fuck"", ""white"", ""people"", ""upism""]",offensive,Caucasian,"[0, 0, 0, 0, 0, 0, 0, 0, 0, 0, 0, 0, 0, 0, 0, 0, 0, 0, 0, 0, 0, 1, 1, 1, 1, 1, 1, 1, 1, 1]","[""they"", ""have"", ""got"", ""communism"", ""and"", ""fuck"", ""white"", ""people"", ""upism""]",207,30,9,True,offensive,"[0, 0, 0, 0, 0, 0, 0, 0, 0, 0, 0, 0, 0, 0, 0, 0, 0, 0, 0, 0, 0, 1, 1, 1, 1, 1, 1, 1, 1, 1]","[""they"", ""have"", ""got"", ""communism"", ""and"", ""fuck"", ""white"", ""people"", ""upism""]"
5170834_gab,train,cont my fecundity and a fuller economic productivity has been outrageously stolen by ghetto blacks mexican invaders white meth trash and now now muslims all to support the kalergi plans of the globalists you know whos no more,"[""cont"", ""my"", ""fecundity"", ""and"", ""a"", ""fuller"", ""economic"", ""productivity"", ""has"", ""been"", ""outrageously"", ""stolen"", ""by"", ""ghetto"", ""blacks"", ""mexican"", ""invaders"", ""white"", ""meth"", ""trash"", ""and"", ""now"", ""now"", ""muslims"", ""all"", ""to"", ""support"", ""the"", ""kalergi"", ""plans"", ""of"", ""the"", ""globalists"", ""you"", ""know"", ""whos"", ""no"", ""more""]",hatespeech,Caucasian,"[0, 1, 1, 1, 1, 1, 1, 1, 1, 1, 1, 1, 1, 1, 1, 1, 1, 1, 1, 1, 1, 1, 1, 1, 1, 1, 1, 1, 1, 1, 1, 1, 1, 0, 0, 0, 0, 0]","[""my"", ""fecundity"", ""and"", ""a"", ""fuller"", ""economic"", ""productivity"", ""has"", ""been"", ""outrageously"", ""stolen"", ""by"", ""ghetto"", ""blacks"", ""mexican"", ""invaders"", ""white"", ""meth"", ""trash"", ""and"", ""now"", ""now"", ""muslims"", ""all"", ""to"", ""support"", ""the"", ""kalergi"", ""plans"", ""of"", ""the"", ""globalists""]",202,38,32,True,hatespeech,"[0, 0, 0, 0, 0, 0, 0, 0, 0, 0, 0, 0, 0, 1, 1, 1, 1, 1, 1, 1, 0, 0, 0, 1, 1, 0, 0, 0, 0, 0, 0, 0, 0, 0, 0, 0, 0, 0]","[""ghetto"", ""blacks"", ""mexican"", ""invaders"", ""white"", ""meth"", ""trash"", ""muslims"", ""all""]"
5170834_gab,train,cont my fecundity and a fuller economic productivity has been outrageously stolen by ghetto blacks mexican invaders white meth trash and now now muslims all to support the kalergi plans of the globalists you know whos no more,"[""cont"", ""my"", ""fecundity"", ""and"", ""a"", ""fuller"", ""economic"", ""productivity"", ""has"", ""been"", ""outrageously"", ""stolen"", ""by"", ""ghetto"", ""blacks"", ""mexican"", ""invaders"", ""white"", ""meth"", ""trash"", ""and"", ""now"", ""now"", ""muslims"", ""all"", ""to"", ""support"", ""the"", ""kalergi"", ""plans"", ""of"", ""the"", ""globalists"", ""you"", ""know"", ""whos"", ""no"", ""more""]",hatespeech,Caucasian,"[0, 0, 0, 0, 0, 0, 0, 0, 0, 0, 0, 0, 0, 1, 1, 1, 1, 1, 1, 1, 0, 0, 0, 1, 1, 0, 0, 0, 0, 0, 0, 0, 0, 0, 0, 0, 0, 0]","[""ghetto"", ""blacks"", ""mexican"", ""invaders"", ""white"", ""meth"", ""trash"", ""muslims"", ""all""]",200,38,9,True,hatespeech,"[0, 0, 0, 0, 0, 0, 0, 0, 0, 0, 0, 0, 0, 1, 1, 1, 1, 1, 1, 1, 0, 0, 0, 1, 1, 0, 0, 0, 0, 0, 0, 0, 0, 0, 0, 0, 0, 0]","[""ghetto"", ""blacks"", ""mexican"", ""invaders"", ""white"", ""meth"", ""trash"", ""muslims"", ""all""]"
5300600_gab,train,q how many books were written in africa before white and arabs showed up a none they had never developed a written language black men <number> of the population <number> of the murders wake up they are hunting white women it is not racist it is realist gabfam red pill maga trump,"[""q"", ""how"", ""many"", ""books"", ""were"", ""written"", ""in"", ""africa"", ""before"", ""white"", ""and"", ""arabs"", ""showed"", ""up"", ""a"", ""none"", ""they"", ""had"", ""never"", ""developed"", ""a"", ""written"", ""language"", ""black"", ""men"", ""<number>"", ""of"", ""the"", ""population"", ""<number>"", ""of"", ""the"", ""murders"", ""wake"", ""up"", ""they"", ""are"", ""hunting"", ""white"", ""women"", ""it"", ""is"", ""not"", ""racist"", ""it"", ""is"", ""realist"", ""gabfam"", ""red"", ""pill"", ""maga"", ""trump""]",hatespeech,Caucasian,"[0, 0, 0, 0, 0, 0, 0, 0, 0, 0, 0, 0, 0, 0, 0, 0, 1, 1, 1, 1, 1, 1, 1, 1, 1, 1, 1, 1, 1, 1, 1, 1, 1, 0, 0, 0, 0, 1, 1, 1, 0, 0, 0, 0, 0, 0, 0, 0, 0, 0, 0, 0]","[""they"", ""had"", ""never"", ""developed"", ""a"", ""written"", ""language"", ""black"", ""men"", ""<number>"", ""of"", ""the"", ""population"", ""<number>"", ""of"", ""the"", ""murders"", ""hunting"", ""white"", ""women""]",232,52,20,True,hatespeech,"[0, 0, 0, 0, 0, 0, 0, 0, 0, 0, 0, 0, 0, 0, 0, 0, 1, 1, 1, 1, 1, 1, 1, 1, 1, 1, 1, 1, 1, 1, 1, 1, 1, 0, 0, 0, 0, 1, 1, 1, 0, 0, 0, 0, 0, 0, 0, 0, 0, 0, 0, 0]","[""they"", ""had"", ""never"", ""developed"", ""a"", ""written"", ""language"", ""black"", ""men"", ""<number>"", ""of"", ""the"", ""population"", ""<number>"", ""of"", ""the"", ""murders"", ""hunting"", ""white"", ""women""]"
5526064_gab,train,most left wing jews hate israel which you well know most left wing jews are communist not zionist you are an idiot a disgrace to the white race,"[""most"", ""left"", ""wing"", ""jews"", ""hate"", ""israel"", ""which"", ""you"", ""well"", ""know"", ""most"", ""left"", ""wing"", ""jews"", ""are"", ""communist"", ""not"", ""zionist"", ""you"", ""are"", ""an"", ""idiot"", ""a"", ""disgrace"", ""to"", ""the"", ""white"", ""race""]",offensive,Caucasian,"[1, 1, 1, 1, 0, 0, 0, 0, 0, 0, 1, 1, 1, 1, 1, 1, 1, 1, 0, 0, 0, 0, 0, 0, 0, 0, 0, 0]","[""most"", ""left"", ""wing"", ""jews"", ""most"", ""left"", ""wing"", ""jews"", ""are"", ""communist"", ""not"", ""zionist""]",232,28,12,True,hatespeech,"[1, 1, 1, 1, 0, 0, 0, 0, 0, 0, 1, 1, 1, 1, 1, 1, 1, 1, 0, 0, 0, 0, 0, 0, 0, 0, 0, 0]","[""most"", ""left"", ""wing"", ""jews"", ""most"", ""left"", ""wing"", ""jews"", ""are"", ""communist"", ""not"", ""zionist""]"
5660805_gab,train,asia for asians africa for africans whites countries for everybody there will still be asians in asia and africans in africa but the west will be blended brown this is white genocide whites need a safe space to propagate their gene pool and preserve their culture,"[""asia"", ""for"", ""asians"", ""africa"", ""for"", ""africans"", ""whites"", ""countries"", ""for"", ""everybody"", ""there"", ""will"", ""still"", ""be"", ""asians"", ""in"", ""asia"", ""and"", ""africans"", ""in"", ""africa"", ""but"", ""the"", ""west"", ""will"", ""be"", ""blended"", ""brown"", ""this"", ""is"", ""white"", ""genocide"", ""whites"", ""need"", ""a"", ""safe"", ""space"", ""to"", ""propagate"", ""their"", ""gene"", ""pool"", ""and"", ""preserve"", ""their"", ""culture""]",hatespeech,Caucasian,"[1, 1, 1, 1, 1, 1, 1, 1, 1, 1, 0, 0, 0, 0, 0, 0, 0, 0, 0, 0, 0, 1, 1, 1, 1, 1, 1, 1, 0, 0, 1, 1, 1, 1, 1, 1, 1, 1, 1, 1, 1, 1, 0, 1, 1, 1]","[""asia"", ""for"", ""asians"", ""africa"", ""for"", ""africans"", ""whites"", ""countries"", ""for"", ""everybody"", ""but"", ""the"", ""west"", ""will"", ""be"", ""blended"", ""brown"", ""white"", ""genocide"", ""whites"", ""need"", ""a"", ""safe"", ""space"", ""to"", ""propagate"", ""their"", ""gene"", ""pool"", ""preserve"", ""their"", ""culture""]",204,46,32,True,hatespeech,"[1, 1, 1, 1, 1, 1, 1, 1, 1, 1, 0, 0, 0, 0, 0, 0, 0, 0, 0, 0, 0, 1, 1, 1, 1, 1, 1, 1, 0, 0, 1, 1, 1, 1, 1, 1, 1, 1, 1, 1, 1, 1, 0, 1, 1, 1]","[""asia"", ""for"", ""asians"", ""africa"", ""for"", ""africans"", ""whites"", ""countries"", ""for"", ""everybody"", ""but"", ""the"", ""west"", ""will"", ""be"", ""blended"", ""brown"", ""white"", ""genocide"", ""whites"", ""need"", ""a"", ""safe"", ""space"", ""to"", ""propagate"", ""their"", ""gene"", ""pool"", ""preserve"", ""their"", ""culture""]"
5817512_gab,val,so here something i have had a hunch about so i have yet to really look into in their plan after white have been all but extinct seeing as they d be the last civilized group left they d go after the asians next,"[""so"", ""here"", ""something"", ""i"", ""have"", ""had"", ""a"", ""hunch"", ""about"", ""so"", ""i"", ""have"", ""yet"", ""to"", ""really"", ""look"", ""into"", ""in"", ""their"", ""plan"", ""after"", ""white"", ""have"", ""been"", ""all"", ""but"", ""extinct"", ""seeing"", ""as"", ""they"", ""d"", ""be"", ""the"", ""last"", ""civilized"", ""group"", ""left"", ""they"", ""d"", ""go"", ""after"", ""the"", ""asians"", ""next""]",hatespeech,Caucasian,"[1, 1, 1, 1, 1, 1, 1, 1, 1, 1, 1, 1, 1, 1, 1, 1, 1, 1, 1, 1, 1, 1, 1, 1, 1, 1, 1, 1, 1, 1, 1, 1, 1, 1, 1, 1, 1, 1, 1, 1, 1, 1, 1, 1]","[""so"", ""here"", ""something"", ""i"", ""have"", ""had"", ""a"", ""hunch"", ""about"", ""so"", ""i"", ""have"", ""yet"", ""to"", ""really"", ""look"", ""into"", ""in"", ""their"", ""plan"", ""after"", ""white"", ""have"", ""been"", ""all"", ""but"", ""extinct"", ""seeing"", ""as"", ""they"", ""d"", ""be"", ""the"", ""last"", ""civilized"", ""group"", ""left"", ""they"", ""d"", ""go"", ""after"", ""the"", ""asians"", ""next""]",210,44,44,True,hatespeech,"[0, 0, 0, 0, 0, 0, 0, 0, 0, 0, 0, 0, 0, 0, 0, 0, 0, 0, 0, 0, 0, 0, 0, 0, 0, 0, 0, 0, 0, 0, 0, 0, 0, 1, 1, 1, 1, 0, 0, 0, 0, 0, 0, 0]","[""last"", ""civilized"", ""group"", ""left""]"
6086312_gab,train,i think that may depend on if you are simple or ghetto trash of which there are plenty white members in either category,"[""i"", ""think"", ""that"", ""may"", ""depend"", ""on"", ""if"", ""you"", ""are"", ""simple"", ""or"", ""ghetto"", ""trash"", ""of"", ""which"", ""there"", ""are"", ""plenty"", ""white"", ""members"", ""in"", ""either"", ""category""]",offensive,Caucasian,"[0, 0, 0, 0, 0, 0, 1, 1, 1, 1, 1, 1, 1, 0, 0, 0, 0, 0, 0, 0, 0, 0, 0]","[""if"", ""you"", ""are"", ""simple"", ""or"", ""ghetto"", ""trash""]",207,23,7,True,offensive,"[0, 0, 0, 0, 0, 0, 0, 0, 0, 0, 0, 1, 1, 0, 0, 0, 0, 0, 0, 0, 0, 0, 0]","[""ghetto"", ""trash""]"
6138424_gab,train,i think donald j trump should offer a resettlement program to all eu nationals who are not happy with the current immigration policies of it leaders that way trump gets immigrants who are nearly perfectly aligned with usa values education and european expats can feel better at ease,"[""i"", ""think"", ""donald"", ""j"", ""trump"", ""should"", ""offer"", ""a"", ""resettlement"", ""program"", ""to"", ""all"", ""eu"", ""nationals"", ""who"", ""are"", ""not"", ""happy"", ""with"", ""the"", ""current"", ""immigration"", ""policies"", ""of"", ""it"", ""leaders"", ""that"", ""way"", ""trump"", ""gets"", ""immigrants"", ""who"", ""are"", ""nearly"", ""perfectly"", ""aligned"", ""with"", ""usa"", ""values"", ""education"", ""and"", ""european"", ""expats"", ""can"", ""feel"", ""better"", ""at"", ""ease""]",offensive,Caucasian,"[0, 0, 0, 0, 0, 0, 0, 0, 0, 0, 0, 0, 0, 0, 0, 0, 0, 0, 0, 0, 0, 0, 0, 0, 0, 0, 0, 0, 0, 0, 1, 0, 0, 0, 0, 0, 0, 0, 0, 0, 0, 0, 0, 0, 0, 0, 0, 0]","[""immigrants""]",199,48,1,True,offensive,"[0, 0, 0, 0, 0, 0, 0, 0, 0, 0, 0, 0, 0, 0, 0, 0, 0, 0, 0, 0, 0, 0, 0, 0, 0, 0, 0, 0, 0, 0, 1, 0, 0, 0, 0, 0, 0, 0, 0, 0, 0, 0, 0, 0, 0, 0, 0, 0]","[""immigrants""]"
6353337_gab,train,congratulations londonistan in <number> short years you managed to get back the caliphate the evil celts stole good job queen of farts and parliament will you be killing the evil whites yourselves or will you have a superior shitskin do it,"[""congratulations"", ""londonistan"", ""in"", ""<number>"", ""short"", ""years"", ""you"", ""managed"", ""to"", ""get"", ""back"", ""the"", ""caliphate"", ""the"", ""evil"", ""celts"", ""stole"", ""good"", ""job"", ""queen"", ""of"", ""farts"", ""and"", ""parliament"", ""will"", ""you"", ""be"", ""killing"", ""the"", ""evil"", ""whites"", ""yourselves"", ""or"", ""will"", ""you"", ""have"", ""a"", ""superior"", ""shitskin"", ""do"", ""it""]",offensive,Caucasian,"[0, 0, 0, 0, 0, 0, 0, 0, 0, 0, 0, 0, 0, 0, 0, 0, 0, 0, 0, 0, 0, 0, 0, 0, 0, 0, 0, 1, 1, 1, 1, 1, 1, 1, 1, 0, 0, 1, 1, 0, 0]","[""killing"", ""the"", ""evil"", ""whites"", ""yourselves"", ""or"", ""will"", ""you"", ""superior"", ""shitskin""]",217,41,10,True,offensive,"[0, 0, 0, 0, 0, 0, 0, 0, 0, 0, 0, 0, 0, 0, 0, 0, 0, 0, 0, 0, 0, 0, 0, 0, 0, 0, 0, 1, 1, 1, 1, 0, 0, 0, 0, 0, 0, 0, 1, 0, 0]","[""killing"", ""the"", ""evil"", ""whites"", ""shitskin""]"
6361297_gab,test,another day another sand nigger kills whites,"[""another"", ""day"", ""another"", ""sand"", ""nigger"", ""kills"", ""whites""]",offensive,Caucasian,"[0, 0, 0, 1, 1, 1, 1]","[""sand"", ""nigger"", ""kills"", ""whites""]",210,7,4,True,hatespeech,"[0, 0, 0, 1, 1, 1, 1]","[""sand"", ""nigger"", ""kills"", ""whites""]"
6384103_gab,train,false flag inc soon to distract from muslims and back on to a tiny white guy mowing down peeps,"[""false"", ""flag"", ""inc"", ""soon"", ""to"", ""distract"", ""from"", ""muslims"", ""and"", ""back"", ""on"", ""to"", ""a"", ""tiny"", ""white"", ""guy"", ""mowing"", ""down"", ""peeps""]",offensive,Caucasian,"[0, 0, 0, 0, 0, 1, 1, 1, 1, 1, 1, 1, 1, 1, 1, 1, 1, 1, 1]","[""distract"", ""from"", ""muslims"", ""and"", ""back"", ""on"", ""to"", ""a"", ""tiny"", ""white"", ""guy"", ""mowing"", ""down"", ""peeps""]",199,19,14,True,offensive,"[0, 0, 0, 0, 0, 1, 1, 1, 1, 1, 1, 1, 1, 1, 1, 1, 1, 1, 1]","[""distract"", ""from"", ""muslims"", ""and"", ""back"", ""on"", ""to"", ""a"", ""tiny"", ""white"", ""guy"", ""mowing"", ""down"", ""peeps""]"
6579241_gab,train,what i meant though was being up front and unapologetically racist white people are better than blacks the case with asians is different asians are better at math than whites whites excell in engineering and farming niggers aint even bronze age,"[""what"", ""i"", ""meant"", ""though"", ""was"", ""being"", ""up"", ""front"", ""and"", ""unapologetically"", ""racist"", ""white"", ""people"", ""are"", ""better"", ""than"", ""blacks"", ""the"", ""case"", ""with"", ""asians"", ""is"", ""different"", ""asians"", ""are"", ""better"", ""at"", ""math"", ""than"", ""whites"", ""whites"", ""excell"", ""in"", ""engineering"", ""and"", ""farming"", ""niggers"", ""aint"", ""even"", ""bronze"", ""age""]",hatespeech,Caucasian,"[0, 0, 0, 0, 0, 0, 0, 0, 0, 0, 0, 1, 1, 1, 1, 1, 1, 1, 1, 1, 1, 1, 1, 1, 1, 1, 1, 1, 1, 1, 1, 1, 1, 1, 1, 1, 1, 1, 1, 1, 1]","[""white"", ""people"", ""are"", ""better"", ""than"", ""blacks"", ""the"", ""case"", ""with"", ""asians"", ""is"", ""different"", ""asians"", ""are"", ""better"", ""at"", ""math"", ""than"", ""whites"", ""whites"", ""excell"", ""in"", ""engineering"", ""and"", ""farming"", ""niggers"", ""aint"", ""even"", ""bronze"", ""age""]",222,41,30,True,hatespeech,"[0, 0, 0, 0, 0, 0, 0, 0, 0, 0, 0, 1, 1, 1, 1, 1, 1, 0, 0, 0, 0, 0, 0, 0, 0, 0, 0, 0, 0, 0, 0, 0, 0, 0, 0, 0, 1, 1, 1, 1, 1]","[""white"", ""people"", ""are"", ""better"", ""than"", ""blacks"", ""niggers"", ""aint"", ""even"", ""bronze"", ""age""]"
6661295_gab,test,once racemixing became alluring purely because about <number> of japanese women are not sluts white nationalism became seriously dis alluring i hear <number> of rural russian women are not sluts though so that makes me a russian nationalist woohoo,"[""once"", ""racemixing"", ""became"", ""alluring"", ""purely"", ""because"", ""about"", ""<number>"", ""of"", ""japanese"", ""women"", ""are"", ""not"", ""sluts"", ""white"", ""nationalism"", ""became"", ""seriously"", ""dis"", ""alluring"", ""i"", ""hear"", ""<number>"", ""of"", ""rural"", ""russian"", ""women"", ""are"", ""not"", ""sluts"", ""though"", ""so"", ""that"", ""makes"", ""me"", ""a"", ""russian"", ""nationalist"", ""woohoo""]",offensive,Caucasian,"[1, 1, 1, 1, 1, 1, 1, 1, 1, 1, 1, 1, 1, 1, 1, 1, 1, 1, 1, 1, 1, 1, 1, 1, 1, 1, 1, 1, 1, 1, 1, 1, 1, 1, 1, 1, 1, 1, 0]","[""once"", ""racemixing"", ""became"", ""alluring"", ""purely"", ""because"", ""about"", ""<number>"", ""of"", ""japanese"", ""women"", ""are"", ""not"", ""sluts"", ""white"", ""nationalism"", ""became"", ""seriously"", ""dis"", ""alluring"", ""i"", ""hear"", ""<number>"", ""of"", ""rural"", ""russian"", ""women"", ""are"", ""not"", ""sluts"", ""though"", ""so"", ""that"", ""makes"", ""me"", ""a"", ""russian"", ""nationalist""]",200,39,38,True,hatespeech,"[0, 1, 1, 1, 1, 1, 1, 1, 1, 1, 1, 1, 1, 1, 0, 0, 0, 0, 0, 0, 0, 0, 0, 0, 0, 0, 0, 0, 0, 0, 0, 0, 0, 0, 0, 0, 0, 0, 0]","[""racemixing"", ""became"", ""alluring"", ""purely"", ""because"", ""about"", ""<number>"", ""of"", ""japanese"", ""women"", ""are"", ""not"", ""sluts""]"
6720216_gab,train,it run by a white guy why do you assume all late night food stalls are run by immigrants racist white people do shitty jobs too,"[""it"", ""run"", ""by"", ""a"", ""white"", ""guy"", ""why"", ""do"", ""you"", ""assume"", ""all"", ""late"", ""night"", ""food"", ""stalls"", ""are"", ""run"", ""by"", ""immigrants"", ""racist"", ""white"", ""people"", ""do"", ""shitty"", ""jobs"", ""too""]",normal,Caucasian,"[1, 1, 1, 1, 1, 1, 1, 1, 1, 1, 1, 1, 1, 1, 1, 1, 1, 1, 1, 1, 1, 1, 1, 1, 1, 1]","[""it"", ""run"", ""by"", ""a"", ""white"", ""guy"", ""why"", ""do"", ""you"", ""assume"", ""all"", ""late"", ""night"", ""food"", ""stalls"", ""are"", ""run"", ""by"", ""immigrants"", ""racist"", ""white"", ""people"", ""do"", ""shitty"", ""jobs"", ""too""]",236,26,26,True,offensive,"[0, 0, 0, 0, 0, 0, 0, 0, 0, 0, 1, 1, 1, 1, 1, 1, 1, 1, 1, 1, 0, 0, 0, 0, 0, 0]","[""all"", ""late"", ""night"", ""food"", ""stalls"", ""are"", ""run"", ""by"", ""immigrants"", ""racist""]"
6720216_gab,train,it run by a white guy why do you assume all late night food stalls are run by immigrants racist white people do shitty jobs too,"[""it"", ""run"", ""by"", ""a"", ""white"", ""guy"", ""why"", ""do"", ""you"", ""assume"", ""all"", ""late"", ""night"", ""food"", ""stalls"", ""are"", ""run"", ""by"", ""immigrants"", ""racist"", ""white"", ""people"", ""do"", ""shitty"", ""jobs"", ""too""]",offensive,Caucasian,"[0, 0, 0, 0, 0, 0, 0, 0, 0, 0, 1, 1, 1, 1, 1, 1, 1, 1, 1, 1, 0, 0, 0, 0, 0, 0]","[""all"", ""late"", ""night"", ""food"", ""stalls"", ""are"", ""run"", ""by"", ""immigrants"", ""racist""]",241,26,10,True,offensive,"[0, 0, 0, 0, 0, 0, 0, 0, 0, 0, 1, 1, 1, 1, 1, 1, 1, 1, 1, 1, 0, 0, 0, 0, 0, 0]","[""all"", ""late"", ""night"", ""food"", ""stalls"", ""are"", ""run"", ""by"", ""immigrants"", ""racist""]"
6881962_gab,train,what a <number> year old black man doing with a <number> year old white woman anyway,"[""what"", ""a"", ""<number>"", ""year"", ""old"", ""black"", ""man"", ""doing"", ""with"", ""a"", ""<number>"", ""year"", ""old"", ""white"", ""woman"", ""anyway""]",hatespeech,Caucasian,"[1, 1, 1, 1, 1, 1, 1, 1, 1, 1, 1, 1, 1, 1, 1, 0]","[""what"", ""a"", ""<number>"", ""year"", ""old"", ""black"", ""man"", ""doing"", ""with"", ""a"", ""<number>"", ""year"", ""old"", ""white"", ""woman""]",218,16,15,True,offensive,"[1, 1, 1, 1, 1, 1, 1, 1, 1, 1, 1, 1, 1, 1, 1, 0]","[""what"", ""a"", ""<number>"", ""year"", ""old"", ""black"", ""man"", ""doing"", ""with"", ""a"", ""<number>"", ""year"", ""old"", ""white"", ""woman""]"
6934426_gab,train,why are middle class white intellectual leftists so pleased a muslim was elected mayor of london does not that tell you how many muslims live in the nations capital and also self destructive indoctrinated english there are now multiculturalism has fractured my country and is not a strength sjw,"[""why"", ""are"", ""middle"", ""class"", ""white"", ""intellectual"", ""leftists"", ""so"", ""pleased"", ""a"", ""muslim"", ""was"", ""elected"", ""mayor"", ""of"", ""london"", ""does"", ""not"", ""that"", ""tell"", ""you"", ""how"", ""many"", ""muslims"", ""live"", ""in"", ""the"", ""nations"", ""capital"", ""and"", ""also"", ""self"", ""destructive"", ""indoctrinated"", ""english"", ""there"", ""are"", ""now"", ""multiculturalism"", ""has"", ""fractured"", ""my"", ""country"", ""and"", ""is"", ""not"", ""a"", ""strength"", ""sjw""]",offensive,Caucasian,"[0, 0, 0, 0, 0, 0, 0, 0, 0, 0, 0, 0, 0, 0, 0, 0, 0, 0, 0, 0, 0, 0, 0, 0, 0, 0, 0, 0, 0, 0, 0, 1, 1, 1, 1, 0, 0, 0, 0, 0, 0, 0, 0, 0, 0, 0, 0, 0, 0]","[""self"", ""destructive"", ""indoctrinated"", ""english""]",202,49,4,True,offensive,"[0, 0, 0, 0, 0, 0, 0, 0, 0, 0, 0, 0, 0, 0, 0, 0, 0, 0, 0, 0, 0, 0, 0, 0, 0, 0, 0, 0, 0, 0, 0, 1, 1, 1, 1, 0, 0, 0, 0, 0, 0, 0, 0, 0, 0, 0, 0, 0, 0]","[""self"", ""destructive"", ""indoctrinated"", ""english""]"
7131848_gab,train,trying to understand why azerbaijan is muslim why white aryan men turned to muslim when muslim is a sand nigger invention with the help of jews aryan men get their racial name from the mountains of caucuses hence caucasian people,"[""trying"", ""to"", ""understand"", ""why"", ""azerbaijan"", ""is"", ""muslim"", ""why"", ""white"", ""aryan"", ""men"", ""turned"", ""to"", ""muslim"", ""when"", ""muslim"", ""is"", ""a"", ""sand"", ""nigger"", ""invention"", ""with"", ""the"", ""help"", ""of"", ""jews"", ""aryan"", ""men"", ""get"", ""their"", ""racial"", ""name"", ""from"", ""the"", ""mountains"", ""of"", ""caucuses"", ""hence"", ""caucasian"", ""people""]",offensive,Caucasian,"[0, 0, 0, 0, 1, 1, 1, 1, 1, 1, 1, 0, 0, 1, 1, 1, 1, 1, 1, 1, 1, 1, 1, 1, 1, 1, 1, 1, 0, 0, 1, 1, 1, 1, 1, 0, 1, 0, 0, 0]","[""azerbaijan"", ""is"", ""muslim"", ""why"", ""white"", ""aryan"", ""men"", ""muslim"", ""when"", ""muslim"", ""is"", ""a"", ""sand"", ""nigger"", ""invention"", ""with"", ""the"", ""help"", ""of"", ""jews"", ""aryan"", ""men"", ""racial"", ""name"", ""from"", ""the"", ""mountains"", ""caucuses""]",199,40,28,True,offensive,"[0, 0, 0, 0, 0, 0, 0, 0, 0, 0, 0, 0, 0, 0, 0, 1, 1, 1, 1, 1, 1, 0, 0, 0, 0, 0, 0, 0, 0, 0, 0, 0, 0, 0, 0, 0, 0, 0, 0, 0]","[""muslim"", ""is"", ""a"", ""sand"", ""nigger"", ""invention""]"
7387686_gab,train,jews are not complicated they make it seem that way azikanzi bullshit my ass that made up shit all it is is jew tube tv dna has been done some jews married into white culture in the caucuses mountains we r called caucasians for a reason,"[""jews"", ""are"", ""not"", ""complicated"", ""they"", ""make"", ""it"", ""seem"", ""that"", ""way"", ""azikanzi"", ""bullshit"", ""my"", ""ass"", ""that"", ""made"", ""up"", ""shit"", ""all"", ""it"", ""is"", ""is"", ""jew"", ""tube"", ""tv"", ""dna"", ""has"", ""been"", ""done"", ""some"", ""jews"", ""married"", ""into"", ""white"", ""culture"", ""in"", ""the"", ""caucuses"", ""mountains"", ""we"", ""r"", ""called"", ""caucasians"", ""for"", ""a"", ""reason""]",hatespeech,Caucasian,"[1, 1, 1, 1, 1, 1, 1, 1, 1, 1, 1, 1, 1, 1, 0, 0, 0, 0, 1, 1, 1, 1, 1, 1, 1, 1, 1, 1, 1, 1, 1, 1, 1, 1, 1, 1, 1, 1, 1, 1, 1, 1, 1, 1, 1, 1]","[""jews"", ""are"", ""not"", ""complicated"", ""they"", ""make"", ""it"", ""seem"", ""that"", ""way"", ""azikanzi"", ""bullshit"", ""my"", ""ass"", ""all"", ""it"", ""is"", ""is"", ""jew"", ""tube"", ""tv"", ""dna"", ""has"", ""been"", ""done"", ""some"", ""jews"", ""married"", ""into"", ""white"", ""culture"", ""in"", ""the"", ""caucuses"", ""mountains"", ""we"", ""r"", ""called"", ""caucasians"", ""for"", ""a"", ""reason""]",248,46,42,True,hatespeech,"[0, 0, 0, 0, 0, 0, 0, 0, 0, 0, 1, 1, 1, 1, 0, 0, 0, 0, 0, 0, 0, 0, 0, 0, 0, 0, 0, 0, 0, 0, 0, 0, 0, 0, 0, 0, 0, 0, 0, 0, 0, 0, 0, 0, 0, 0]","[""azikanzi"", ""bullshit"", ""my"", ""ass""]"
7569509_gab,train,people carry on about eugenics and how these eugenicists threaten the global population with their menacing ideas so far though only <number> populations have had these mass scale eugenics programs rolled out on them neasians and us white people its not about the muds its about genociding the competition,"[""people"", ""carry"", ""on"", ""about"", ""eugenics"", ""and"", ""how"", ""these"", ""eugenicists"", ""threaten"", ""the"", ""global"", ""population"", ""with"", ""their"", ""menacing"", ""ideas"", ""so"", ""far"", ""though"", ""only"", ""<number>"", ""populations"", ""have"", ""had"", ""these"", ""mass"", ""scale"", ""eugenics"", ""programs"", ""rolled"", ""out"", ""on"", ""them"", ""neasians"", ""and"", ""us"", ""white"", ""people"", ""its"", ""not"", ""about"", ""the"", ""muds"", ""its"", ""about"", ""genociding"", ""the"", ""competition""]",offensive,Caucasian,"[1, 1, 1, 1, 1, 1, 1, 1, 1, 1, 1, 1, 1, 1, 1, 1, 1, 1, 1, 1, 1, 1, 1, 1, 1, 1, 1, 1, 1, 1, 1, 1, 1, 1, 1, 1, 1, 1, 1, 1, 1, 1, 1, 1, 1, 1, 1, 1, 1]","[""people"", ""carry"", ""on"", ""about"", ""eugenics"", ""and"", ""how"", ""these"", ""eugenicists"", ""threaten"", ""the"", ""global"", ""population"", ""with"", ""their"", ""menacing"", ""ideas"", ""so"", ""far"", ""though"", ""only"", ""<number>"", ""populations"", ""have"", ""had"", ""these"", ""mass"", ""scale"", ""eugenics"", ""programs"", ""rolled"", ""out"", ""on"", ""them"", ""neasians"", ""and"", ""us"", ""white"", ""people"", ""its"", ""not"", ""about"", ""the"", ""muds"", ""its"", ""about"", ""genociding"", ""the"", ""competition""]",199,49,49,True,offensive,"[0, 0, 0, 0, 0, 0, 0, 0, 0, 0, 0, 0, 0, 0, 0, 0, 0, 0, 0, 0, 0, 0, 0, 0, 0, 0, 0, 0, 0, 0, 0, 0, 0, 0, 0, 0, 0, 0, 0, 0, 1, 1, 1, 1, 1, 1, 1, 1, 1]","[""not"", ""about"", ""the"", ""muds"", ""its"", ""about"", ""genociding"", ""the"", ""competition""]"
7569509_gab,train,people carry on about eugenics and how these eugenicists threaten the global population with their menacing ideas so far though only <number> populations have had these mass scale eugenics programs rolled out on them neasians and us white people its not about the muds its about genociding the competition,"[""people"", ""carry"", ""on"", ""about"", ""eugenics"", ""and"", ""how"", ""these"", ""eugenicists"", ""threaten"", ""the"", ""global"", ""population"", ""with"", ""their"", ""menacing"", ""ideas"", ""so"", ""far"", ""though"", ""only"", ""<number>"", ""populations"", ""have"", ""had"", ""these"", ""mass"", ""scale"", ""eugenics"", ""programs"", ""rolled"", ""out"", ""on"", ""them"", ""neasians"", ""and"", ""us"", ""white"", ""people"", ""its"", ""not"", ""about"", ""the"", ""muds"", ""its"", ""about"", ""genociding"", ""the"", ""competition""]",offensive,Caucasian,"[0, 0, 0, 0, 0, 0, 0, 0, 0, 0, 0, 0, 0, 0, 0, 0, 0, 0, 0, 0, 0, 0, 0, 0, 0, 0, 0, 0, 0, 0, 0, 0, 0, 0, 0, 0, 0, 0, 0, 0, 1, 1, 1, 1, 1, 1, 1, 1, 1]","[""not"", ""about"", ""the"", ""muds"", ""its"", ""about"", ""genociding"", ""the"", ""competition""]",222,49,9,True,offensive,"[0, 0, 0, 0, 0, 0, 0, 0, 0, 0, 0, 0, 0, 0, 0, 0, 0, 0, 0, 0, 0, 0, 0, 0, 0, 0, 0, 0, 0, 0, 0, 0, 0, 0, 0, 0, 0, 0, 0, 0, 1, 1, 1, 1, 1, 1, 1, 1, 1]","[""not"", ""about"", ""the"", ""muds"", ""its"", ""about"", ""genociding"", ""the"", ""competition""]"
7591296_gab,train,anyway even if i was in that picture why would i say something so stupid nazis can find me lol no fuck all nazi trash,"[""anyway"", ""even"", ""if"", ""i"", ""was"", ""in"", ""that"", ""picture"", ""why"", ""would"", ""i"", ""say"", ""something"", ""so"", ""stupid"", ""nazis"", ""can"", ""find"", ""me"", ""lol"", ""no"", ""fuck"", ""all"", ""nazi"", ""trash""]",offensive,Caucasian,"[0, 0, 0, 0, 0, 0, 0, 0, 0, 0, 0, 0, 0, 1, 1, 1, 1, 1, 1, 1, 1, 1, 1, 1, 1]","[""so"", ""stupid"", ""nazis"", ""can"", ""find"", ""me"", ""lol"", ""no"", ""fuck"", ""all"", ""nazi"", ""trash""]",207,25,12,True,offensive,"[0, 0, 0, 0, 0, 0, 0, 0, 0, 0, 0, 0, 0, 0, 0, 0, 0, 0, 0, 0, 0, 1, 1, 1, 1]","[""fuck"", ""all"", ""nazi"", ""trash""]"
7660296_gab,train,the western power structure wants to kill you slowly through diversity enforced by strategic violence tommy curry wants to kill you quickly by less strategic violence both want to eliminate white people more importantly racists i e white people tommy curry is bad merica is good,"[""the"", ""western"", ""power"", ""structure"", ""wants"", ""to"", ""kill"", ""you"", ""slowly"", ""through"", ""diversity"", ""enforced"", ""by"", ""strategic"", ""violence"", ""tommy"", ""curry"", ""wants"", ""to"", ""kill"", ""you"", ""quickly"", ""by"", ""less"", ""strategic"", ""violence"", ""both"", ""want"", ""to"", ""eliminate"", ""white"", ""people"", ""more"", ""importantly"", ""racists"", ""i"", ""e"", ""white"", ""people"", ""tommy"", ""curry"", ""is"", ""bad"", ""merica"", ""is"", ""good""]",normal,Caucasian,"[1, 1, 1, 1, 1, 1, 1, 1, 1, 1, 1, 1, 1, 1, 1, 1, 1, 1, 1, 1, 1, 1, 1, 1, 1, 1, 1, 1, 1, 1, 1, 1, 1, 1, 1, 1, 1, 1, 1, 1, 1, 1, 1, 1, 1, 1]","[""the"", ""western"", ""power"", ""structure"", ""wants"", ""to"", ""kill"", ""you"", ""slowly"", ""through"", ""diversity"", ""enforced"", ""by"", ""strategic"", ""violence"", ""tommy"", ""curry"", ""wants"", ""to"", ""kill"", ""you"", ""quickly"", ""by"", ""less"", ""strategic"", ""violence"", ""both"", ""want"", ""to"", ""eliminate"", ""white"", ""people"", ""more"", ""importantly"", ""racists"", ""i"", ""e"", ""white"", ""people"", ""tommy"", ""curry"", ""is"", ""bad"", ""merica"", ""is"", ""good""]",199,46,46,True,offensive,"[0, 0, 0, 0, 0, 0, 0, 0, 0, 0, 0, 0, 0, 0, 0, 0, 0, 0, 0, 0, 0, 0, 0, 0, 0, 0, 0, 0, 0, 1, 1, 1, 0, 0, 0, 0, 0, 0, 0, 0, 0, 0, 0, 0, 0, 0]","[""eliminate"", ""white"", ""people""]"
7903127_gab,train,hello erry1 is this truly free or nah testing please ignore trump drump hillary email server fuck nigger cunt shit alex jones swastika white power hitler edit lovable,"[""hello"", ""erry1"", ""is"", ""this"", ""truly"", ""free"", ""or"", ""nah"", ""testing"", ""please"", ""ignore"", ""trump"", ""drump"", ""hillary"", ""email"", ""server"", ""fuck"", ""nigger"", ""cunt"", ""shit"", ""alex"", ""jones"", ""swastika"", ""white"", ""power"", ""hitler"", ""edit"", ""lovable""]",hatespeech,Caucasian,"[0, 0, 0, 0, 0, 0, 0, 0, 0, 0, 0, 0, 0, 0, 0, 0, 1, 1, 1, 1, 1, 1, 1, 1, 1, 0, 0, 1]","[""fuck"", ""nigger"", ""cunt"", ""shit"", ""alex"", ""jones"", ""swastika"", ""white"", ""power"", ""lovable""]",232,28,10,True,hatespeech,"[0, 0, 0, 0, 0, 0, 0, 0, 0, 0, 0, 0, 0, 0, 0, 0, 1, 1, 1, 1, 0, 0, 1, 1, 1, 0, 0, 0]","[""fuck"", ""nigger"", ""cunt"", ""shit"", ""swastika"", ""white"", ""power""]"
8038954_gab,train,it an incident you hear that incident if it was a white guy it would be terrorism you know we should figure out what the arabs are doing,"[""it"", ""an"", ""incident"", ""you"", ""hear"", ""that"", ""incident"", ""if"", ""it"", ""was"", ""a"", ""white"", ""guy"", ""it"", ""would"", ""be"", ""terrorism"", ""you"", ""know"", ""we"", ""should"", ""figure"", ""out"", ""what"", ""the"", ""arabs"", ""are"", ""doing""]",normal,Caucasian,"[0, 0, 0, 0, 0, 0, 0, 1, 1, 1, 1, 1, 1, 1, 1, 1, 1, 0, 0, 0, 0, 0, 0, 0, 0, 0, 0, 0]","[""if"", ""it"", ""was"", ""a"", ""white"", ""guy"", ""it"", ""would"", ""be"", ""terrorism""]",204,28,10,True,offensive,"[0, 0, 0, 0, 0, 0, 0, 1, 1, 1, 1, 1, 1, 1, 1, 1, 1, 0, 0, 0, 0, 0, 0, 0, 0, 0, 0, 0]","[""if"", ""it"", ""was"", ""a"", ""white"", ""guy"", ""it"", ""would"", ""be"", ""terrorism""]"
8131624_gab,train,again it only white libtards who care about this whiteprivilege nonsense the rest of the world does not give a f*ck <censored>,"[""again"", ""it"", ""only"", ""white"", ""libtards"", ""who"", ""care"", ""about"", ""this"", ""whiteprivilege"", ""nonsense"", ""the"", ""rest"", ""of"", ""the"", ""world"", ""does"", ""not"", ""give"", ""a"", ""f*ck"", ""<censored>""]",offensive,Caucasian,"[0, 0, 0, 0, 1, 0, 0, 0, 0, 0, 0, 0, 0, 0, 0, 0, 0, 0, 0, 0, 0, 0]","[""libtards""]",228,22,1,True,offensive,"[0, 0, 0, 0, 1, 0, 0, 0, 0, 0, 0, 0, 0, 0, 0, 0, 0, 0, 0, 0, 0, 0]","[""libtards""]"
8158630_gab,train,raping black women is like pissing in the rain saying hey whites let revenge rape the black women is like saying hey let trash the ghetto ie redundant and would probably result in inadvertent improvement and appreciation making booker t washingtons of chimps,"[""raping"", ""black"", ""women"", ""is"", ""like"", ""pissing"", ""in"", ""the"", ""rain"", ""saying"", ""hey"", ""whites"", ""let"", ""revenge"", ""rape"", ""the"", ""black"", ""women"", ""is"", ""like"", ""saying"", ""hey"", ""let"", ""trash"", ""the"", ""ghetto"", ""ie"", ""redundant"", ""and"", ""would"", ""probably"", ""result"", ""in"", ""inadvertent"", ""improvement"", ""and"", ""appreciation"", ""making"", ""booker"", ""t"", ""washingtons"", ""of"", ""chimps""]",offensive,Caucasian,"[1, 1, 1, 1, 1, 1, 1, 1, 1, 0, 0, 0, 0, 0, 0, 0, 0, 0, 0, 0, 0, 0, 0, 0, 0, 0, 0, 0, 0, 0, 0, 0, 0, 0, 0, 0, 0, 0, 0, 0, 0, 0, 0]","[""raping"", ""black"", ""women"", ""is"", ""like"", ""pissing"", ""in"", ""the"", ""rain""]",199,43,9,True,offensive,"[1, 1, 1, 0, 0, 0, 0, 0, 0, 0, 0, 0, 0, 0, 0, 0, 0, 0, 0, 0, 0, 0, 0, 0, 0, 0, 0, 0, 0, 0, 0, 0, 0, 0, 0, 0, 0, 0, 0, 0, 0, 0, 0]","[""raping"", ""black"", ""women""]"
8173697_gab,train,where your link mr rhetoric did you you make it up it funny how they stopped breaking down by race after <number> it a great thing that rapes are down but its incontrovertible that blacks are significantly more violent compared to whites and asians,"[""where"", ""your"", ""link"", ""mr"", ""rhetoric"", ""did"", ""you"", ""you"", ""make"", ""it"", ""up"", ""it"", ""funny"", ""how"", ""they"", ""stopped"", ""breaking"", ""down"", ""by"", ""race"", ""after"", ""<number>"", ""it"", ""a"", ""great"", ""thing"", ""that"", ""rapes"", ""are"", ""down"", ""but"", ""its"", ""incontrovertible"", ""that"", ""blacks"", ""are"", ""significantly"", ""more"", ""violent"", ""compared"", ""to"", ""whites"", ""and"", ""asians""]",offensive,Caucasian,"[0, 0, 0, 0, 0, 0, 0, 0, 0, 0, 0, 0, 0, 0, 0, 0, 0, 0, 0, 0, 0, 0, 0, 0, 0, 0, 0, 0, 0, 0, 0, 0, 0, 0, 1, 1, 1, 1, 1, 1, 1, 1, 1, 1]","[""blacks"", ""are"", ""significantly"", ""more"", ""violent"", ""compared"", ""to"", ""whites"", ""and"", ""asians""]",204,44,10,True,offensive,"[0, 0, 0, 0, 0, 0, 0, 0, 0, 0, 0, 0, 0, 0, 0, 0, 0, 0, 0, 0, 0, 0, 0, 0, 0, 0, 0, 0, 0, 0, 0, 0, 0, 0, 1, 1, 1, 1, 1, 1, 1, 1, 1, 1]","[""blacks"", ""are"", ""significantly"", ""more"", ""violent"", ""compared"", ""to"", ""whites"", ""and"", ""asians""]"
8173697_gab,train,where your link mr rhetoric did you you make it up it funny how they stopped breaking down by race after <number> it a great thing that rapes are down but its incontrovertible that blacks are significantly more violent compared to whites and asians,"[""where"", ""your"", ""link"", ""mr"", ""rhetoric"", ""did"", ""you"", ""you"", ""make"", ""it"", ""up"", ""it"", ""funny"", ""how"", ""they"", ""stopped"", ""breaking"", ""down"", ""by"", ""race"", ""after"", ""<number>"", ""it"", ""a"", ""great"", ""thing"", ""that"", ""rapes"", ""are"", ""down"", ""but"", ""its"", ""incontrovertible"", ""that"", ""blacks"", ""are"", ""significantly"", ""more"", ""violent"", ""compared"", ""to"", ""whites"", ""and"", ""asians""]",offensive,Caucasian,"[0, 0, 0, 0, 0, 0, 0, 0, 0, 0, 0, 0, 0, 0, 0, 0, 0, 0, 0, 0, 0, 0, 0, 0, 0, 0, 0, 0, 0, 0, 0, 0, 0, 0, 1, 1, 1, 1, 1, 1, 1, 1, 1, 1]","[""blacks"", ""are"", ""significantly"", ""more"", ""violent"", ""compared"", ""to"", ""whites"", ""and"", ""asians""]",222,44,10,True,offensive,"[0, 0, 0, 0, 0, 0, 0, 0, 0, 0, 0, 0, 0, 0, 0, 0, 0, 0, 0, 0, 0, 0, 0, 0, 0, 0, 0, 0, 0, 0, 0, 0, 0, 0, 1, 1, 1, 1, 1, 1, 1, 1, 1, 1]","[""blacks"", ""are"", ""significantly"", ""more"", ""violent"", ""compared"", ""to"", ""whites"", ""and"", ""asians""]"
8196222_gab,train,and fuck the faggot usa any nation that prides itself on being the first white nation of immigrants and cucks itself to death by allowing itself to become the minority deserves to wiped out you deserve your death you can not treat collective suicide like this not great loss to humanity,"[""and"", ""fuck"", ""the"", ""faggot"", ""usa"", ""any"", ""nation"", ""that"", ""prides"", ""itself"", ""on"", ""being"", ""the"", ""first"", ""white"", ""nation"", ""of"", ""immigrants"", ""and"", ""cucks"", ""itself"", ""to"", ""death"", ""by"", ""allowing"", ""itself"", ""to"", ""become"", ""the"", ""minority"", ""deserves"", ""to"", ""wiped"", ""out"", ""you"", ""deserve"", ""your"", ""death"", ""you"", ""can"", ""not"", ""treat"", ""collective"", ""suicide"", ""like"", ""this"", ""not"", ""great"", ""loss"", ""to"", ""humanity""]",hatespeech,Caucasian,"[0, 1, 1, 1, 1, 0, 0, 0, 0, 0, 0, 0, 0, 0, 0, 0, 0, 0, 0, 0, 0, 0, 0, 0, 0, 0, 0, 0, 0, 0, 1, 1, 1, 1, 1, 1, 1, 1, 0, 0, 0, 0, 0, 0, 0, 0, 1, 1, 1, 1, 1]","[""fuck"", ""the"", ""faggot"", ""usa"", ""deserves"", ""to"", ""wiped"", ""out"", ""you"", ""deserve"", ""your"", ""death"", ""not"", ""great"", ""loss"", ""to"", ""humanity""]",207,51,17,True,hatespeech,"[0, 1, 1, 1, 1, 0, 0, 0, 0, 0, 0, 0, 0, 0, 0, 0, 0, 0, 0, 0, 0, 0, 0, 0, 0, 0, 0, 0, 0, 0, 1, 1, 1, 1, 1, 1, 1, 1, 0, 0, 0, 0, 0, 0, 0, 0, 1, 1, 1, 1, 1]","[""fuck"", ""the"", ""faggot"", ""usa"", ""deserves"", ""to"", ""wiped"", ""out"", ""you"", ""deserve"", ""your"", ""death"", ""not"", ""great"", ""loss"", ""to"", ""humanity""]"
8431209_gab,train,good looking couple pity only models who probably will not have kids or will mix white men really need to get over this traditional asian wife crap white women need to stop trying to prove i am not racist by dating dark young whites marry breed repeat,"[""good"", ""looking"", ""couple"", ""pity"", ""only"", ""models"", ""who"", ""probably"", ""will"", ""not"", ""have"", ""kids"", ""or"", ""will"", ""mix"", ""white"", ""men"", ""really"", ""need"", ""to"", ""get"", ""over"", ""this"", ""traditional"", ""asian"", ""wife"", ""crap"", ""white"", ""women"", ""need"", ""to"", ""stop"", ""trying"", ""to"", ""prove"", ""i"", ""am"", ""not"", ""racist"", ""by"", ""dating"", ""dark"", ""young"", ""whites"", ""marry"", ""breed"", ""repeat""]",hatespeech,Caucasian,"[0, 0, 0, 1, 1, 1, 1, 1, 1, 1, 1, 1, 1, 1, 1, 1, 1, 1, 1, 1, 1, 1, 1, 1, 1, 1, 1, 1, 1, 1, 1, 1, 1, 1, 1, 1, 1, 1, 1, 1, 1, 1, 1, 1, 1, 1, 1]","[""pity"", ""only"", ""models"", ""who"", ""probably"", ""will"", ""not"", ""have"", ""kids"", ""or"", ""will"", ""mix"", ""white"", ""men"", ""really"", ""need"", ""to"", ""get"", ""over"", ""this"", ""traditional"", ""asian"", ""wife"", ""crap"", ""white"", ""women"", ""need"", ""to"", ""stop"", ""trying"", ""to"", ""prove"", ""i"", ""am"", ""not"", ""racist"", ""by"", ""dating"", ""dark"", ""young"", ""whites"", ""marry"", ""breed"", ""repeat""]",199,47,44,True,offensive,"[0, 0, 0, 0, 0, 0, 0, 0, 0, 0, 0, 0, 0, 0, 0, 1, 1, 1, 1, 1, 1, 1, 1, 1, 1, 1, 1, 0, 0, 0, 0, 0, 0, 0, 0, 0, 0, 0, 0, 0, 0, 0, 0, 0, 0, 0, 0]","[""white"", ""men"", ""really"", ""need"", ""to"", ""get"", ""over"", ""this"", ""traditional"", ""asian"", ""wife"", ""crap""]"
8445657_gab,train,<user> prestom you could not be more wrong aa is anti white gov program it also hurts the asians,"[""<user>"", ""prestom"", ""you"", ""could"", ""not"", ""be"", ""more"", ""wrong"", ""aa"", ""is"", ""anti"", ""white"", ""gov"", ""program"", ""it"", ""also"", ""hurts"", ""the"", ""asians""]",offensive,Caucasian,"[0, 1, 1, 1, 1, 1, 1, 1, 1, 1, 1, 1, 1, 1, 1, 1, 1, 1, 1]","[""prestom"", ""you"", ""could"", ""not"", ""be"", ""more"", ""wrong"", ""aa"", ""is"", ""anti"", ""white"", ""gov"", ""program"", ""it"", ""also"", ""hurts"", ""the"", ""asians""]",223,19,18,True,offensive,"[0, 0, 0, 0, 0, 0, 0, 0, 1, 1, 1, 1, 1, 1, 0, 0, 0, 0, 0]","[""aa"", ""is"", ""anti"", ""white"", ""gov"", ""program""]"
8565314_gab,train,the only way you lose the white card is if you become muslim or buddhist or some shit like that,"[""the"", ""only"", ""way"", ""you"", ""lose"", ""the"", ""white"", ""card"", ""is"", ""if"", ""you"", ""become"", ""muslim"", ""or"", ""buddhist"", ""or"", ""some"", ""shit"", ""like"", ""that""]",offensive,Caucasian,"[0, 0, 0, 0, 0, 0, 0, 0, 0, 1, 1, 0, 0, 0, 0, 0, 0, 0, 0, 0]","[""if"", ""you""]",202,20,2,True,offensive,"[0, 0, 0, 0, 0, 0, 0, 0, 0, 1, 1, 0, 0, 0, 0, 0, 0, 0, 0, 0]","[""if"", ""you""]"
8817274_gab,train,on fox now retard chris coons d de is saying he wants an investigation into whether sessions violated his recusal regarding russia martha maccallum was too dim witted to say anything she literally just lets him say anything he wants like a retard,"[""on"", ""fox"", ""now"", ""retard"", ""chris"", ""coons"", ""d"", ""de"", ""is"", ""saying"", ""he"", ""wants"", ""an"", ""investigation"", ""into"", ""whether"", ""sessions"", ""violated"", ""his"", ""recusal"", ""regarding"", ""russia"", ""martha"", ""maccallum"", ""was"", ""too"", ""dim"", ""witted"", ""to"", ""say"", ""anything"", ""she"", ""literally"", ""just"", ""lets"", ""him"", ""say"", ""anything"", ""he"", ""wants"", ""like"", ""a"", ""retard""]",offensive,Caucasian,"[0, 0, 0, 1, 0, 0, 0, 0, 0, 0, 0, 0, 0, 0, 0, 0, 0, 0, 0, 0, 0, 0, 0, 0, 0, 0, 0, 0, 0, 0, 0, 0, 0, 0, 0, 0, 0, 0, 0, 0, 0, 0, 1]","[""retard"", ""retard""]",223,43,2,True,offensive,"[0, 0, 0, 0, 0, 0, 0, 0, 0, 0, 0, 0, 0, 0, 0, 0, 0, 0, 0, 0, 0, 0, 0, 0, 0, 0, 0, 0, 0, 0, 0, 0, 0, 0, 0, 0, 0, 0, 0, 0, 0, 0, 1]","[""retard""]"
8950708_gab,train,odd you do not see white people burning down their own neighborhoods because bill cosby wasn t found guilty but you do see his lawyer and reps on tv acting all ghetto even though they were victorious ghetto rats,"[""odd"", ""you"", ""do"", ""not"", ""see"", ""white"", ""people"", ""burning"", ""down"", ""their"", ""own"", ""neighborhoods"", ""because"", ""bill"", ""cosby"", ""wasn"", ""t"", ""found"", ""guilty"", ""but"", ""you"", ""do"", ""see"", ""his"", ""lawyer"", ""and"", ""reps"", ""on"", ""tv"", ""acting"", ""all"", ""ghetto"", ""even"", ""though"", ""they"", ""were"", ""victorious"", ""ghetto"", ""rats""]",hatespeech,Caucasian,"[0, 0, 0, 0, 0, 0, 0, 0, 0, 0, 0, 0, 0, 0, 0, 0, 0, 0, 0, 0, 0, 0, 0, 0, 0, 0, 0, 0, 0, 0, 0, 1, 0, 0, 0, 0, 1, 1, 1]","[""ghetto"", ""victorious"", ""ghetto"", ""rats""]",199,39,4,True,offensive,"[0, 0, 0, 0, 0, 0, 0, 0, 0, 0, 0, 0, 0, 0, 0, 0, 0, 0, 0, 0, 0, 0, 0, 0, 0, 0, 0, 0, 0, 0, 0, 1, 0, 0, 0, 0, 1, 1, 1]","[""ghetto"", ""victorious"", ""ghetto"", ""rats""]"
8966174_gab,train,there is a negative attitude towards whites to many nonwhites we are parasitic and cannot be trusted we uphold institutionalized racism and embrace white privilege these same people find our neighborhoods and our schools to be the most desirable this only creates a hostile environment for us,"[""there"", ""is"", ""a"", ""negative"", ""attitude"", ""towards"", ""whites"", ""to"", ""many"", ""nonwhites"", ""we"", ""are"", ""parasitic"", ""and"", ""cannot"", ""be"", ""trusted"", ""we"", ""uphold"", ""institutionalized"", ""racism"", ""and"", ""embrace"", ""white"", ""privilege"", ""these"", ""same"", ""people"", ""find"", ""our"", ""neighborhoods"", ""and"", ""our"", ""schools"", ""to"", ""be"", ""the"", ""most"", ""desirable"", ""this"", ""only"", ""creates"", ""a"", ""hostile"", ""environment"", ""for"", ""us""]",offensive,Caucasian,"[0, 0, 0, 0, 0, 0, 0, 1, 1, 1, 1, 1, 1, 1, 1, 1, 1, 1, 1, 1, 1, 0, 0, 0, 0, 0, 0, 0, 0, 0, 0, 0, 0, 0, 0, 0, 0, 0, 0, 1, 1, 1, 1, 1, 1, 1, 1]","[""to"", ""many"", ""nonwhites"", ""we"", ""are"", ""parasitic"", ""and"", ""cannot"", ""be"", ""trusted"", ""we"", ""uphold"", ""institutionalized"", ""racism"", ""this"", ""only"", ""creates"", ""a"", ""hostile"", ""environment"", ""for"", ""us""]",222,47,22,True,offensive,"[0, 0, 0, 0, 0, 0, 0, 1, 1, 1, 1, 1, 1, 1, 1, 1, 1, 1, 1, 1, 1, 0, 0, 0, 0, 0, 0, 0, 0, 0, 0, 0, 0, 0, 0, 0, 0, 0, 0, 1, 1, 1, 1, 1, 1, 1, 1]","[""to"", ""many"", ""nonwhites"", ""we"", ""are"", ""parasitic"", ""and"", ""cannot"", ""be"", ""trusted"", ""we"", ""uphold"", ""institutionalized"", ""racism"", ""this"", ""only"", ""creates"", ""a"", ""hostile"", ""environment"", ""for"", ""us""]"
8966174_gab,train,there is a negative attitude towards whites to many nonwhites we are parasitic and cannot be trusted we uphold institutionalized racism and embrace white privilege these same people find our neighborhoods and our schools to be the most desirable this only creates a hostile environment for us,"[""there"", ""is"", ""a"", ""negative"", ""attitude"", ""towards"", ""whites"", ""to"", ""many"", ""nonwhites"", ""we"", ""are"", ""parasitic"", ""and"", ""cannot"", ""be"", ""trusted"", ""we"", ""uphold"", ""institutionalized"", ""racism"", ""and"", ""embrace"", ""white"", ""privilege"", ""these"", ""same"", ""people"", ""find"", ""our"", ""neighborhoods"", ""and"", ""our"", ""schools"", ""to"", ""be"", ""the"", ""most"", ""desirable"", ""this"", ""only"", ""creates"", ""a"", ""hostile"", ""environment"", ""for"", ""us""]",offensive,Caucasian,"[0, 0, 0, 0, 0, 0, 0, 1, 1, 1, 1, 1, 1, 1, 1, 1, 1, 1, 1, 1, 1, 1, 1, 1, 1, 1, 1, 1, 1, 1, 1, 1, 1, 1, 1, 1, 1, 1, 1, 1, 1, 1, 1, 1, 1, 1, 1]","[""to"", ""many"", ""nonwhites"", ""we"", ""are"", ""parasitic"", ""and"", ""cannot"", ""be"", ""trusted"", ""we"", ""uphold"", ""institutionalized"", ""racism"", ""and"", ""embrace"", ""white"", ""privilege"", ""these"", ""same"", ""people"", ""find"", ""our"", ""neighborhoods"", ""and"", ""our"", ""schools"", ""to"", ""be"", ""the"", ""most"", ""desirable"", ""this"", ""only"", ""creates"", ""a"", ""hostile"", ""environment"", ""for"", ""us""]",199,47,40,True,offensive,"[0, 0, 0, 0, 0, 0, 0, 1, 1, 1, 1, 1, 1, 1, 1, 1, 1, 1, 1, 1, 1, 0, 0, 0, 0, 0, 0, 0, 0, 0, 0, 0, 0, 0, 0, 0, 0, 0, 0, 1, 1, 1, 1, 1, 1, 1, 1]","[""to"", ""many"", ""nonwhites"", ""we"", ""are"", ""parasitic"", ""and"", ""cannot"", ""be"", ""trusted"", ""we"", ""uphold"", ""institutionalized"", ""racism"", ""this"", ""only"", ""creates"", ""a"", ""hostile"", ""environment"", ""for"", ""us""]"
9029452_gab,train,we should kill a white person every day until the grenfell residents are housed in mansions huffington post blogs,"[""we"", ""should"", ""kill"", ""a"", ""white"", ""person"", ""every"", ""day"", ""until"", ""the"", ""grenfell"", ""residents"", ""are"", ""housed"", ""in"", ""mansions"", ""huffington"", ""post"", ""blogs""]",offensive,Caucasian,"[0, 0, 1, 1, 1, 1, 1, 1, 0, 0, 0, 0, 0, 0, 0, 0, 0, 0, 0]","[""kill"", ""a"", ""white"", ""person"", ""every"", ""day""]",222,19,6,True,hatespeech,"[0, 0, 1, 1, 1, 1, 1, 1, 0, 0, 0, 0, 0, 0, 0, 0, 0, 0, 0]","[""kill"", ""a"", ""white"", ""person"", ""every"", ""day""]"
9029452_gab,train,we should kill a white person every day until the grenfell residents are housed in mansions huffington post blogs,"[""we"", ""should"", ""kill"", ""a"", ""white"", ""person"", ""every"", ""day"", ""until"", ""the"", ""grenfell"", ""residents"", ""are"", ""housed"", ""in"", ""mansions"", ""huffington"", ""post"", ""blogs""]",hatespeech,Caucasian,"[1, 1, 1, 1, 1, 1, 1, 1, 1, 1, 1, 1, 1, 1, 1, 1, 0, 0, 0]","[""we"", ""should"", ""kill"", ""a"", ""white"", ""person"", ""every"", ""day"", ""until"", ""the"", ""grenfell"", ""residents"", ""are"", ""housed"", ""in"", ""mansions""]",217,19,16,True,hatespeech,"[0, 0, 1, 1, 1, 1, 1, 1, 0, 0, 0, 0, 0, 0, 0, 0, 0, 0, 0]","[""kill"", ""a"", ""white"", ""person"", ""every"", ""day""]"
9072261_gab,train,it keeps normies distracted by a media propaganda wall of a far right and neo nazi threat the does not exist and cloaks the rabid islamic and corporate fascism being installed,"[""it"", ""keeps"", ""normies"", ""distracted"", ""by"", ""a"", ""media"", ""propaganda"", ""wall"", ""of"", ""a"", ""far"", ""right"", ""and"", ""neo"", ""nazi"", ""threat"", ""the"", ""does"", ""not"", ""exist"", ""and"", ""cloaks"", ""the"", ""rabid"", ""islamic"", ""and"", ""corporate"", ""fascism"", ""being"", ""installed""]",offensive,Caucasian,"[0, 0, 0, 0, 0, 0, 0, 0, 0, 0, 0, 0, 0, 0, 0, 0, 0, 0, 0, 0, 0, 0, 1, 1, 1, 1, 1, 1, 1, 1, 1]","[""cloaks"", ""the"", ""rabid"", ""islamic"", ""and"", ""corporate"", ""fascism"", ""being"", ""installed""]",199,31,9,True,offensive,"[0, 0, 0, 0, 0, 0, 0, 0, 0, 0, 0, 0, 0, 0, 0, 0, 0, 0, 0, 0, 0, 0, 1, 1, 1, 1, 1, 1, 1, 0, 0]","[""cloaks"", ""the"", ""rabid"", ""islamic"", ""and"", ""corporate"", ""fascism""]"
9079941_gab,train,i think the guy is a bit too optimistic shame though that whites can not be refugees only low life goatfuckers can claim asylum for no reason,"[""i"", ""think"", ""the"", ""guy"", ""is"", ""a"", ""bit"", ""too"", ""optimistic"", ""shame"", ""though"", ""that"", ""whites"", ""can"", ""not"", ""be"", ""refugees"", ""only"", ""low"", ""life"", ""goatfuckers"", ""can"", ""claim"", ""asylum"", ""for"", ""no"", ""reason""]",hatespeech,Caucasian,"[0, 0, 0, 0, 0, 0, 0, 0, 0, 0, 0, 0, 0, 0, 0, 0, 0, 0, 1, 1, 1, 1, 1, 1, 1, 1, 1]","[""low"", ""life"", ""goatfuckers"", ""can"", ""claim"", ""asylum"", ""for"", ""no"", ""reason""]",203,27,9,True,hatespeech,"[0, 0, 0, 0, 0, 0, 0, 0, 0, 0, 0, 0, 0, 0, 0, 0, 0, 0, 1, 1, 1, 1, 1, 1, 0, 0, 0]","[""low"", ""life"", ""goatfuckers"", ""can"", ""claim"", ""asylum""]"
9215358_gab,val,fastest growing by percentile not numbers asians doubling in numbers would still be <number> whites for every asian you are in a university environment so all those women white or not should be assumed to be ruined until proven otherwise i am not pro ricemixing but it not the main problem here,"[""fastest"", ""growing"", ""by"", ""percentile"", ""not"", ""numbers"", ""asians"", ""doubling"", ""in"", ""numbers"", ""would"", ""still"", ""be"", ""<number>"", ""whites"", ""for"", ""every"", ""asian"", ""you"", ""are"", ""in"", ""a"", ""university"", ""environment"", ""so"", ""all"", ""those"", ""women"", ""white"", ""or"", ""not"", ""should"", ""be"", ""assumed"", ""to"", ""be"", ""ruined"", ""until"", ""proven"", ""otherwise"", ""i"", ""am"", ""not"", ""pro"", ""ricemixing"", ""but"", ""it"", ""not"", ""the"", ""main"", ""problem"", ""here""]",offensive,Caucasian,"[0, 0, 0, 0, 0, 0, 0, 0, 0, 0, 0, 0, 0, 0, 0, 0, 0, 0, 0, 0, 0, 0, 0, 0, 0, 0, 0, 0, 0, 0, 0, 1, 1, 1, 1, 1, 1, 1, 1, 1, 0, 0, 0, 0, 0, 0, 0, 0, 0, 0, 0, 0]","[""should"", ""be"", ""assumed"", ""to"", ""be"", ""ruined"", ""until"", ""proven"", ""otherwise""]",203,52,9,True,offensive,"[0, 0, 0, 0, 0, 0, 0, 0, 0, 0, 0, 0, 0, 0, 0, 0, 0, 0, 0, 0, 0, 0, 0, 0, 0, 0, 0, 0, 0, 0, 0, 1, 1, 1, 1, 1, 1, 0, 0, 0, 0, 0, 0, 0, 0, 0, 0, 0, 0, 0, 0, 0]","[""should"", ""be"", ""assumed"", ""to"", ""be"", ""ruined""]"
9647358_gab,train,black men prefer big banging ghetto blasters white men favour a more classy sleek silver surround sound systems scousers are fond of nicked car radios i just can not help stereo typing people,"[""black"", ""men"", ""prefer"", ""big"", ""banging"", ""ghetto"", ""blasters"", ""white"", ""men"", ""favour"", ""a"", ""more"", ""classy"", ""sleek"", ""silver"", ""surround"", ""sound"", ""systems"", ""scousers"", ""are"", ""fond"", ""of"", ""nicked"", ""car"", ""radios"", ""i"", ""just"", ""can"", ""not"", ""help"", ""stereo"", ""typing"", ""people""]",offensive,Caucasian,"[1, 1, 1, 1, 1, 1, 1, 1, 1, 1, 1, 1, 1, 1, 1, 1, 1, 1, 1, 1, 1, 1, 1, 1, 1, 1, 1, 1, 1, 1, 1, 1, 1]","[""black"", ""men"", ""prefer"", ""big"", ""banging"", ""ghetto"", ""blasters"", ""white"", ""men"", ""favour"", ""a"", ""more"", ""classy"", ""sleek"", ""silver"", ""surround"", ""sound"", ""systems"", ""scousers"", ""are"", ""fond"", ""of"", ""nicked"", ""car"", ""radios"", ""i"", ""just"", ""can"", ""not"", ""help"", ""stereo"", ""typing"", ""people""]",221,33,33,True,offensive,"[1, 1, 1, 1, 1, 1, 1, 0, 0, 0, 0, 0, 0, 0, 0, 0, 0, 0, 1, 1, 1, 1, 1, 1, 1, 0, 0, 0, 0, 0, 0, 0, 0]","[""black"", ""men"", ""prefer"", ""big"", ""banging"", ""ghetto"", ""blasters"", ""scousers"", ""are"", ""fond"", ""of"", ""nicked"", ""car"", ""radios""]"
9647358_gab,train,black men prefer big banging ghetto blasters white men favour a more classy sleek silver surround sound systems scousers are fond of nicked car radios i just can not help stereo typing people,"[""black"", ""men"", ""prefer"", ""big"", ""banging"", ""ghetto"", ""blasters"", ""white"", ""men"", ""favour"", ""a"", ""more"", ""classy"", ""sleek"", ""silver"", ""surround"", ""sound"", ""systems"", ""scousers"", ""are"", ""fond"", ""of"", ""nicked"", ""car"", ""radios"", ""i"", ""just"", ""can"", ""not"", ""help"", ""stereo"", ""typing"", ""people""]",offensive,Caucasian,"[1, 1, 1, 1, 1, 1, 1, 0, 0, 0, 0, 0, 0, 0, 0, 0, 0, 0, 1, 1, 1, 1, 1, 1, 1, 0, 0, 0, 0, 0, 0, 0, 0]","[""black"", ""men"", ""prefer"", ""big"", ""banging"", ""ghetto"", ""blasters"", ""scousers"", ""are"", ""fond"", ""of"", ""nicked"", ""car"", ""radios""]",232,33,14,True,offensive,"[1, 1, 1, 1, 1, 1, 1, 0, 0, 0, 0, 0, 0, 0, 0, 0, 0, 0, 1, 1, 1, 1, 1, 1, 1, 0, 0, 0, 0, 0, 0, 0, 0]","[""black"", ""men"", ""prefer"", ""big"", ""banging"", ""ghetto"", ""blasters"", ""scousers"", ""are"", ""fond"", ""of"", ""nicked"", ""car"", ""radios""]"
9676115_gab,train,it so hard to be white yet so easy to be a black nigger,"[""it"", ""so"", ""hard"", ""to"", ""be"", ""white"", ""yet"", ""so"", ""easy"", ""to"", ""be"", ""a"", ""black"", ""nigger""]",hatespeech,Caucasian,"[1, 1, 1, 1, 1, 1, 1, 1, 1, 1, 1, 1, 1, 1]","[""it"", ""so"", ""hard"", ""to"", ""be"", ""white"", ""yet"", ""so"", ""easy"", ""to"", ""be"", ""a"", ""black"", ""nigger""]",199,14,14,True,hatespeech,"[0, 0, 1, 1, 1, 1, 1, 1, 1, 1, 1, 1, 1, 1]","[""hard"", ""to"", ""be"", ""white"", ""yet"", ""so"", ""easy"", ""to"", ""be"", ""a"", ""black"", ""nigger""]"
9837326_gab,train,so much anti white rhetoric is out of the mouths of caucasians will say it again if they preach abolition decimation of white race they can demonstrate their dedication to the notion by committing suicide purify their beloved globe by ridding it of their whiteness we will take it from there,"[""so"", ""much"", ""anti"", ""white"", ""rhetoric"", ""is"", ""out"", ""of"", ""the"", ""mouths"", ""of"", ""caucasians"", ""will"", ""say"", ""it"", ""again"", ""if"", ""they"", ""preach"", ""abolition"", ""decimation"", ""of"", ""white"", ""race"", ""they"", ""can"", ""demonstrate"", ""their"", ""dedication"", ""to"", ""the"", ""notion"", ""by"", ""committing"", ""suicide"", ""purify"", ""their"", ""beloved"", ""globe"", ""by"", ""ridding"", ""it"", ""of"", ""their"", ""whiteness"", ""we"", ""will"", ""take"", ""it"", ""from"", ""there""]",offensive,Caucasian,"[0, 0, 1, 1, 1, 0, 0, 0, 0, 1, 1, 1, 0, 0, 0, 0, 0, 0, 0, 0, 0, 0, 0, 0, 0, 0, 0, 0, 0, 0, 0, 0, 0, 0, 0, 0, 0, 0, 0, 0, 0, 0, 0, 0, 0, 0, 0, 0, 0, 0, 0]","[""anti"", ""white"", ""rhetoric"", ""mouths"", ""of"", ""caucasians""]",203,51,6,True,offensive,"[0, 0, 0, 0, 0, 0, 0, 0, 0, 0, 0, 0, 0, 0, 0, 0, 0, 0, 0, 0, 0, 0, 0, 0, 0, 0, 0, 0, 0, 0, 0, 0, 0, 0, 0, 0, 0, 0, 0, 0, 0, 0, 0, 0, 0, 0, 0, 0, 0, 0, 0]",[]
9837326_gab,train,so much anti white rhetoric is out of the mouths of caucasians will say it again if they preach abolition decimation of white race they can demonstrate their dedication to the notion by committing suicide purify their beloved globe by ridding it of their whiteness we will take it from there,"[""so"", ""much"", ""anti"", ""white"", ""rhetoric"", ""is"", ""out"", ""of"", ""the"", ""mouths"", ""of"", ""caucasians"", ""will"", ""say"", ""it"", ""again"", ""if"", ""they"", ""preach"", ""abolition"", ""decimation"", ""of"", ""white"", ""race"", ""they"", ""can"", ""demonstrate"", ""their"", ""dedication"", ""to"", ""the"", ""notion"", ""by"", ""committing"", ""suicide"", ""purify"", ""their"", ""beloved"", ""globe"", ""by"", ""ridding"", ""it"", ""of"", ""their"", ""whiteness"", ""we"", ""will"", ""take"", ""it"", ""from"", ""there""]",offensive,Caucasian,"[0, 0, 0, 0, 0, 0, 0, 0, 0, 0, 0, 0, 0, 0, 0, 0, 0, 0, 0, 0, 0, 0, 0, 0, 0, 0, 1, 1, 1, 1, 1, 1, 1, 1, 1, 0, 0, 0, 0, 0, 1, 1, 1, 1, 1, 0, 0, 0, 0, 0, 0]","[""demonstrate"", ""their"", ""dedication"", ""to"", ""the"", ""notion"", ""by"", ""committing"", ""suicide"", ""ridding"", ""it"", ""of"", ""their"", ""whiteness""]",221,51,14,True,offensive,"[0, 0, 0, 0, 0, 0, 0, 0, 0, 0, 0, 0, 0, 0, 0, 0, 0, 0, 0, 0, 0, 0, 0, 0, 0, 0, 0, 0, 0, 0, 0, 0, 0, 0, 0, 0, 0, 0, 0, 0, 0, 0, 0, 0, 0, 0, 0, 0, 0, 0, 0]",[]
9976594_gab,train,<number> out of <number> parole for oj in <date> how racist of those <number> white parole board members,"[""<number>"", ""out"", ""of"", ""<number>"", ""parole"", ""for"", ""oj"", ""in"", ""<date>"", ""how"", ""racist"", ""of"", ""those"", ""<number>"", ""white"", ""parole"", ""board"", ""members""]",offensive,Caucasian,"[0, 0, 0, 0, 0, 0, 0, 0, 0, 1, 1, 1, 1, 1, 1, 1, 1, 1]","[""how"", ""racist"", ""of"", ""those"", ""<number>"", ""white"", ""parole"", ""board"", ""members""]",220,18,9,True,offensive,"[0, 0, 0, 0, 0, 0, 0, 0, 0, 0, 0, 0, 0, 1, 1, 1, 1, 1]","[""<number>"", ""white"", ""parole"", ""board"", ""members""]"
